ISO-10303-21;
HEADER;
/* Generated by software containing ST-Developer
 * from STEP Tools, Inc. (www.steptools.com) 
 */

FILE_DESCRIPTION(
/* description */ ('FreeCAD Model'),
/* implementation_level */ '2;1');

FILE_NAME(
/* name */ '',
/* time_stamp */ '2025-07-02T23:10:24-07:00',
/* author */ (''),
/* organization */ (''),
/* preprocessor_version */ 'ST-DEVELOPER v20.1',
/* originating_system */ 'Autodesk Translation Framework v14.10.0.0',
/* authorisation */ '');

FILE_SCHEMA (('AUTOMOTIVE_DESIGN { 1 0 10303 214 3 1 1 }'));
ENDSEC;

DATA;
#10=MECHANICAL_DESIGN_GEOMETRIC_PRESENTATION_REPRESENTATION('',(#91,#92,
#93),#11146);
#11=SHAPE_REPRESENTATION_RELATIONSHIP('SRR','None',#11153,#12);
#12=ADVANCED_BREP_SHAPE_REPRESENTATION('',(#94,#95,#96),#11145);
#13=ELLIPSE('',#6698,2.8284271247462,2.);
#14=ELLIPSE('',#6701,2.8284271247462,2.);
#15=B_SPLINE_SURFACE_WITH_KNOTS('',3,1,((#9450,#9451),(#9452,#9453),(#9454,
#9455),(#9456,#9457)),.UNSPECIFIED.,.F.,.F.,.F.,(4,4),(2,2),(1.36427319990413,
2.07989228158055),(0.,0.0800000000000001),.UNSPECIFIED.);
#16=B_SPLINE_SURFACE_WITH_KNOTS('',3,1,((#9463,#9464),(#9465,#9466),(#9467,
#9468),(#9469,#9470),(#9471,#9472),(#9473,#9474),(#9475,#9476),(#9477,#9478),
(#9479,#9480),(#9481,#9482),(#9483,#9484),(#9485,#9486)),.UNSPECIFIED.,
 .F.,.F.,.F.,(4,2,2,2,2,4),(2,2),(0.,0.227260765071655,0.399944300768779,
0.589967150531994,0.693721528166611,0.799651905042433),(0.,0.0800000000000001),
 .UNSPECIFIED.);
#17=B_SPLINE_SURFACE_WITH_KNOTS('',3,1,((#9506,#9507),(#9508,#9509),(#9510,
#9511),(#9512,#9513)),.UNSPECIFIED.,.F.,.F.,.F.,(4,4),(2,2),(0.,0.0474644612693007),
(0.,0.0800000000000001),.UNSPECIFIED.);
#18=B_SPLINE_SURFACE_WITH_KNOTS('',3,1,((#9616,#9617),(#9618,#9619),(#9620,
#9621),(#9622,#9623),(#9624,#9625),(#9626,#9627)),.UNSPECIFIED.,.F.,.F.,
 .F.,(4,2,4),(2,2),(-0.695515666549175,-0.384750890698497,-2.54054444148721E-10),
(-0.900200218634243,0.899999914911495),.UNSPECIFIED.);
#19=B_SPLINE_SURFACE_WITH_KNOTS('',3,1,((#9632,#9633),(#9634,#9635),(#9636,
#9637),(#9638,#9639),(#9640,#9641),(#9642,#9643),(#9644,#9645),(#9646,#9647)),
 .UNSPECIFIED.,.F.,.F.,.F.,(4,2,2,4),(2,2),(-1.9033943593607,-1.28849013737878,
-0.612411362921285,0.),(-0.900129128509007,0.899999914911495),
 .UNSPECIFIED.);
#20=B_SPLINE_SURFACE_WITH_KNOTS('',3,1,((#9649,#9650),(#9651,#9652),(#9653,
#9654),(#9655,#9656),(#9657,#9658),(#9659,#9660),(#9661,#9662),(#9663,#9664),
(#9665,#9666),(#9667,#9668),(#9669,#9670),(#9671,#9672),(#9673,#9674),(#9675,
#9676),(#9677,#9678),(#9679,#9680),(#9681,#9682),(#9683,#9684),(#9685,#9686),
(#9687,#9688),(#9689,#9690),(#9691,#9692)),.UNSPECIFIED.,.F.,.F.,.F.,(4,
2,2,2,2,2,2,2,2,2,4),(2,2),(-0.689809968417957,-0.540960860819405,-0.392604671823256,
-0.28834276287191,-0.211961439256619,-0.164945788029273,-0.136471114728899,
-0.11443966711377,-0.0908489248961512,-0.0570538748271438,0.),(-0.900025821178537,
0.899999914911495),.UNSPECIFIED.);
#21=B_SPLINE_SURFACE_WITH_KNOTS('',3,1,((#9694,#9695),(#9696,#9697),(#9698,
#9699),(#9700,#9701),(#9702,#9703),(#9704,#9705),(#9706,#9707),(#9708,#9709),
(#9710,#9711),(#9712,#9713),(#9714,#9715),(#9716,#9717)),.UNSPECIFIED.,
 .F.,.F.,.F.,(4,2,2,2,2,4),(2,2),(-6.33374225892968,-5.57742955743248,-4.88653311767643,
-3.53868203539298,-1.73059915554429,0.),(-0.900301364048673,0.899999914911495),
 .UNSPECIFIED.);
#22=B_SPLINE_SURFACE_WITH_KNOTS('',3,1,((#9718,#9719),(#9720,#9721),(#9722,
#9723),(#9724,#9725),(#9726,#9727),(#9728,#9729)),.UNSPECIFIED.,.F.,.F.,
 .F.,(4,2,4),(2,2),(-0.854695799283537,-0.485816425702886,0.),(-0.900017141532892,
0.899999914911495),.UNSPECIFIED.);
#23=B_SPLINE_SURFACE_WITH_KNOTS('',3,1,((#9731,#9732),(#9733,#9734),(#9735,
#9736),(#9737,#9738),(#9739,#9740),(#9741,#9742)),.UNSPECIFIED.,.F.,.F.,
 .F.,(4,2,4),(2,2),(-0.120830498999601,-0.0620604431199317,-0.000565752700283272),
(-0.900000096844889,0.899999914911495),.UNSPECIFIED.);
#24=B_SPLINE_SURFACE_WITH_KNOTS('',3,1,((#9749,#9750),(#9751,#9752),(#9753,
#9754),(#9755,#9756),(#9757,#9758),(#9759,#9760),(#9761,#9762),(#9763,#9764),
(#9765,#9766),(#9767,#9768),(#9769,#9770),(#9771,#9772)),.UNSPECIFIED.,
 .F.,.F.,.F.,(4,2,2,2,2,4),(2,2),(-0.799651905211714,-0.69372152830128,
-0.589967150632912,-0.39994430080844,-0.227260765083938,0.),(-0.900132352368151,
0.899999914911495),.UNSPECIFIED.);
#25=B_SPLINE_SURFACE_WITH_KNOTS('',3,1,((#9801,#9802),(#9803,#9804),(#9805,
#9806),(#9807,#9808),(#9809,#9810),(#9811,#9812),(#9813,#9814),(#9815,#9816),
(#9817,#9818),(#9819,#9820),(#9821,#9822),(#9823,#9824)),.UNSPECIFIED.,
 .F.,.F.,.F.,(4,2,2,2,2,4),(2,2),(-2.40830240686012,-2.21961804602021,-2.02401527900896,
-1.64129287771453,-0.916764031713008,0.),(-0.900689666996862,0.899999914911495),
 .UNSPECIFIED.);
#26=B_SPLINE_SURFACE_WITH_KNOTS('',3,1,((#9839,#9840),(#9841,#9842),(#9843,
#9844),(#9845,#9846),(#9847,#9848),(#9849,#9850)),.UNSPECIFIED.,.F.,.F.,
 .F.,(4,2,4),(2,2),(-0.995127551629508,-0.52237081974856,-1.0721244286023E-5),
(-0.900041745690379,0.899999914911495),.UNSPECIFIED.);
#27=B_SPLINE_SURFACE_WITH_KNOTS('',3,1,((#9863,#9864),(#9865,#9866),(#9867,
#9868),(#9869,#9870),(#9871,#9872),(#9873,#9874)),.UNSPECIFIED.,.F.,.F.,
 .F.,(4,2,4),(2,2),(0.,0.293668872189306,0.538101461397911),(0.,0.08),
 .UNSPECIFIED.);
#28=B_SPLINE_SURFACE_WITH_KNOTS('',3,1,((#9883,#9884),(#9885,#9886),(#9887,
#9888),(#9889,#9890),(#9891,#9892),(#9893,#9894),(#9895,#9896),(#9897,#9898),
(#9899,#9900),(#9901,#9902),(#9903,#9904),(#9905,#9906)),.UNSPECIFIED.,
 .F.,.F.,.F.,(4,2,2,2,2,4),(2,2),(0.,0.120805536429586,0.234645980998162,
0.347565018667694,0.448723557863546,0.564997171745361),(0.,0.08),
 .UNSPECIFIED.);
#29=B_SPLINE_SURFACE_WITH_KNOTS('',3,1,((#9919,#9920),(#9921,#9922),(#9923,
#9924),(#9925,#9926)),.UNSPECIFIED.,.F.,.F.,.F.,(4,4),(2,2),(2.83427108090512,
2.87005618462934),(0.,0.08),.UNSPECIFIED.);
#30=FACE_BOUND('',#738,.T.);
#31=FACE_BOUND('',#761,.T.);
#32=FACE_BOUND('',#770,.T.);
#33=FACE_BOUND('',#868,.T.);
#34=FACE_BOUND('',#873,.T.);
#35=FACE_BOUND('',#878,.T.);
#36=FACE_BOUND('',#885,.T.);
#37=FACE_BOUND('',#888,.T.);
#38=FACE_BOUND('',#933,.T.);
#39=FACE_BOUND('',#935,.T.);
#40=CONICAL_SURFACE('',#6653,2.16999986088204,0.280563477220352);
#41=CONICAL_SURFACE('',#6656,2.16999986088204,0.280563477220352);
#42=CONICAL_SURFACE('',#6687,2.16999986088204,0.280563477220352);
#43=CONICAL_SURFACE('',#6689,2.16999986088204,0.280563477220352);
#44=CONICAL_SURFACE('',#6813,2.29999972176407,0.280563477220352);
#45=CONICAL_SURFACE('',#6817,2.29999972176407,0.280563477220352);
#46=CONICAL_SURFACE('',#6827,2.29999972176407,0.280563477220352);
#47=CONICAL_SURFACE('',#6831,2.29999972176407,0.280563477220352);
#48=(
BOUNDED_SURFACE()
B_SPLINE_SURFACE(5,1,((#9324,#9325),(#9326,#9327),(#9328,#9329),(#9330,
#9331),(#9332,#9333),(#9334,#9335),(#9336,#9337),(#9338,#9339),(#9340,#9341),
(#9342,#9343),(#9344,#9345),(#9346,#9347),(#9348,#9349),(#9350,#9351),(#9352,
#9353)),.UNSPECIFIED.,.F.,.F.,.F.)
B_SPLINE_SURFACE_WITH_KNOTS((6,1,1,1,1,1,1,1,1,1,6),(2,2),(0.,0.1,0.2,0.3,
0.4,0.5,0.6,0.7,0.8,0.9,1.),(0.,1.79999995745575),.UNSPECIFIED.)
GEOMETRIC_REPRESENTATION_ITEM()
RATIONAL_B_SPLINE_SURFACE(((1.,1.),(1.,1.),(1.,1.),(1.,1.),(1.,1.),(1.,
1.),(1.,1.),(1.,1.),(1.,1.),(1.,1.),(1.,1.),(1.,1.),(1.,1.),(1.,1.),(1.,
1.)))
REPRESENTATION_ITEM('')
SURFACE()
);
#49=(
BOUNDED_CURVE()
B_SPLINE_CURVE(5,(#9232,#9233,#9234,#9235,#9236,#9237,#9238,#9239,#9240,
#9241,#9242,#9243,#9244,#9245,#9246),.UNSPECIFIED.,.F.,.F.)
B_SPLINE_CURVE_WITH_KNOTS((6,1,1,1,1,1,1,1,1,1,6),(0.,0.1,0.2,0.3,0.4,0.5,
0.6,0.7,0.8,0.9,1.),.UNSPECIFIED.)
CURVE()
GEOMETRIC_REPRESENTATION_ITEM()
RATIONAL_B_SPLINE_CURVE((1.,1.,1.,1.,1.,1.,1.,1.,1.,1.,1.,1.,1.,1.,1.))
REPRESENTATION_ITEM('')
);
#50=(
BOUNDED_CURVE()
B_SPLINE_CURVE(5,(#9357,#9358,#9359,#9360,#9361,#9362,#9363,#9364,#9365,
#9366,#9367,#9368,#9369,#9370,#9371),.UNSPECIFIED.,.F.,.F.)
B_SPLINE_CURVE_WITH_KNOTS((6,1,1,1,1,1,1,1,1,1,6),(-1.,-0.9,-0.8,-0.7,-0.6,
-0.5,-0.4,-0.3,-0.2,-0.1,0.),.UNSPECIFIED.)
CURVE()
GEOMETRIC_REPRESENTATION_ITEM()
RATIONAL_B_SPLINE_CURVE((1.,1.,1.,1.,1.,1.,1.,1.,1.,1.,1.,1.,1.,1.,1.))
REPRESENTATION_ITEM('')
);
#51=B_SPLINE_CURVE_WITH_KNOTS('',3,(#9215,#9216,#9217,#9218),
 .UNSPECIFIED.,.F.,.F.,(4,4),(-0.538101461397911,-0.293668872189306),
 .UNSPECIFIED.);
#52=B_SPLINE_CURVE_WITH_KNOTS('',3,(#9220,#9221,#9222,#9223),
 .UNSPECIFIED.,.F.,.F.,(4,4),(-0.293668872189306,-0.122087337691751),
 .UNSPECIFIED.);
#53=B_SPLINE_CURVE_WITH_KNOTS('',3,(#9225,#9226,#9227,#9228,#9229,#9230),
 .UNSPECIFIED.,.F.,.F.,(4,2,4),(-0.854684930167303,-0.485816425702886,0.),
 .UNSPECIFIED.);
#54=B_SPLINE_CURVE_WITH_KNOTS('',3,(#9248,#9249,#9250,#9251,#9252,#9253,
#9254,#9255,#9256,#9257,#9258,#9259),.UNSPECIFIED.,.F.,.F.,(4,2,2,2,2,4),
(-6.33374225892968,-5.57742955743248,-4.88653311767643,-3.53868203539298,
-1.73059915554429,0.),.UNSPECIFIED.);
#55=B_SPLINE_CURVE_WITH_KNOTS('',3,(#9261,#9262,#9263,#9264,#9265,#9266,
#9267,#9268,#9269,#9270,#9271,#9272,#9273,#9274,#9275,#9276,#9277,#9278,
#9279,#9280,#9281,#9282),.UNSPECIFIED.,.F.,.F.,(4,2,2,2,2,2,2,2,2,2,4),
(-0.689809968417957,-0.540960860819405,-0.392604671823256,-0.28834276287191,
-0.211961439256619,-0.164945788029273,-0.136471114728899,-0.11443966711377,
-0.0908489248961512,-0.0570538748271438,0.),.UNSPECIFIED.);
#56=B_SPLINE_CURVE_WITH_KNOTS('',3,(#9284,#9285,#9286,#9287,#9288,#9289,
#9290,#9291),.UNSPECIFIED.,.F.,.F.,(4,2,2,4),(-1.9033943593607,-1.28849013737878,
-0.612411362921285,0.),.UNSPECIFIED.);
#57=B_SPLINE_CURVE_WITH_KNOTS('',3,(#9295,#9296,#9297,#9298,#9299,#9300),
 .UNSPECIFIED.,.F.,.F.,(4,2,4),(-0.695515666549175,-0.384750890698497,-2.54054444148721E-10),
 .UNSPECIFIED.);
#58=B_SPLINE_CURVE_WITH_KNOTS('',3,(#9302,#9303,#9304,#9305,#9306,#9307),
 .UNSPECIFIED.,.F.,.F.,(4,2,4),(-0.995127551629508,-0.52237081974856,-1.0721244286023E-5),
 .UNSPECIFIED.);
#59=B_SPLINE_CURVE_WITH_KNOTS('',3,(#9308,#9309,#9310,#9311,#9312,#9313,
#9314,#9315,#9316,#9317,#9318,#9319,#9320,#9321,#9322,#9323),
 .UNSPECIFIED.,.F.,.F.,(4,3,3,3,3,4),(-2.40830240685543,-2.2196180460159,
-2.02401527900502,-1.64129287771134,-0.916764031711225,-0.0475436932363165),
 .UNSPECIFIED.);
#60=B_SPLINE_CURVE_WITH_KNOTS('',3,(#9376,#9377,#9378,#9379),
 .UNSPECIFIED.,.F.,.F.,(4,4),(0.,0.227260765083938),.UNSPECIFIED.);
#61=B_SPLINE_CURVE_WITH_KNOTS('',3,(#9380,#9381,#9382,#9383),
 .UNSPECIFIED.,.F.,.F.,(4,4),(-0.227260765071655,0.),.UNSPECIFIED.);
#62=B_SPLINE_CURVE_WITH_KNOTS('',3,(#9416,#9417,#9418,#9419),
 .UNSPECIFIED.,.F.,.F.,(4,4),(1.36427319990413,2.07989228158055),
 .UNSPECIFIED.);
#63=B_SPLINE_CURVE_WITH_KNOTS('',3,(#9421,#9422,#9423,#9424,#9425,#9426,
#9427,#9428,#9429,#9430,#9431,#9432),.UNSPECIFIED.,.F.,.F.,(4,2,2,2,2,4),
(0.,0.227260765071655,0.399944300768779,0.589967150531994,0.693721528166611,
0.799651905042433),.UNSPECIFIED.);
#64=B_SPLINE_CURVE_WITH_KNOTS('',3,(#9435,#9436,#9437,#9438),
 .UNSPECIFIED.,.F.,.F.,(4,4),(0.,0.0474644612693007),.UNSPECIFIED.);
#65=B_SPLINE_CURVE_WITH_KNOTS('',3,(#9446,#9447,#9448,#9449),
 .UNSPECIFIED.,.F.,.F.,(4,4),(0.0474644609081617,0.0475436932358849),
 .UNSPECIFIED.);
#66=B_SPLINE_CURVE_WITH_KNOTS('',3,(#9458,#9459,#9460,#9461),
 .UNSPECIFIED.,.F.,.F.,(4,4),(-2.07989228158055,-1.36427319990413),
 .UNSPECIFIED.);
#67=B_SPLINE_CURVE_WITH_KNOTS('',3,(#9489,#9490,#9491,#9492,#9493,#9494,
#9495),.UNSPECIFIED.,.F.,.F.,(4,3,4),(0.58996715063295,0.693721528301376,
0.799651905211714),.UNSPECIFIED.);
#68=B_SPLINE_CURVE_WITH_KNOTS('',3,(#9498,#9499,#9500,#9501),
 .UNSPECIFIED.,.F.,.F.,(4,4),(-0.399944300768779,-0.227260765071655),
 .UNSPECIFIED.);
#69=B_SPLINE_CURVE_WITH_KNOTS('',3,(#9502,#9503,#9504,#9505),
 .UNSPECIFIED.,.F.,.F.,(4,4),(-0.589967150531994,-0.399944300768779),
 .UNSPECIFIED.);
#70=B_SPLINE_CURVE_WITH_KNOTS('',3,(#9515,#9516,#9517,#9518),
 .UNSPECIFIED.,.F.,.F.,(4,4),(0.,0.0474644609081617),.UNSPECIFIED.);
#71=B_SPLINE_CURVE_WITH_KNOTS('',3,(#9521,#9522,#9523,#9524),
 .UNSPECIFIED.,.F.,.F.,(4,4),(0.227260765083938,0.39994430080844),
 .UNSPECIFIED.);
#72=B_SPLINE_CURVE_WITH_KNOTS('',3,(#9527,#9528,#9529,#9530,#9531,#9532),
 .UNSPECIFIED.,.F.,.F.,(4,2,4),(0.,0.485816425702886,0.854695799283537),
 .UNSPECIFIED.);
#73=B_SPLINE_CURVE_WITH_KNOTS('',3,(#9533,#9534,#9535,#9536,#9537,#9538),
 .UNSPECIFIED.,.F.,.F.,(4,2,4),(0.000565752700283272,0.0620604431199317,
0.120830498999601),.UNSPECIFIED.);
#74=B_SPLINE_CURVE_WITH_KNOTS('',3,(#9540,#9541,#9542,#9543,#9544,#9545,
#9546,#9547,#9548,#9549,#9550,#9551,#9552,#9553,#9554,#9555),
 .UNSPECIFIED.,.F.,.F.,(4,3,3,3,3,4),(0.0475436932358849,0.916764031714732,
1.6412928777177,2.02401527901288,2.21961804602452,2.40830240686012),
 .UNSPECIFIED.);
#75=B_SPLINE_CURVE_WITH_KNOTS('',3,(#9557,#9558,#9559,#9560,#9561,#9562),
 .UNSPECIFIED.,.F.,.F.,(4,2,4),(1.0721244286023E-5,0.52237081974856,0.995127551629508),
 .UNSPECIFIED.);
#76=B_SPLINE_CURVE_WITH_KNOTS('',3,(#9564,#9565,#9566,#9567,#9568,#9569),
 .UNSPECIFIED.,.F.,.F.,(4,2,4),(2.54054444148721E-10,0.384750890698497,
0.695515666549175),.UNSPECIFIED.);
#77=B_SPLINE_CURVE_WITH_KNOTS('',3,(#9573,#9574,#9575,#9576,#9577,#9578,
#9579,#9580),.UNSPECIFIED.,.F.,.F.,(4,2,2,4),(0.,0.612411362921285,1.28849013737878,
1.9033943593607),.UNSPECIFIED.);
#78=B_SPLINE_CURVE_WITH_KNOTS('',3,(#9582,#9583,#9584,#9585,#9586,#9587,
#9588,#9589,#9590,#9591,#9592,#9593,#9594,#9595,#9596,#9597,#9598,#9599,
#9600,#9601,#9602,#9603),.UNSPECIFIED.,.F.,.F.,(4,2,2,2,2,2,2,2,2,2,4),
(0.,0.0570538748271438,0.0908489248961512,0.11443966711377,0.136471114728899,
0.164945788029273,0.211961439256619,0.28834276287191,0.392604671823256,
0.540960860819405,0.689809968417957),.UNSPECIFIED.);
#79=B_SPLINE_CURVE_WITH_KNOTS('',3,(#9604,#9605,#9606,#9607,#9608,#9609,
#9610,#9611,#9612,#9613,#9614,#9615),.UNSPECIFIED.,.F.,.F.,(4,2,2,2,2,4),
(0.,1.73059915554429,3.53868203539298,4.88653311767643,5.57742955743248,
6.33374225892968),.UNSPECIFIED.);
#80=B_SPLINE_CURVE_WITH_KNOTS('',3,(#9744,#9745,#9746,#9747),
 .UNSPECIFIED.,.F.,.F.,(4,4),(-0.122087337691752,0.),.UNSPECIFIED.);
#81=B_SPLINE_CURVE_WITH_KNOTS('',3,(#9774,#9775,#9776,#9777),
 .UNSPECIFIED.,.F.,.F.,(4,4),(-0.564997171745361,-0.448723557863546),
 .UNSPECIFIED.);
#82=B_SPLINE_CURVE_WITH_KNOTS('',3,(#9779,#9780,#9781,#9782),
 .UNSPECIFIED.,.F.,.F.,(4,4),(-0.448723557863546,-0.347565018667694),
 .UNSPECIFIED.);
#83=B_SPLINE_CURVE_WITH_KNOTS('',3,(#9784,#9785,#9786,#9787,#9788,#9789),
 .UNSPECIFIED.,.F.,.F.,(4,2,4),(-0.429723016883577,-0.39994430080844,-0.264325065924109),
 .UNSPECIFIED.);
#84=B_SPLINE_CURVE_WITH_KNOTS('',3,(#9791,#9792,#9793,#9794),
 .UNSPECIFIED.,.F.,.F.,(4,4),(-0.234645980998162,-0.120805536429586),
 .UNSPECIFIED.);
#85=B_SPLINE_CURVE_WITH_KNOTS('',3,(#9796,#9797,#9798,#9799),
 .UNSPECIFIED.,.F.,.F.,(4,4),(-0.120805536429586,0.),.UNSPECIFIED.);
#86=B_SPLINE_CURVE_WITH_KNOTS('',3,(#9828,#9829,#9830,#9831),
 .UNSPECIFIED.,.F.,.F.,(4,4),(-0.0474355841435499,0.),.UNSPECIFIED.);
#87=B_SPLINE_CURVE_WITH_KNOTS('',3,(#9832,#9833,#9834,#9835),
 .UNSPECIFIED.,.F.,.F.,(4,4),(-0.0475436932360339,-0.0474355841435499),
 .UNSPECIFIED.);
#88=B_SPLINE_CURVE_WITH_KNOTS('',3,(#9876,#9877,#9878,#9879,#9880,#9881),
 .UNSPECIFIED.,.F.,.F.,(4,2,4),(0.,0.293668872189306,0.538101461397911),
 .UNSPECIFIED.);
#89=B_SPLINE_CURVE_WITH_KNOTS('',3,(#9907,#9908,#9909,#9910,#9911,#9912,
#9913,#9914,#9915,#9916,#9917,#9918),.UNSPECIFIED.,.F.,.F.,(4,2,2,2,2,4),
(0.,0.120805536429586,0.234645980998162,0.347565018667694,0.448723557863546,
0.564997171745361),.UNSPECIFIED.);
#90=B_SPLINE_CURVE_WITH_KNOTS('',3,(#9927,#9928,#9929,#9930),
 .UNSPECIFIED.,.F.,.F.,(4,4),(2.83427108090512,2.87005618462934),
 .UNSPECIFIED.);
#91=STYLED_ITEM('',(#11163),#94);
#92=STYLED_ITEM('',(#11164),#95);
#93=STYLED_ITEM('',(#11165),#96);
#94=MANIFOLD_SOLID_BREP('\X2\5B9E4F53\X0\9',#6532);
#95=MANIFOLD_SOLID_BREP('\X2\5B9E4F53\X0\31',#6533);
#96=MANIFOLD_SOLID_BREP('\X2\5B9E4F53\X0\34',#6534);
#97=CIRCLE('',#6557,1.);
#98=CIRCLE('',#6558,1.);
#99=CIRCLE('',#6561,2.);
#100=CIRCLE('',#6562,2.);
#101=CIRCLE('',#6563,2.);
#102=CIRCLE('',#6564,2.);
#103=CIRCLE('',#6566,2.);
#104=CIRCLE('',#6569,2.);
#105=CIRCLE('',#6570,2.);
#106=CIRCLE('',#6571,2.);
#107=CIRCLE('',#6647,5.);
#108=CIRCLE('',#6648,4.49999999999995);
#109=CIRCLE('',#6651,2.43999972176407);
#110=CIRCLE('',#6652,2.43999972176407);
#111=CIRCLE('',#6654,1.9);
#112=CIRCLE('',#6655,1.9);
#113=CIRCLE('',#6657,1.9);
#114=CIRCLE('',#6658,1.9);
#115=CIRCLE('',#6660,1.9);
#116=CIRCLE('',#6663,1.9);
#117=CIRCLE('',#6665,4.99999999999985);
#118=CIRCLE('',#6666,4.99999999999985);
#119=CIRCLE('',#6668,4.99999999999985);
#120=CIRCLE('',#6671,4.49999999999995);
#121=CIRCLE('',#6674,5.);
#122=CIRCLE('',#6676,5.);
#123=CIRCLE('',#6678,1.9);
#124=CIRCLE('',#6680,1.9);
#125=CIRCLE('',#6681,1.9);
#126=CIRCLE('',#6683,1.9);
#127=CIRCLE('',#6685,1.9);
#128=CIRCLE('',#6686,1.9);
#129=CIRCLE('',#6688,2.43999972176407);
#130=CIRCLE('',#6690,2.43999972176407);
#131=CIRCLE('',#6694,5.);
#132=CIRCLE('',#6695,1.99999972176408);
#133=CIRCLE('',#6697,2.);
#134=CIRCLE('',#6699,2.);
#135=CIRCLE('',#6700,2.);
#136=CIRCLE('',#6702,2.);
#137=CIRCLE('',#6709,1.);
#138=CIRCLE('',#6710,1.);
#139=CIRCLE('',#6714,1.);
#140=CIRCLE('',#6715,1.);
#141=CIRCLE('',#6720,2.);
#142=CIRCLE('',#6721,2.);
#143=CIRCLE('',#6724,2.);
#144=CIRCLE('',#6725,2.);
#145=CIRCLE('',#6797,2.);
#146=CIRCLE('',#6798,2.);
#147=CIRCLE('',#6801,1.);
#148=CIRCLE('',#6802,1.);
#149=CIRCLE('',#6811,5.);
#150=CIRCLE('',#6812,1.99999972176408);
#151=CIRCLE('',#6814,2.59999972176407);
#152=CIRCLE('',#6816,2.59999972176407);
#153=CIRCLE('',#6818,1.99999972176407);
#154=CIRCLE('',#6820,5.);
#155=CIRCLE('',#6824,5.);
#156=CIRCLE('',#6826,1.99999972176407);
#157=CIRCLE('',#6828,2.59999972176407);
#158=CIRCLE('',#6830,2.59999972176407);
#159=CIRCLE('',#6835,16.782298975805);
#160=CIRCLE('',#6836,2.19116914711);
#161=CIRCLE('',#6837,1.640942022117);
#162=CIRCLE('',#6838,1.796211475371);
#163=CIRCLE('',#6839,0.985838451549);
#164=CIRCLE('',#6840,4.944807995468);
#165=CIRCLE('',#6841,1.);
#166=CIRCLE('',#6842,1.750110801324);
#167=CIRCLE('',#6843,1.);
#168=CIRCLE('',#6844,1.);
#169=CIRCLE('',#6845,3.802895924003);
#170=CIRCLE('',#6846,41.910293493629);
#171=CIRCLE('',#6847,1.);
#172=CIRCLE('',#6848,1.);
#173=CIRCLE('',#6849,44.263589446125);
#174=CIRCLE('',#6850,3.);
#175=CIRCLE('',#6851,3.);
#176=CIRCLE('',#6852,3.);
#177=CIRCLE('',#6853,3.);
#178=CIRCLE('',#6854,3.);
#179=CIRCLE('',#6855,3.);
#180=CIRCLE('',#6857,16.782298975805);
#181=CIRCLE('',#6859,44.263589446125);
#182=CIRCLE('',#6860,1.);
#183=CIRCLE('',#6861,1.);
#184=CIRCLE('',#6862,41.910293493629);
#185=CIRCLE('',#6863,3.802895924003);
#186=CIRCLE('',#6864,1.);
#187=CIRCLE('',#6865,1.);
#188=CIRCLE('',#6866,1.750110801324);
#189=CIRCLE('',#6867,1.);
#190=CIRCLE('',#6868,4.944807995468);
#191=CIRCLE('',#6869,0.985838451549);
#192=CIRCLE('',#6870,1.796211475371);
#193=CIRCLE('',#6871,1.640942022117);
#194=CIRCLE('',#6872,2.19116914711);
#195=CIRCLE('',#6873,3.);
#196=CIRCLE('',#6874,3.);
#197=CIRCLE('',#6875,3.);
#198=CIRCLE('',#6876,3.);
#199=CIRCLE('',#6877,3.);
#200=CIRCLE('',#6878,3.);
#201=CIRCLE('',#6923,16.782298975805);
#202=CIRCLE('',#6924,2.19116914711);
#203=CIRCLE('',#6925,1.640942022117);
#204=CIRCLE('',#6926,1.796211475371);
#205=CIRCLE('',#6927,0.985838451549);
#206=CIRCLE('',#6928,4.944807995468);
#207=CIRCLE('',#6929,1.);
#208=CIRCLE('',#6930,1.750110801324);
#209=CIRCLE('',#6931,1.);
#210=CIRCLE('',#6932,1.);
#211=CIRCLE('',#6933,3.802895924003);
#212=CIRCLE('',#6934,41.910293493629);
#213=CIRCLE('',#6935,1.);
#214=CIRCLE('',#6936,1.);
#215=CIRCLE('',#6937,44.263589446125);
#216=CIRCLE('',#6938,3.);
#217=CIRCLE('',#6939,3.);
#218=CIRCLE('',#6940,3.);
#219=CIRCLE('',#6941,3.);
#220=CIRCLE('',#6942,3.);
#221=CIRCLE('',#6943,3.);
#222=CIRCLE('',#6945,44.263589446125);
#223=CIRCLE('',#6946,1.);
#224=CIRCLE('',#6947,1.);
#225=CIRCLE('',#6948,41.910293493629);
#226=CIRCLE('',#6949,3.802895924003);
#227=CIRCLE('',#6950,1.);
#228=CIRCLE('',#6951,1.);
#229=CIRCLE('',#6952,1.750110801324);
#230=CIRCLE('',#6953,1.);
#231=CIRCLE('',#6954,4.944807995468);
#232=CIRCLE('',#6955,0.985838451549);
#233=CIRCLE('',#6956,1.796211475371);
#234=CIRCLE('',#6957,1.640942022117);
#235=CIRCLE('',#6958,2.19116914711);
#236=CIRCLE('',#6959,16.782298975805);
#237=CIRCLE('',#6960,3.);
#238=CIRCLE('',#6961,3.);
#239=CIRCLE('',#6962,3.);
#240=CIRCLE('',#6963,3.);
#241=CIRCLE('',#6964,3.);
#242=CIRCLE('',#6965,3.);
#243=CYLINDRICAL_SURFACE('',#6556,1.);
#244=CYLINDRICAL_SURFACE('',#6565,2.);
#245=CYLINDRICAL_SURFACE('',#6573,2.);
#246=CYLINDRICAL_SURFACE('',#6575,2.);
#247=CYLINDRICAL_SURFACE('',#6577,2.);
#248=CYLINDRICAL_SURFACE('',#6650,2.43999972176407);
#249=CYLINDRICAL_SURFACE('',#6659,1.9);
#250=CYLINDRICAL_SURFACE('',#6662,1.9);
#251=CYLINDRICAL_SURFACE('',#6667,4.99999999999985);
#252=CYLINDRICAL_SURFACE('',#6672,4.49999999999995);
#253=CYLINDRICAL_SURFACE('',#6673,5.);
#254=CYLINDRICAL_SURFACE('',#6675,5.);
#255=CYLINDRICAL_SURFACE('',#6679,1.9);
#256=CYLINDRICAL_SURFACE('',#6684,1.9);
#257=CYLINDRICAL_SURFACE('',#6691,2.43999972176407);
#258=CYLINDRICAL_SURFACE('',#6696,2.);
#259=CYLINDRICAL_SURFACE('',#6708,1.);
#260=CYLINDRICAL_SURFACE('',#6713,1.);
#261=CYLINDRICAL_SURFACE('',#6719,2.);
#262=CYLINDRICAL_SURFACE('',#6723,2.);
#263=CYLINDRICAL_SURFACE('',#6796,2.);
#264=CYLINDRICAL_SURFACE('',#6800,1.);
#265=CYLINDRICAL_SURFACE('',#6815,2.59999972176407);
#266=CYLINDRICAL_SURFACE('',#6821,5.);
#267=CYLINDRICAL_SURFACE('',#6823,5.);
#268=CYLINDRICAL_SURFACE('',#6829,2.59999972176407);
#269=CYLINDRICAL_SURFACE('',#6856,16.782298975805);
#270=CYLINDRICAL_SURFACE('',#6882,3.);
#271=CYLINDRICAL_SURFACE('',#6883,3.);
#272=CYLINDRICAL_SURFACE('',#6886,3.);
#273=CYLINDRICAL_SURFACE('',#6887,3.);
#274=CYLINDRICAL_SURFACE('',#6890,3.);
#275=CYLINDRICAL_SURFACE('',#6891,3.);
#276=CYLINDRICAL_SURFACE('',#6894,1.);
#277=CYLINDRICAL_SURFACE('',#6895,44.263589446125);
#278=CYLINDRICAL_SURFACE('',#6898,2.19116914711);
#279=CYLINDRICAL_SURFACE('',#6900,1.640942022117);
#280=CYLINDRICAL_SURFACE('',#6902,1.796211475371);
#281=CYLINDRICAL_SURFACE('',#6904,0.985838451549);
#282=CYLINDRICAL_SURFACE('',#6907,4.944807995468);
#283=CYLINDRICAL_SURFACE('',#6910,1.);
#284=CYLINDRICAL_SURFACE('',#6912,1.750110801324);
#285=CYLINDRICAL_SURFACE('',#6914,1.);
#286=CYLINDRICAL_SURFACE('',#6916,1.);
#287=CYLINDRICAL_SURFACE('',#6918,3.802895924003);
#288=CYLINDRICAL_SURFACE('',#6919,41.910293493629);
#289=CYLINDRICAL_SURFACE('',#6920,1.);
#290=CYLINDRICAL_SURFACE('',#6966,1.);
#291=CYLINDRICAL_SURFACE('',#6967,41.910293493629);
#292=CYLINDRICAL_SURFACE('',#6968,3.802895924003);
#293=CYLINDRICAL_SURFACE('',#6970,1.);
#294=CYLINDRICAL_SURFACE('',#6972,1.);
#295=CYLINDRICAL_SURFACE('',#6974,1.750110801324);
#296=CYLINDRICAL_SURFACE('',#6976,1.);
#297=CYLINDRICAL_SURFACE('',#6979,4.944807995468);
#298=CYLINDRICAL_SURFACE('',#6982,0.985838451549);
#299=CYLINDRICAL_SURFACE('',#6984,1.796211475371);
#300=CYLINDRICAL_SURFACE('',#6986,1.640942022117);
#301=CYLINDRICAL_SURFACE('',#6988,2.19116914711);
#302=CYLINDRICAL_SURFACE('',#6990,16.782298975805);
#303=CYLINDRICAL_SURFACE('',#6991,44.263589446125);
#304=CYLINDRICAL_SURFACE('',#6992,1.);
#305=CYLINDRICAL_SURFACE('',#6995,3.);
#306=CYLINDRICAL_SURFACE('',#6996,3.);
#307=CYLINDRICAL_SURFACE('',#6999,3.);
#308=CYLINDRICAL_SURFACE('',#7000,3.);
#309=CYLINDRICAL_SURFACE('',#7003,3.);
#310=CYLINDRICAL_SURFACE('',#7004,3.);
#311=FACE_OUTER_BOUND('',#640,.T.);
#312=FACE_OUTER_BOUND('',#641,.T.);
#313=FACE_OUTER_BOUND('',#642,.T.);
#314=FACE_OUTER_BOUND('',#643,.T.);
#315=FACE_OUTER_BOUND('',#644,.T.);
#316=FACE_OUTER_BOUND('',#645,.T.);
#317=FACE_OUTER_BOUND('',#646,.T.);
#318=FACE_OUTER_BOUND('',#647,.T.);
#319=FACE_OUTER_BOUND('',#648,.T.);
#320=FACE_OUTER_BOUND('',#649,.T.);
#321=FACE_OUTER_BOUND('',#650,.T.);
#322=FACE_OUTER_BOUND('',#651,.T.);
#323=FACE_OUTER_BOUND('',#652,.T.);
#324=FACE_OUTER_BOUND('',#653,.T.);
#325=FACE_OUTER_BOUND('',#654,.T.);
#326=FACE_OUTER_BOUND('',#655,.T.);
#327=FACE_OUTER_BOUND('',#656,.T.);
#328=FACE_OUTER_BOUND('',#657,.T.);
#329=FACE_OUTER_BOUND('',#658,.T.);
#330=FACE_OUTER_BOUND('',#659,.T.);
#331=FACE_OUTER_BOUND('',#660,.T.);
#332=FACE_OUTER_BOUND('',#661,.T.);
#333=FACE_OUTER_BOUND('',#662,.T.);
#334=FACE_OUTER_BOUND('',#663,.T.);
#335=FACE_OUTER_BOUND('',#664,.T.);
#336=FACE_OUTER_BOUND('',#665,.T.);
#337=FACE_OUTER_BOUND('',#666,.T.);
#338=FACE_OUTER_BOUND('',#667,.T.);
#339=FACE_OUTER_BOUND('',#668,.T.);
#340=FACE_OUTER_BOUND('',#669,.T.);
#341=FACE_OUTER_BOUND('',#670,.T.);
#342=FACE_OUTER_BOUND('',#671,.T.);
#343=FACE_OUTER_BOUND('',#672,.T.);
#344=FACE_OUTER_BOUND('',#673,.T.);
#345=FACE_OUTER_BOUND('',#674,.T.);
#346=FACE_OUTER_BOUND('',#675,.T.);
#347=FACE_OUTER_BOUND('',#676,.T.);
#348=FACE_OUTER_BOUND('',#677,.T.);
#349=FACE_OUTER_BOUND('',#678,.T.);
#350=FACE_OUTER_BOUND('',#679,.T.);
#351=FACE_OUTER_BOUND('',#680,.T.);
#352=FACE_OUTER_BOUND('',#681,.T.);
#353=FACE_OUTER_BOUND('',#682,.T.);
#354=FACE_OUTER_BOUND('',#683,.T.);
#355=FACE_OUTER_BOUND('',#684,.T.);
#356=FACE_OUTER_BOUND('',#685,.T.);
#357=FACE_OUTER_BOUND('',#686,.T.);
#358=FACE_OUTER_BOUND('',#687,.T.);
#359=FACE_OUTER_BOUND('',#688,.T.);
#360=FACE_OUTER_BOUND('',#689,.T.);
#361=FACE_OUTER_BOUND('',#690,.T.);
#362=FACE_OUTER_BOUND('',#691,.T.);
#363=FACE_OUTER_BOUND('',#692,.T.);
#364=FACE_OUTER_BOUND('',#693,.T.);
#365=FACE_OUTER_BOUND('',#694,.T.);
#366=FACE_OUTER_BOUND('',#695,.T.);
#367=FACE_OUTER_BOUND('',#696,.T.);
#368=FACE_OUTER_BOUND('',#697,.T.);
#369=FACE_OUTER_BOUND('',#698,.T.);
#370=FACE_OUTER_BOUND('',#699,.T.);
#371=FACE_OUTER_BOUND('',#700,.T.);
#372=FACE_OUTER_BOUND('',#701,.T.);
#373=FACE_OUTER_BOUND('',#702,.T.);
#374=FACE_OUTER_BOUND('',#703,.T.);
#375=FACE_OUTER_BOUND('',#704,.T.);
#376=FACE_OUTER_BOUND('',#705,.T.);
#377=FACE_OUTER_BOUND('',#706,.T.);
#378=FACE_OUTER_BOUND('',#707,.T.);
#379=FACE_OUTER_BOUND('',#708,.T.);
#380=FACE_OUTER_BOUND('',#709,.T.);
#381=FACE_OUTER_BOUND('',#710,.T.);
#382=FACE_OUTER_BOUND('',#711,.T.);
#383=FACE_OUTER_BOUND('',#712,.T.);
#384=FACE_OUTER_BOUND('',#713,.T.);
#385=FACE_OUTER_BOUND('',#714,.T.);
#386=FACE_OUTER_BOUND('',#715,.T.);
#387=FACE_OUTER_BOUND('',#716,.T.);
#388=FACE_OUTER_BOUND('',#717,.T.);
#389=FACE_OUTER_BOUND('',#718,.T.);
#390=FACE_OUTER_BOUND('',#719,.T.);
#391=FACE_OUTER_BOUND('',#720,.T.);
#392=FACE_OUTER_BOUND('',#721,.T.);
#393=FACE_OUTER_BOUND('',#722,.T.);
#394=FACE_OUTER_BOUND('',#723,.T.);
#395=FACE_OUTER_BOUND('',#724,.T.);
#396=FACE_OUTER_BOUND('',#725,.T.);
#397=FACE_OUTER_BOUND('',#726,.T.);
#398=FACE_OUTER_BOUND('',#727,.T.);
#399=FACE_OUTER_BOUND('',#728,.T.);
#400=FACE_OUTER_BOUND('',#729,.T.);
#401=FACE_OUTER_BOUND('',#730,.T.);
#402=FACE_OUTER_BOUND('',#731,.T.);
#403=FACE_OUTER_BOUND('',#732,.T.);
#404=FACE_OUTER_BOUND('',#733,.T.);
#405=FACE_OUTER_BOUND('',#734,.T.);
#406=FACE_OUTER_BOUND('',#735,.T.);
#407=FACE_OUTER_BOUND('',#736,.T.);
#408=FACE_OUTER_BOUND('',#737,.T.);
#409=FACE_OUTER_BOUND('',#739,.T.);
#410=FACE_OUTER_BOUND('',#740,.T.);
#411=FACE_OUTER_BOUND('',#741,.T.);
#412=FACE_OUTER_BOUND('',#742,.T.);
#413=FACE_OUTER_BOUND('',#743,.T.);
#414=FACE_OUTER_BOUND('',#744,.T.);
#415=FACE_OUTER_BOUND('',#745,.T.);
#416=FACE_OUTER_BOUND('',#746,.T.);
#417=FACE_OUTER_BOUND('',#747,.T.);
#418=FACE_OUTER_BOUND('',#748,.T.);
#419=FACE_OUTER_BOUND('',#749,.T.);
#420=FACE_OUTER_BOUND('',#750,.T.);
#421=FACE_OUTER_BOUND('',#751,.T.);
#422=FACE_OUTER_BOUND('',#752,.T.);
#423=FACE_OUTER_BOUND('',#753,.T.);
#424=FACE_OUTER_BOUND('',#754,.T.);
#425=FACE_OUTER_BOUND('',#755,.T.);
#426=FACE_OUTER_BOUND('',#756,.T.);
#427=FACE_OUTER_BOUND('',#757,.T.);
#428=FACE_OUTER_BOUND('',#758,.T.);
#429=FACE_OUTER_BOUND('',#759,.T.);
#430=FACE_OUTER_BOUND('',#760,.T.);
#431=FACE_OUTER_BOUND('',#762,.T.);
#432=FACE_OUTER_BOUND('',#763,.T.);
#433=FACE_OUTER_BOUND('',#764,.T.);
#434=FACE_OUTER_BOUND('',#765,.T.);
#435=FACE_OUTER_BOUND('',#766,.T.);
#436=FACE_OUTER_BOUND('',#767,.T.);
#437=FACE_OUTER_BOUND('',#768,.T.);
#438=FACE_OUTER_BOUND('',#769,.T.);
#439=FACE_OUTER_BOUND('',#771,.T.);
#440=FACE_OUTER_BOUND('',#772,.T.);
#441=FACE_OUTER_BOUND('',#773,.T.);
#442=FACE_OUTER_BOUND('',#774,.T.);
#443=FACE_OUTER_BOUND('',#775,.T.);
#444=FACE_OUTER_BOUND('',#776,.T.);
#445=FACE_OUTER_BOUND('',#777,.T.);
#446=FACE_OUTER_BOUND('',#778,.T.);
#447=FACE_OUTER_BOUND('',#779,.T.);
#448=FACE_OUTER_BOUND('',#780,.T.);
#449=FACE_OUTER_BOUND('',#781,.T.);
#450=FACE_OUTER_BOUND('',#782,.T.);
#451=FACE_OUTER_BOUND('',#783,.T.);
#452=FACE_OUTER_BOUND('',#784,.T.);
#453=FACE_OUTER_BOUND('',#785,.T.);
#454=FACE_OUTER_BOUND('',#786,.T.);
#455=FACE_OUTER_BOUND('',#787,.T.);
#456=FACE_OUTER_BOUND('',#788,.T.);
#457=FACE_OUTER_BOUND('',#789,.T.);
#458=FACE_OUTER_BOUND('',#790,.T.);
#459=FACE_OUTER_BOUND('',#791,.T.);
#460=FACE_OUTER_BOUND('',#792,.T.);
#461=FACE_OUTER_BOUND('',#793,.T.);
#462=FACE_OUTER_BOUND('',#794,.T.);
#463=FACE_OUTER_BOUND('',#795,.T.);
#464=FACE_OUTER_BOUND('',#796,.T.);
#465=FACE_OUTER_BOUND('',#797,.T.);
#466=FACE_OUTER_BOUND('',#798,.T.);
#467=FACE_OUTER_BOUND('',#799,.T.);
#468=FACE_OUTER_BOUND('',#800,.T.);
#469=FACE_OUTER_BOUND('',#801,.T.);
#470=FACE_OUTER_BOUND('',#802,.T.);
#471=FACE_OUTER_BOUND('',#803,.T.);
#472=FACE_OUTER_BOUND('',#804,.T.);
#473=FACE_OUTER_BOUND('',#805,.T.);
#474=FACE_OUTER_BOUND('',#806,.T.);
#475=FACE_OUTER_BOUND('',#807,.T.);
#476=FACE_OUTER_BOUND('',#808,.T.);
#477=FACE_OUTER_BOUND('',#809,.T.);
#478=FACE_OUTER_BOUND('',#810,.T.);
#479=FACE_OUTER_BOUND('',#811,.T.);
#480=FACE_OUTER_BOUND('',#812,.T.);
#481=FACE_OUTER_BOUND('',#813,.T.);
#482=FACE_OUTER_BOUND('',#814,.T.);
#483=FACE_OUTER_BOUND('',#815,.T.);
#484=FACE_OUTER_BOUND('',#816,.T.);
#485=FACE_OUTER_BOUND('',#817,.T.);
#486=FACE_OUTER_BOUND('',#818,.T.);
#487=FACE_OUTER_BOUND('',#819,.T.);
#488=FACE_OUTER_BOUND('',#820,.T.);
#489=FACE_OUTER_BOUND('',#821,.T.);
#490=FACE_OUTER_BOUND('',#822,.T.);
#491=FACE_OUTER_BOUND('',#823,.T.);
#492=FACE_OUTER_BOUND('',#824,.T.);
#493=FACE_OUTER_BOUND('',#825,.T.);
#494=FACE_OUTER_BOUND('',#826,.T.);
#495=FACE_OUTER_BOUND('',#827,.T.);
#496=FACE_OUTER_BOUND('',#828,.T.);
#497=FACE_OUTER_BOUND('',#829,.T.);
#498=FACE_OUTER_BOUND('',#830,.T.);
#499=FACE_OUTER_BOUND('',#831,.T.);
#500=FACE_OUTER_BOUND('',#832,.T.);
#501=FACE_OUTER_BOUND('',#833,.T.);
#502=FACE_OUTER_BOUND('',#834,.T.);
#503=FACE_OUTER_BOUND('',#835,.T.);
#504=FACE_OUTER_BOUND('',#836,.T.);
#505=FACE_OUTER_BOUND('',#837,.T.);
#506=FACE_OUTER_BOUND('',#838,.T.);
#507=FACE_OUTER_BOUND('',#839,.T.);
#508=FACE_OUTER_BOUND('',#840,.T.);
#509=FACE_OUTER_BOUND('',#841,.T.);
#510=FACE_OUTER_BOUND('',#842,.T.);
#511=FACE_OUTER_BOUND('',#843,.T.);
#512=FACE_OUTER_BOUND('',#844,.T.);
#513=FACE_OUTER_BOUND('',#845,.T.);
#514=FACE_OUTER_BOUND('',#846,.T.);
#515=FACE_OUTER_BOUND('',#847,.T.);
#516=FACE_OUTER_BOUND('',#848,.T.);
#517=FACE_OUTER_BOUND('',#849,.T.);
#518=FACE_OUTER_BOUND('',#850,.T.);
#519=FACE_OUTER_BOUND('',#851,.T.);
#520=FACE_OUTER_BOUND('',#852,.T.);
#521=FACE_OUTER_BOUND('',#853,.T.);
#522=FACE_OUTER_BOUND('',#854,.T.);
#523=FACE_OUTER_BOUND('',#855,.T.);
#524=FACE_OUTER_BOUND('',#856,.T.);
#525=FACE_OUTER_BOUND('',#857,.T.);
#526=FACE_OUTER_BOUND('',#858,.T.);
#527=FACE_OUTER_BOUND('',#859,.T.);
#528=FACE_OUTER_BOUND('',#860,.T.);
#529=FACE_OUTER_BOUND('',#861,.T.);
#530=FACE_OUTER_BOUND('',#862,.T.);
#531=FACE_OUTER_BOUND('',#863,.T.);
#532=FACE_OUTER_BOUND('',#864,.T.);
#533=FACE_OUTER_BOUND('',#865,.T.);
#534=FACE_OUTER_BOUND('',#866,.T.);
#535=FACE_OUTER_BOUND('',#867,.T.);
#536=FACE_OUTER_BOUND('',#869,.T.);
#537=FACE_OUTER_BOUND('',#870,.T.);
#538=FACE_OUTER_BOUND('',#871,.T.);
#539=FACE_OUTER_BOUND('',#872,.T.);
#540=FACE_OUTER_BOUND('',#874,.T.);
#541=FACE_OUTER_BOUND('',#875,.T.);
#542=FACE_OUTER_BOUND('',#876,.T.);
#543=FACE_OUTER_BOUND('',#877,.T.);
#544=FACE_OUTER_BOUND('',#879,.T.);
#545=FACE_OUTER_BOUND('',#880,.T.);
#546=FACE_OUTER_BOUND('',#881,.T.);
#547=FACE_OUTER_BOUND('',#882,.T.);
#548=FACE_OUTER_BOUND('',#883,.T.);
#549=FACE_OUTER_BOUND('',#884,.T.);
#550=FACE_OUTER_BOUND('',#886,.T.);
#551=FACE_OUTER_BOUND('',#887,.T.);
#552=FACE_OUTER_BOUND('',#889,.T.);
#553=FACE_OUTER_BOUND('',#890,.T.);
#554=FACE_OUTER_BOUND('',#891,.T.);
#555=FACE_OUTER_BOUND('',#892,.T.);
#556=FACE_OUTER_BOUND('',#893,.T.);
#557=FACE_OUTER_BOUND('',#894,.T.);
#558=FACE_OUTER_BOUND('',#895,.T.);
#559=FACE_OUTER_BOUND('',#896,.T.);
#560=FACE_OUTER_BOUND('',#897,.T.);
#561=FACE_OUTER_BOUND('',#898,.T.);
#562=FACE_OUTER_BOUND('',#899,.T.);
#563=FACE_OUTER_BOUND('',#900,.T.);
#564=FACE_OUTER_BOUND('',#901,.T.);
#565=FACE_OUTER_BOUND('',#902,.T.);
#566=FACE_OUTER_BOUND('',#903,.T.);
#567=FACE_OUTER_BOUND('',#904,.T.);
#568=FACE_OUTER_BOUND('',#905,.T.);
#569=FACE_OUTER_BOUND('',#906,.T.);
#570=FACE_OUTER_BOUND('',#907,.T.);
#571=FACE_OUTER_BOUND('',#908,.T.);
#572=FACE_OUTER_BOUND('',#909,.T.);
#573=FACE_OUTER_BOUND('',#910,.T.);
#574=FACE_OUTER_BOUND('',#911,.T.);
#575=FACE_OUTER_BOUND('',#912,.T.);
#576=FACE_OUTER_BOUND('',#913,.T.);
#577=FACE_OUTER_BOUND('',#914,.T.);
#578=FACE_OUTER_BOUND('',#915,.T.);
#579=FACE_OUTER_BOUND('',#916,.T.);
#580=FACE_OUTER_BOUND('',#917,.T.);
#581=FACE_OUTER_BOUND('',#918,.T.);
#582=FACE_OUTER_BOUND('',#919,.T.);
#583=FACE_OUTER_BOUND('',#920,.T.);
#584=FACE_OUTER_BOUND('',#921,.T.);
#585=FACE_OUTER_BOUND('',#922,.T.);
#586=FACE_OUTER_BOUND('',#923,.T.);
#587=FACE_OUTER_BOUND('',#924,.T.);
#588=FACE_OUTER_BOUND('',#925,.T.);
#589=FACE_OUTER_BOUND('',#926,.T.);
#590=FACE_OUTER_BOUND('',#927,.T.);
#591=FACE_OUTER_BOUND('',#928,.T.);
#592=FACE_OUTER_BOUND('',#929,.T.);
#593=FACE_OUTER_BOUND('',#930,.T.);
#594=FACE_OUTER_BOUND('',#931,.T.);
#595=FACE_OUTER_BOUND('',#932,.T.);
#596=FACE_OUTER_BOUND('',#934,.T.);
#597=FACE_OUTER_BOUND('',#936,.T.);
#598=FACE_OUTER_BOUND('',#937,.T.);
#599=FACE_OUTER_BOUND('',#938,.T.);
#600=FACE_OUTER_BOUND('',#939,.T.);
#601=FACE_OUTER_BOUND('',#940,.T.);
#602=FACE_OUTER_BOUND('',#941,.T.);
#603=FACE_OUTER_BOUND('',#942,.T.);
#604=FACE_OUTER_BOUND('',#943,.T.);
#605=FACE_OUTER_BOUND('',#944,.T.);
#606=FACE_OUTER_BOUND('',#945,.T.);
#607=FACE_OUTER_BOUND('',#946,.T.);
#608=FACE_OUTER_BOUND('',#947,.T.);
#609=FACE_OUTER_BOUND('',#948,.T.);
#610=FACE_OUTER_BOUND('',#949,.T.);
#611=FACE_OUTER_BOUND('',#950,.T.);
#612=FACE_OUTER_BOUND('',#951,.T.);
#613=FACE_OUTER_BOUND('',#952,.T.);
#614=FACE_OUTER_BOUND('',#953,.T.);
#615=FACE_OUTER_BOUND('',#954,.T.);
#616=FACE_OUTER_BOUND('',#955,.T.);
#617=FACE_OUTER_BOUND('',#956,.T.);
#618=FACE_OUTER_BOUND('',#957,.T.);
#619=FACE_OUTER_BOUND('',#958,.T.);
#620=FACE_OUTER_BOUND('',#959,.T.);
#621=FACE_OUTER_BOUND('',#960,.T.);
#622=FACE_OUTER_BOUND('',#961,.T.);
#623=FACE_OUTER_BOUND('',#962,.T.);
#624=FACE_OUTER_BOUND('',#963,.T.);
#625=FACE_OUTER_BOUND('',#964,.T.);
#626=FACE_OUTER_BOUND('',#965,.T.);
#627=FACE_OUTER_BOUND('',#966,.T.);
#628=FACE_OUTER_BOUND('',#967,.T.);
#629=FACE_OUTER_BOUND('',#968,.T.);
#630=FACE_OUTER_BOUND('',#969,.T.);
#631=FACE_OUTER_BOUND('',#970,.T.);
#632=FACE_OUTER_BOUND('',#971,.T.);
#633=FACE_OUTER_BOUND('',#972,.T.);
#634=FACE_OUTER_BOUND('',#973,.T.);
#635=FACE_OUTER_BOUND('',#974,.T.);
#636=FACE_OUTER_BOUND('',#975,.T.);
#637=FACE_OUTER_BOUND('',#976,.T.);
#638=FACE_OUTER_BOUND('',#977,.T.);
#639=FACE_OUTER_BOUND('',#978,.T.);
#640=EDGE_LOOP('',(#4070,#4071,#4072,#4073));
#641=EDGE_LOOP('',(#4074,#4075,#4076,#4077));
#642=EDGE_LOOP('',(#4078,#4079,#4080,#4081,#4082,#4083,#4084,#4085,#4086,
#4087,#4088,#4089,#4090,#4091,#4092,#4093,#4094,#4095,#4096,#4097,#4098,
#4099,#4100,#4101,#4102,#4103,#4104,#4105,#4106,#4107,#4108,#4109,#4110,
#4111,#4112,#4113,#4114,#4115,#4116,#4117,#4118,#4119,#4120,#4121,#4122,
#4123,#4124,#4125,#4126,#4127,#4128,#4129,#4130,#4131,#4132,#4133,#4134,
#4135,#4136,#4137,#4138,#4139,#4140,#4141,#4142,#4143,#4144,#4145,#4146,
#4147));
#643=EDGE_LOOP('',(#4148,#4149,#4150,#4151,#4152,#4153,#4154,#4155));
#644=EDGE_LOOP('',(#4156,#4157,#4158,#4159,#4160,#4161,#4162,#4163,#4164,
#4165,#4166,#4167,#4168,#4169,#4170,#4171,#4172,#4173,#4174,#4175,#4176,
#4177,#4178,#4179,#4180,#4181,#4182,#4183,#4184,#4185,#4186,#4187,#4188,
#4189,#4190,#4191,#4192,#4193,#4194,#4195,#4196,#4197,#4198,#4199,#4200,
#4201,#4202,#4203,#4204,#4205,#4206,#4207,#4208,#4209,#4210,#4211,#4212,
#4213,#4214,#4215,#4216,#4217,#4218,#4219,#4220,#4221,#4222,#4223,#4224,
#4225));
#645=EDGE_LOOP('',(#4226,#4227,#4228,#4229));
#646=EDGE_LOOP('',(#4230,#4231,#4232,#4233));
#647=EDGE_LOOP('',(#4234,#4235,#4236,#4237,#4238,#4239,#4240,#4241));
#648=EDGE_LOOP('',(#4242,#4243,#4244,#4245));
#649=EDGE_LOOP('',(#4246,#4247,#4248,#4249));
#650=EDGE_LOOP('',(#4250,#4251,#4252,#4253,#4254,#4255,#4256,#4257,#4258,
#4259,#4260,#4261));
#651=EDGE_LOOP('',(#4262,#4263,#4264,#4265));
#652=EDGE_LOOP('',(#4266,#4267,#4268,#4269));
#653=EDGE_LOOP('',(#4270,#4271,#4272,#4273,#4274,#4275,#4276,#4277,#4278,
#4279,#4280,#4281));
#654=EDGE_LOOP('',(#4282,#4283,#4284,#4285));
#655=EDGE_LOOP('',(#4286,#4287,#4288,#4289));
#656=EDGE_LOOP('',(#4290,#4291,#4292,#4293));
#657=EDGE_LOOP('',(#4294,#4295,#4296,#4297));
#658=EDGE_LOOP('',(#4298,#4299,#4300,#4301));
#659=EDGE_LOOP('',(#4302,#4303,#4304,#4305));
#660=EDGE_LOOP('',(#4306,#4307,#4308,#4309,#4310,#4311,#4312,#4313,#4314,
#4315,#4316,#4317));
#661=EDGE_LOOP('',(#4318,#4319,#4320,#4321));
#662=EDGE_LOOP('',(#4322,#4323,#4324,#4325));
#663=EDGE_LOOP('',(#4326,#4327,#4328,#4329));
#664=EDGE_LOOP('',(#4330,#4331,#4332,#4333));
#665=EDGE_LOOP('',(#4334,#4335,#4336,#4337));
#666=EDGE_LOOP('',(#4338,#4339,#4340,#4341));
#667=EDGE_LOOP('',(#4342,#4343,#4344,#4345));
#668=EDGE_LOOP('',(#4346,#4347,#4348,#4349));
#669=EDGE_LOOP('',(#4350,#4351,#4352,#4353));
#670=EDGE_LOOP('',(#4354,#4355,#4356,#4357));
#671=EDGE_LOOP('',(#4358,#4359,#4360,#4361));
#672=EDGE_LOOP('',(#4362,#4363,#4364,#4365));
#673=EDGE_LOOP('',(#4366,#4367,#4368,#4369));
#674=EDGE_LOOP('',(#4370,#4371,#4372,#4373));
#675=EDGE_LOOP('',(#4374,#4375,#4376,#4377));
#676=EDGE_LOOP('',(#4378,#4379,#4380,#4381));
#677=EDGE_LOOP('',(#4382,#4383,#4384,#4385));
#678=EDGE_LOOP('',(#4386,#4387,#4388,#4389));
#679=EDGE_LOOP('',(#4390,#4391,#4392,#4393));
#680=EDGE_LOOP('',(#4394,#4395,#4396,#4397));
#681=EDGE_LOOP('',(#4398,#4399,#4400,#4401));
#682=EDGE_LOOP('',(#4402,#4403,#4404,#4405));
#683=EDGE_LOOP('',(#4406,#4407,#4408,#4409));
#684=EDGE_LOOP('',(#4410,#4411,#4412,#4413));
#685=EDGE_LOOP('',(#4414,#4415,#4416,#4417));
#686=EDGE_LOOP('',(#4418,#4419,#4420,#4421));
#687=EDGE_LOOP('',(#4422,#4423,#4424,#4425));
#688=EDGE_LOOP('',(#4426,#4427,#4428,#4429));
#689=EDGE_LOOP('',(#4430,#4431,#4432,#4433));
#690=EDGE_LOOP('',(#4434,#4435,#4436,#4437));
#691=EDGE_LOOP('',(#4438,#4439,#4440,#4441));
#692=EDGE_LOOP('',(#4442,#4443,#4444,#4445));
#693=EDGE_LOOP('',(#4446,#4447,#4448,#4449));
#694=EDGE_LOOP('',(#4450,#4451,#4452,#4453));
#695=EDGE_LOOP('',(#4454,#4455,#4456,#4457));
#696=EDGE_LOOP('',(#4458,#4459,#4460,#4461));
#697=EDGE_LOOP('',(#4462,#4463,#4464,#4465));
#698=EDGE_LOOP('',(#4466,#4467,#4468,#4469));
#699=EDGE_LOOP('',(#4470,#4471,#4472,#4473));
#700=EDGE_LOOP('',(#4474,#4475,#4476,#4477));
#701=EDGE_LOOP('',(#4478,#4479,#4480,#4481));
#702=EDGE_LOOP('',(#4482,#4483,#4484,#4485));
#703=EDGE_LOOP('',(#4486,#4487,#4488,#4489));
#704=EDGE_LOOP('',(#4490,#4491,#4492,#4493));
#705=EDGE_LOOP('',(#4494,#4495,#4496,#4497));
#706=EDGE_LOOP('',(#4498,#4499,#4500,#4501));
#707=EDGE_LOOP('',(#4502,#4503,#4504,#4505));
#708=EDGE_LOOP('',(#4506,#4507,#4508,#4509));
#709=EDGE_LOOP('',(#4510,#4511,#4512,#4513));
#710=EDGE_LOOP('',(#4514,#4515,#4516,#4517));
#711=EDGE_LOOP('',(#4518,#4519,#4520,#4521));
#712=EDGE_LOOP('',(#4522,#4523,#4524,#4525));
#713=EDGE_LOOP('',(#4526,#4527,#4528,#4529));
#714=EDGE_LOOP('',(#4530,#4531,#4532,#4533));
#715=EDGE_LOOP('',(#4534,#4535,#4536,#4537));
#716=EDGE_LOOP('',(#4538,#4539,#4540,#4541));
#717=EDGE_LOOP('',(#4542,#4543,#4544,#4545));
#718=EDGE_LOOP('',(#4546,#4547,#4548,#4549));
#719=EDGE_LOOP('',(#4550,#4551,#4552,#4553));
#720=EDGE_LOOP('',(#4554,#4555,#4556,#4557));
#721=EDGE_LOOP('',(#4558,#4559,#4560,#4561));
#722=EDGE_LOOP('',(#4562,#4563,#4564,#4565));
#723=EDGE_LOOP('',(#4566,#4567,#4568,#4569));
#724=EDGE_LOOP('',(#4570,#4571,#4572,#4573));
#725=EDGE_LOOP('',(#4574,#4575,#4576,#4577));
#726=EDGE_LOOP('',(#4578,#4579,#4580,#4581));
#727=EDGE_LOOP('',(#4582,#4583,#4584,#4585));
#728=EDGE_LOOP('',(#4586,#4587,#4588,#4589,#4590,#4591,#4592,#4593,#4594,
#4595,#4596,#4597));
#729=EDGE_LOOP('',(#4598,#4599,#4600,#4601));
#730=EDGE_LOOP('',(#4602,#4603));
#731=EDGE_LOOP('',(#4604,#4605,#4606,#4607));
#732=EDGE_LOOP('',(#4608,#4609,#4610,#4611,#4612));
#733=EDGE_LOOP('',(#4613,#4614,#4615,#4616,#4617));
#734=EDGE_LOOP('',(#4618,#4619,#4620,#4621,#4622));
#735=EDGE_LOOP('',(#4623));
#736=EDGE_LOOP('',(#4624,#4625,#4626,#4627,#4628));
#737=EDGE_LOOP('',(#4629,#4630,#4631,#4632,#4633));
#738=EDGE_LOOP('',(#4634));
#739=EDGE_LOOP('',(#4635,#4636,#4637,#4638,#4639));
#740=EDGE_LOOP('',(#4640,#4641,#4642,#4643));
#741=EDGE_LOOP('',(#4644,#4645,#4646,#4647,#4648,#4649,#4650));
#742=EDGE_LOOP('',(#4651,#4652,#4653,#4654));
#743=EDGE_LOOP('',(#4655,#4656));
#744=EDGE_LOOP('',(#4657,#4658,#4659,#4660,#4661,#4662,#4663,#4664,#4665,
#4666,#4667,#4668));
#745=EDGE_LOOP('',(#4669,#4670,#4671,#4672));
#746=EDGE_LOOP('',(#4673,#4674,#4675,#4676));
#747=EDGE_LOOP('',(#4677,#4678,#4679,#4680));
#748=EDGE_LOOP('',(#4681,#4682,#4683,#4684));
#749=EDGE_LOOP('',(#4685,#4686,#4687,#4688));
#750=EDGE_LOOP('',(#4689,#4690,#4691,#4692));
#751=EDGE_LOOP('',(#4693,#4694,#4695,#4696));
#752=EDGE_LOOP('',(#4697,#4698,#4699,#4700,#4701,#4702,#4703,#4704,#4705,
#4706,#4707));
#753=EDGE_LOOP('',(#4708,#4709,#4710,#4711,#4712,#4713,#4714,#4715,#4716));
#754=EDGE_LOOP('',(#4717,#4718,#4719,#4720,#4721));
#755=EDGE_LOOP('',(#4722,#4723,#4724,#4725,#4726,#4727,#4728,#4729));
#756=EDGE_LOOP('',(#4730,#4731,#4732,#4733,#4734));
#757=EDGE_LOOP('',(#4735,#4736,#4737,#4738,#4739,#4740));
#758=EDGE_LOOP('',(#4741,#4742,#4743,#4744,#4745,#4746,#4747,#4748));
#759=EDGE_LOOP('',(#4749,#4750,#4751,#4752));
#760=EDGE_LOOP('',(#4753,#4754,#4755,#4756,#4757));
#761=EDGE_LOOP('',(#4758));
#762=EDGE_LOOP('',(#4759,#4760,#4761,#4762,#4763));
#763=EDGE_LOOP('',(#4764));
#764=EDGE_LOOP('',(#4765,#4766,#4767,#4768,#4769));
#765=EDGE_LOOP('',(#4770,#4771,#4772,#4773,#4774));
#766=EDGE_LOOP('',(#4775,#4776,#4777,#4778,#4779));
#767=EDGE_LOOP('',(#4780,#4781,#4782,#4783));
#768=EDGE_LOOP('',(#4784,#4785,#4786,#4787));
#769=EDGE_LOOP('',(#4788,#4789,#4790,#4791,#4792,#4793,#4794,#4795,#4796,
#4797,#4798,#4799,#4800,#4801,#4802,#4803,#4804,#4805,#4806,#4807,#4808,
#4809,#4810,#4811,#4812,#4813,#4814,#4815,#4816,#4817,#4818,#4819,#4820,
#4821,#4822,#4823,#4824,#4825,#4826,#4827,#4828,#4829,#4830,#4831,#4832,
#4833,#4834,#4835,#4836,#4837,#4838,#4839,#4840,#4841,#4842,#4843,#4844,
#4845,#4846,#4847,#4848,#4849,#4850,#4851,#4852,#4853,#4854,#4855,#4856,
#4857,#4858,#4859,#4860));
#770=EDGE_LOOP('',(#4861));
#771=EDGE_LOOP('',(#4862,#4863,#4864,#4865,#4866,#4867,#4868,#4869,#4870,
#4871,#4872,#4873,#4874,#4875));
#772=EDGE_LOOP('',(#4876,#4877,#4878,#4879,#4880,#4881));
#773=EDGE_LOOP('',(#4882,#4883,#4884,#4885,#4886,#4887));
#774=EDGE_LOOP('',(#4888,#4889,#4890,#4891));
#775=EDGE_LOOP('',(#4892,#4893,#4894,#4895));
#776=EDGE_LOOP('',(#4896,#4897,#4898,#4899));
#777=EDGE_LOOP('',(#4900,#4901,#4902,#4903));
#778=EDGE_LOOP('',(#4904,#4905,#4906,#4907));
#779=EDGE_LOOP('',(#4908,#4909,#4910,#4911));
#780=EDGE_LOOP('',(#4912,#4913,#4914,#4915));
#781=EDGE_LOOP('',(#4916,#4917,#4918,#4919));
#782=EDGE_LOOP('',(#4920,#4921,#4922,#4923));
#783=EDGE_LOOP('',(#4924,#4925,#4926,#4927,#4928,#4929));
#784=EDGE_LOOP('',(#4930,#4931,#4932,#4933));
#785=EDGE_LOOP('',(#4934,#4935,#4936,#4937));
#786=EDGE_LOOP('',(#4938,#4939,#4940,#4941));
#787=EDGE_LOOP('',(#4942,#4943,#4944,#4945));
#788=EDGE_LOOP('',(#4946,#4947,#4948,#4949));
#789=EDGE_LOOP('',(#4950,#4951,#4952,#4953));
#790=EDGE_LOOP('',(#4954,#4955,#4956,#4957));
#791=EDGE_LOOP('',(#4958,#4959,#4960,#4961));
#792=EDGE_LOOP('',(#4962,#4963,#4964,#4965));
#793=EDGE_LOOP('',(#4966,#4967,#4968,#4969));
#794=EDGE_LOOP('',(#4970,#4971,#4972,#4973));
#795=EDGE_LOOP('',(#4974,#4975,#4976,#4977));
#796=EDGE_LOOP('',(#4978,#4979,#4980,#4981));
#797=EDGE_LOOP('',(#4982,#4983,#4984,#4985));
#798=EDGE_LOOP('',(#4986,#4987,#4988,#4989));
#799=EDGE_LOOP('',(#4990,#4991,#4992,#4993));
#800=EDGE_LOOP('',(#4994,#4995,#4996,#4997));
#801=EDGE_LOOP('',(#4998,#4999,#5000,#5001));
#802=EDGE_LOOP('',(#5002,#5003,#5004,#5005));
#803=EDGE_LOOP('',(#5006,#5007,#5008,#5009));
#804=EDGE_LOOP('',(#5010,#5011,#5012,#5013));
#805=EDGE_LOOP('',(#5014,#5015,#5016,#5017));
#806=EDGE_LOOP('',(#5018,#5019,#5020,#5021));
#807=EDGE_LOOP('',(#5022,#5023,#5024,#5025));
#808=EDGE_LOOP('',(#5026,#5027,#5028,#5029));
#809=EDGE_LOOP('',(#5030,#5031,#5032,#5033));
#810=EDGE_LOOP('',(#5034,#5035,#5036,#5037));
#811=EDGE_LOOP('',(#5038,#5039,#5040,#5041));
#812=EDGE_LOOP('',(#5042,#5043,#5044,#5045));
#813=EDGE_LOOP('',(#5046,#5047,#5048,#5049));
#814=EDGE_LOOP('',(#5050,#5051,#5052,#5053));
#815=EDGE_LOOP('',(#5054,#5055,#5056,#5057));
#816=EDGE_LOOP('',(#5058,#5059,#5060,#5061));
#817=EDGE_LOOP('',(#5062,#5063,#5064,#5065));
#818=EDGE_LOOP('',(#5066,#5067,#5068,#5069));
#819=EDGE_LOOP('',(#5070,#5071,#5072,#5073));
#820=EDGE_LOOP('',(#5074,#5075,#5076,#5077));
#821=EDGE_LOOP('',(#5078,#5079,#5080,#5081));
#822=EDGE_LOOP('',(#5082,#5083,#5084,#5085));
#823=EDGE_LOOP('',(#5086,#5087,#5088,#5089));
#824=EDGE_LOOP('',(#5090,#5091,#5092,#5093));
#825=EDGE_LOOP('',(#5094,#5095,#5096,#5097));
#826=EDGE_LOOP('',(#5098,#5099,#5100,#5101));
#827=EDGE_LOOP('',(#5102,#5103,#5104,#5105));
#828=EDGE_LOOP('',(#5106,#5107,#5108,#5109));
#829=EDGE_LOOP('',(#5110,#5111,#5112,#5113));
#830=EDGE_LOOP('',(#5114,#5115,#5116,#5117));
#831=EDGE_LOOP('',(#5118,#5119,#5120,#5121));
#832=EDGE_LOOP('',(#5122,#5123,#5124,#5125));
#833=EDGE_LOOP('',(#5126,#5127,#5128,#5129));
#834=EDGE_LOOP('',(#5130,#5131,#5132,#5133));
#835=EDGE_LOOP('',(#5134,#5135,#5136,#5137));
#836=EDGE_LOOP('',(#5138,#5139,#5140,#5141));
#837=EDGE_LOOP('',(#5142,#5143,#5144,#5145));
#838=EDGE_LOOP('',(#5146,#5147,#5148,#5149));
#839=EDGE_LOOP('',(#5150,#5151,#5152,#5153));
#840=EDGE_LOOP('',(#5154,#5155,#5156,#5157));
#841=EDGE_LOOP('',(#5158,#5159,#5160,#5161));
#842=EDGE_LOOP('',(#5162,#5163,#5164,#5165));
#843=EDGE_LOOP('',(#5166,#5167,#5168,#5169));
#844=EDGE_LOOP('',(#5170,#5171,#5172,#5173));
#845=EDGE_LOOP('',(#5174,#5175,#5176,#5177));
#846=EDGE_LOOP('',(#5178,#5179,#5180,#5181));
#847=EDGE_LOOP('',(#5182,#5183,#5184,#5185));
#848=EDGE_LOOP('',(#5186,#5187,#5188,#5189));
#849=EDGE_LOOP('',(#5190,#5191,#5192,#5193));
#850=EDGE_LOOP('',(#5194,#5195,#5196,#5197));
#851=EDGE_LOOP('',(#5198,#5199,#5200,#5201));
#852=EDGE_LOOP('',(#5202,#5203,#5204,#5205));
#853=EDGE_LOOP('',(#5206,#5207,#5208,#5209));
#854=EDGE_LOOP('',(#5210,#5211,#5212,#5213));
#855=EDGE_LOOP('',(#5214,#5215,#5216,#5217));
#856=EDGE_LOOP('',(#5218,#5219,#5220,#5221));
#857=EDGE_LOOP('',(#5222,#5223,#5224,#5225));
#858=EDGE_LOOP('',(#5226,#5227,#5228,#5229));
#859=EDGE_LOOP('',(#5230,#5231,#5232,#5233));
#860=EDGE_LOOP('',(#5234,#5235,#5236,#5237));
#861=EDGE_LOOP('',(#5238,#5239,#5240,#5241));
#862=EDGE_LOOP('',(#5242,#5243,#5244,#5245,#5246));
#863=EDGE_LOOP('',(#5247,#5248,#5249,#5250,#5251));
#864=EDGE_LOOP('',(#5252,#5253,#5254,#5255));
#865=EDGE_LOOP('',(#5256,#5257,#5258,#5259));
#866=EDGE_LOOP('',(#5260,#5261,#5262,#5263,#5264,#5265));
#867=EDGE_LOOP('',(#5266,#5267,#5268,#5269,#5270,#5271,#5272,#5273,#5274,
#5275,#5276,#5277,#5278,#5279,#5280,#5281,#5282,#5283,#5284,#5285,#5286,
#5287,#5288,#5289,#5290,#5291,#5292,#5293,#5294,#5295,#5296,#5297,#5298,
#5299,#5300,#5301,#5302,#5303,#5304,#5305,#5306,#5307,#5308,#5309,#5310,
#5311,#5312,#5313,#5314,#5315,#5316,#5317,#5318,#5319,#5320,#5321,#5322,
#5323,#5324,#5325,#5326,#5327,#5328,#5329,#5330,#5331,#5332,#5333,#5334,
#5335,#5336,#5337,#5338));
#868=EDGE_LOOP('',(#5339));
#869=EDGE_LOOP('',(#5340,#5341,#5342,#5343));
#870=EDGE_LOOP('',(#5344,#5345,#5346,#5347));
#871=EDGE_LOOP('',(#5348,#5349,#5350,#5351));
#872=EDGE_LOOP('',(#5352,#5353,#5354,#5355));
#873=EDGE_LOOP('',(#5356));
#874=EDGE_LOOP('',(#5357,#5358,#5359,#5360));
#875=EDGE_LOOP('',(#5361,#5362,#5363,#5364,#5365,#5366));
#876=EDGE_LOOP('',(#5367,#5368,#5369,#5370));
#877=EDGE_LOOP('',(#5371,#5372,#5373,#5374));
#878=EDGE_LOOP('',(#5375));
#879=EDGE_LOOP('',(#5376,#5377,#5378,#5379));
#880=EDGE_LOOP('',(#5380,#5381,#5382,#5383));
#881=EDGE_LOOP('',(#5384,#5385,#5386,#5387));
#882=EDGE_LOOP('',(#5388,#5389,#5390,#5391,#5392,#5393,#5394,#5395,#5396,
#5397,#5398,#5399));
#883=EDGE_LOOP('',(#5400,#5401,#5402,#5403,#5404,#5405,#5406,#5407,#5408,
#5409,#5410,#5411,#5412,#5413,#5414));
#884=EDGE_LOOP('',(#5415,#5416,#5417,#5418,#5419,#5420,#5421,#5422,#5423,
#5424,#5425,#5426,#5427,#5428,#5429,#5430,#5431,#5432,#5433,#5434,#5435,
#5436,#5437,#5438,#5439,#5440,#5441,#5442,#5443,#5444,#5445,#5446,#5447));
#885=EDGE_LOOP('',(#5448,#5449,#5450,#5451,#5452,#5453,#5454,#5455,#5456,
#5457,#5458,#5459));
#886=EDGE_LOOP('',(#5460,#5461,#5462,#5463));
#887=EDGE_LOOP('',(#5464,#5465,#5466,#5467,#5468,#5469,#5470,#5471,#5472,
#5473,#5474,#5475,#5476,#5477,#5478,#5479,#5480,#5481,#5482,#5483,#5484,
#5485,#5486,#5487,#5488,#5489,#5490,#5491,#5492,#5493,#5494,#5495,#5496));
#888=EDGE_LOOP('',(#5497,#5498,#5499,#5500,#5501,#5502,#5503,#5504,#5505,
#5506,#5507,#5508));
#889=EDGE_LOOP('',(#5509,#5510,#5511,#5512,#5513,#5514));
#890=EDGE_LOOP('',(#5515,#5516,#5517,#5518,#5519,#5520,#5521,#5522,#5523,
#5524,#5525,#5526,#5527,#5528,#5529));
#891=EDGE_LOOP('',(#5530,#5531,#5532,#5533));
#892=EDGE_LOOP('',(#5534,#5535,#5536,#5537));
#893=EDGE_LOOP('',(#5538,#5539,#5540,#5541));
#894=EDGE_LOOP('',(#5542,#5543,#5544,#5545));
#895=EDGE_LOOP('',(#5546,#5547,#5548,#5549));
#896=EDGE_LOOP('',(#5550,#5551,#5552,#5553));
#897=EDGE_LOOP('',(#5554,#5555,#5556,#5557));
#898=EDGE_LOOP('',(#5558,#5559,#5560,#5561));
#899=EDGE_LOOP('',(#5562,#5563,#5564,#5565));
#900=EDGE_LOOP('',(#5566,#5567,#5568,#5569));
#901=EDGE_LOOP('',(#5570,#5571,#5572,#5573));
#902=EDGE_LOOP('',(#5574,#5575,#5576,#5577));
#903=EDGE_LOOP('',(#5578,#5579,#5580,#5581));
#904=EDGE_LOOP('',(#5582,#5583,#5584,#5585));
#905=EDGE_LOOP('',(#5586,#5587,#5588,#5589));
#906=EDGE_LOOP('',(#5590,#5591,#5592,#5593));
#907=EDGE_LOOP('',(#5594,#5595,#5596,#5597));
#908=EDGE_LOOP('',(#5598,#5599,#5600,#5601));
#909=EDGE_LOOP('',(#5602,#5603,#5604,#5605));
#910=EDGE_LOOP('',(#5606,#5607,#5608,#5609));
#911=EDGE_LOOP('',(#5610,#5611,#5612,#5613));
#912=EDGE_LOOP('',(#5614,#5615,#5616,#5617));
#913=EDGE_LOOP('',(#5618,#5619,#5620,#5621));
#914=EDGE_LOOP('',(#5622,#5623,#5624,#5625));
#915=EDGE_LOOP('',(#5626,#5627,#5628,#5629));
#916=EDGE_LOOP('',(#5630,#5631,#5632,#5633));
#917=EDGE_LOOP('',(#5634,#5635,#5636,#5637));
#918=EDGE_LOOP('',(#5638,#5639,#5640,#5641));
#919=EDGE_LOOP('',(#5642,#5643,#5644,#5645));
#920=EDGE_LOOP('',(#5646,#5647,#5648,#5649));
#921=EDGE_LOOP('',(#5650,#5651,#5652,#5653));
#922=EDGE_LOOP('',(#5654,#5655,#5656,#5657));
#923=EDGE_LOOP('',(#5658,#5659,#5660,#5661));
#924=EDGE_LOOP('',(#5662,#5663,#5664,#5665));
#925=EDGE_LOOP('',(#5666,#5667,#5668,#5669));
#926=EDGE_LOOP('',(#5670,#5671,#5672,#5673));
#927=EDGE_LOOP('',(#5674,#5675,#5676,#5677));
#928=EDGE_LOOP('',(#5678,#5679,#5680,#5681));
#929=EDGE_LOOP('',(#5682,#5683,#5684,#5685));
#930=EDGE_LOOP('',(#5686,#5687,#5688,#5689));
#931=EDGE_LOOP('',(#5690,#5691,#5692,#5693));
#932=EDGE_LOOP('',(#5694,#5695,#5696,#5697,#5698,#5699,#5700,#5701,#5702,
#5703,#5704,#5705,#5706,#5707,#5708,#5709,#5710,#5711,#5712,#5713,#5714,
#5715,#5716,#5717,#5718,#5719,#5720,#5721,#5722,#5723,#5724,#5725,#5726,
#5727,#5728));
#933=EDGE_LOOP('',(#5729,#5730,#5731,#5732,#5733,#5734,#5735,#5736,#5737,
#5738,#5739,#5740));
#934=EDGE_LOOP('',(#5741,#5742,#5743,#5744,#5745,#5746,#5747,#5748,#5749,
#5750,#5751,#5752,#5753,#5754,#5755,#5756,#5757,#5758,#5759,#5760,#5761,
#5762,#5763,#5764,#5765,#5766,#5767,#5768,#5769,#5770,#5771,#5772,#5773));
#935=EDGE_LOOP('',(#5774,#5775,#5776,#5777,#5778,#5779,#5780,#5781,#5782,
#5783,#5784,#5785));
#936=EDGE_LOOP('',(#5786,#5787,#5788,#5789));
#937=EDGE_LOOP('',(#5790,#5791,#5792,#5793));
#938=EDGE_LOOP('',(#5794,#5795,#5796,#5797));
#939=EDGE_LOOP('',(#5798,#5799,#5800,#5801));
#940=EDGE_LOOP('',(#5802,#5803,#5804,#5805));
#941=EDGE_LOOP('',(#5806,#5807,#5808,#5809));
#942=EDGE_LOOP('',(#5810,#5811,#5812,#5813));
#943=EDGE_LOOP('',(#5814,#5815,#5816,#5817));
#944=EDGE_LOOP('',(#5818,#5819,#5820,#5821));
#945=EDGE_LOOP('',(#5822,#5823,#5824,#5825));
#946=EDGE_LOOP('',(#5826,#5827,#5828,#5829));
#947=EDGE_LOOP('',(#5830,#5831,#5832,#5833));
#948=EDGE_LOOP('',(#5834,#5835,#5836,#5837));
#949=EDGE_LOOP('',(#5838,#5839,#5840,#5841));
#950=EDGE_LOOP('',(#5842,#5843,#5844,#5845));
#951=EDGE_LOOP('',(#5846,#5847,#5848,#5849));
#952=EDGE_LOOP('',(#5850,#5851,#5852,#5853));
#953=EDGE_LOOP('',(#5854,#5855,#5856,#5857));
#954=EDGE_LOOP('',(#5858,#5859,#5860,#5861));
#955=EDGE_LOOP('',(#5862,#5863,#5864,#5865));
#956=EDGE_LOOP('',(#5866,#5867,#5868,#5869));
#957=EDGE_LOOP('',(#5870,#5871,#5872,#5873));
#958=EDGE_LOOP('',(#5874,#5875,#5876,#5877));
#959=EDGE_LOOP('',(#5878,#5879,#5880,#5881));
#960=EDGE_LOOP('',(#5882,#5883,#5884,#5885));
#961=EDGE_LOOP('',(#5886,#5887,#5888,#5889));
#962=EDGE_LOOP('',(#5890,#5891,#5892,#5893));
#963=EDGE_LOOP('',(#5894,#5895,#5896,#5897));
#964=EDGE_LOOP('',(#5898,#5899,#5900,#5901));
#965=EDGE_LOOP('',(#5902,#5903,#5904,#5905));
#966=EDGE_LOOP('',(#5906,#5907,#5908,#5909));
#967=EDGE_LOOP('',(#5910,#5911,#5912,#5913));
#968=EDGE_LOOP('',(#5914,#5915,#5916,#5917));
#969=EDGE_LOOP('',(#5918,#5919,#5920,#5921));
#970=EDGE_LOOP('',(#5922,#5923,#5924,#5925));
#971=EDGE_LOOP('',(#5926,#5927,#5928,#5929));
#972=EDGE_LOOP('',(#5930,#5931,#5932,#5933));
#973=EDGE_LOOP('',(#5934,#5935,#5936,#5937));
#974=EDGE_LOOP('',(#5938,#5939,#5940,#5941));
#975=EDGE_LOOP('',(#5942,#5943,#5944,#5945));
#976=EDGE_LOOP('',(#5946,#5947,#5948,#5949,#5950,#5951));
#977=EDGE_LOOP('',(#5952,#5953,#5954,#5955,#5956,#5957,#5958,#5959));
#978=EDGE_LOOP('',(#5960,#5961,#5962,#5963,#5964,#5965));
#979=LINE('',#8695,#1737);
#980=LINE('',#8697,#1738);
#981=LINE('',#8699,#1739);
#982=LINE('',#8700,#1740);
#983=LINE('',#8704,#1741);
#984=LINE('',#8706,#1742);
#985=LINE('',#8708,#1743);
#986=LINE('',#8709,#1744);
#987=LINE('',#8712,#1745);
#988=LINE('',#8714,#1746);
#989=LINE('',#8716,#1747);
#990=LINE('',#8718,#1748);
#991=LINE('',#8720,#1749);
#992=LINE('',#8722,#1750);
#993=LINE('',#8724,#1751);
#994=LINE('',#8726,#1752);
#995=LINE('',#8728,#1753);
#996=LINE('',#8730,#1754);
#997=LINE('',#8732,#1755);
#998=LINE('',#8734,#1756);
#999=LINE('',#8736,#1757);
#1000=LINE('',#8738,#1758);
#1001=LINE('',#8740,#1759);
#1002=LINE('',#8742,#1760);
#1003=LINE('',#8744,#1761);
#1004=LINE('',#8746,#1762);
#1005=LINE('',#8748,#1763);
#1006=LINE('',#8750,#1764);
#1007=LINE('',#8752,#1765);
#1008=LINE('',#8754,#1766);
#1009=LINE('',#8756,#1767);
#1010=LINE('',#8758,#1768);
#1011=LINE('',#8760,#1769);
#1012=LINE('',#8762,#1770);
#1013=LINE('',#8764,#1771);
#1014=LINE('',#8766,#1772);
#1015=LINE('',#8768,#1773);
#1016=LINE('',#8770,#1774);
#1017=LINE('',#8772,#1775);
#1018=LINE('',#8774,#1776);
#1019=LINE('',#8776,#1777);
#1020=LINE('',#8778,#1778);
#1021=LINE('',#8780,#1779);
#1022=LINE('',#8782,#1780);
#1023=LINE('',#8784,#1781);
#1024=LINE('',#8786,#1782);
#1025=LINE('',#8788,#1783);
#1026=LINE('',#8790,#1784);
#1027=LINE('',#8792,#1785);
#1028=LINE('',#8794,#1786);
#1029=LINE('',#8796,#1787);
#1030=LINE('',#8798,#1788);
#1031=LINE('',#8800,#1789);
#1032=LINE('',#8802,#1790);
#1033=LINE('',#8804,#1791);
#1034=LINE('',#8806,#1792);
#1035=LINE('',#8808,#1793);
#1036=LINE('',#8810,#1794);
#1037=LINE('',#8812,#1795);
#1038=LINE('',#8814,#1796);
#1039=LINE('',#8816,#1797);
#1040=LINE('',#8818,#1798);
#1041=LINE('',#8820,#1799);
#1042=LINE('',#8822,#1800);
#1043=LINE('',#8824,#1801);
#1044=LINE('',#8826,#1802);
#1045=LINE('',#8828,#1803);
#1046=LINE('',#8830,#1804);
#1047=LINE('',#8832,#1805);
#1048=LINE('',#8834,#1806);
#1049=LINE('',#8836,#1807);
#1050=LINE('',#8838,#1808);
#1051=LINE('',#8840,#1809);
#1052=LINE('',#8842,#1810);
#1053=LINE('',#8844,#1811);
#1054=LINE('',#8846,#1812);
#1055=LINE('',#8847,#1813);
#1056=LINE('',#8850,#1814);
#1057=LINE('',#8852,#1815);
#1058=LINE('',#8853,#1816);
#1059=LINE('',#8855,#1817);
#1060=LINE('',#8856,#1818);
#1061=LINE('',#8859,#1819);
#1062=LINE('',#8861,#1820);
#1063=LINE('',#8863,#1821);
#1064=LINE('',#8865,#1822);
#1065=LINE('',#8867,#1823);
#1066=LINE('',#8869,#1824);
#1067=LINE('',#8871,#1825);
#1068=LINE('',#8873,#1826);
#1069=LINE('',#8875,#1827);
#1070=LINE('',#8877,#1828);
#1071=LINE('',#8879,#1829);
#1072=LINE('',#8881,#1830);
#1073=LINE('',#8883,#1831);
#1074=LINE('',#8885,#1832);
#1075=LINE('',#8887,#1833);
#1076=LINE('',#8889,#1834);
#1077=LINE('',#8891,#1835);
#1078=LINE('',#8893,#1836);
#1079=LINE('',#8895,#1837);
#1080=LINE('',#8897,#1838);
#1081=LINE('',#8899,#1839);
#1082=LINE('',#8901,#1840);
#1083=LINE('',#8903,#1841);
#1084=LINE('',#8905,#1842);
#1085=LINE('',#8907,#1843);
#1086=LINE('',#8909,#1844);
#1087=LINE('',#8911,#1845);
#1088=LINE('',#8913,#1846);
#1089=LINE('',#8915,#1847);
#1090=LINE('',#8917,#1848);
#1091=LINE('',#8919,#1849);
#1092=LINE('',#8921,#1850);
#1093=LINE('',#8923,#1851);
#1094=LINE('',#8925,#1852);
#1095=LINE('',#8927,#1853);
#1096=LINE('',#8929,#1854);
#1097=LINE('',#8931,#1855);
#1098=LINE('',#8933,#1856);
#1099=LINE('',#8935,#1857);
#1100=LINE('',#8937,#1858);
#1101=LINE('',#8939,#1859);
#1102=LINE('',#8941,#1860);
#1103=LINE('',#8943,#1861);
#1104=LINE('',#8945,#1862);
#1105=LINE('',#8947,#1863);
#1106=LINE('',#8949,#1864);
#1107=LINE('',#8951,#1865);
#1108=LINE('',#8953,#1866);
#1109=LINE('',#8955,#1867);
#1110=LINE('',#8957,#1868);
#1111=LINE('',#8959,#1869);
#1112=LINE('',#8961,#1870);
#1113=LINE('',#8963,#1871);
#1114=LINE('',#8965,#1872);
#1115=LINE('',#8967,#1873);
#1116=LINE('',#8969,#1874);
#1117=LINE('',#8971,#1875);
#1118=LINE('',#8973,#1876);
#1119=LINE('',#8975,#1877);
#1120=LINE('',#8977,#1878);
#1121=LINE('',#8979,#1879);
#1122=LINE('',#8981,#1880);
#1123=LINE('',#8983,#1881);
#1124=LINE('',#8985,#1882);
#1125=LINE('',#8987,#1883);
#1126=LINE('',#8989,#1884);
#1127=LINE('',#8991,#1885);
#1128=LINE('',#8992,#1886);
#1129=LINE('',#8995,#1887);
#1130=LINE('',#8996,#1888);
#1131=LINE('',#8999,#1889);
#1132=LINE('',#9000,#1890);
#1133=LINE('',#9003,#1891);
#1134=LINE('',#9005,#1892);
#1135=LINE('',#9007,#1893);
#1136=LINE('',#9009,#1894);
#1137=LINE('',#9010,#1895);
#1138=LINE('',#9016,#1896);
#1139=LINE('',#9019,#1897);
#1140=LINE('',#9022,#1898);
#1141=LINE('',#9024,#1899);
#1142=LINE('',#9025,#1900);
#1143=LINE('',#9028,#1901);
#1144=LINE('',#9029,#1902);
#1145=LINE('',#9033,#1903);
#1146=LINE('',#9037,#1904);
#1147=LINE('',#9041,#1905);
#1148=LINE('',#9045,#1906);
#1149=LINE('',#9049,#1907);
#1150=LINE('',#9050,#1908);
#1151=LINE('',#9053,#1909);
#1152=LINE('',#9057,#1910);
#1153=LINE('',#9061,#1911);
#1154=LINE('',#9063,#1912);
#1155=LINE('',#9065,#1913);
#1156=LINE('',#9067,#1914);
#1157=LINE('',#9069,#1915);
#1158=LINE('',#9071,#1916);
#1159=LINE('',#9073,#1917);
#1160=LINE('',#9076,#1918);
#1161=LINE('',#9078,#1919);
#1162=LINE('',#9079,#1920);
#1163=LINE('',#9081,#1921);
#1164=LINE('',#9083,#1922);
#1165=LINE('',#9085,#1923);
#1166=LINE('',#9087,#1924);
#1167=LINE('',#9089,#1925);
#1168=LINE('',#9091,#1926);
#1169=LINE('',#9093,#1927);
#1170=LINE('',#9095,#1928);
#1171=LINE('',#9097,#1929);
#1172=LINE('',#9099,#1930);
#1173=LINE('',#9101,#1931);
#1174=LINE('',#9103,#1932);
#1175=LINE('',#9105,#1933);
#1176=LINE('',#9107,#1934);
#1177=LINE('',#9109,#1935);
#1178=LINE('',#9111,#1936);
#1179=LINE('',#9113,#1937);
#1180=LINE('',#9115,#1938);
#1181=LINE('',#9117,#1939);
#1182=LINE('',#9119,#1940);
#1183=LINE('',#9121,#1941);
#1184=LINE('',#9123,#1942);
#1185=LINE('',#9125,#1943);
#1186=LINE('',#9127,#1944);
#1187=LINE('',#9129,#1945);
#1188=LINE('',#9131,#1946);
#1189=LINE('',#9133,#1947);
#1190=LINE('',#9135,#1948);
#1191=LINE('',#9137,#1949);
#1192=LINE('',#9139,#1950);
#1193=LINE('',#9141,#1951);
#1194=LINE('',#9143,#1952);
#1195=LINE('',#9146,#1953);
#1196=LINE('',#9147,#1954);
#1197=LINE('',#9149,#1955);
#1198=LINE('',#9151,#1956);
#1199=LINE('',#9153,#1957);
#1200=LINE('',#9155,#1958);
#1201=LINE('',#9157,#1959);
#1202=LINE('',#9159,#1960);
#1203=LINE('',#9161,#1961);
#1204=LINE('',#9163,#1962);
#1205=LINE('',#9165,#1963);
#1206=LINE('',#9167,#1964);
#1207=LINE('',#9169,#1965);
#1208=LINE('',#9171,#1966);
#1209=LINE('',#9173,#1967);
#1210=LINE('',#9175,#1968);
#1211=LINE('',#9177,#1969);
#1212=LINE('',#9179,#1970);
#1213=LINE('',#9181,#1971);
#1214=LINE('',#9183,#1972);
#1215=LINE('',#9185,#1973);
#1216=LINE('',#9187,#1974);
#1217=LINE('',#9189,#1975);
#1218=LINE('',#9191,#1976);
#1219=LINE('',#9193,#1977);
#1220=LINE('',#9195,#1978);
#1221=LINE('',#9197,#1979);
#1222=LINE('',#9199,#1980);
#1223=LINE('',#9201,#1981);
#1224=LINE('',#9203,#1982);
#1225=LINE('',#9205,#1983);
#1226=LINE('',#9207,#1984);
#1227=LINE('',#9355,#1985);
#1228=LINE('',#9372,#1986);
#1229=LINE('',#9388,#1987);
#1230=LINE('',#9394,#1988);
#1231=LINE('',#9398,#1989);
#1232=LINE('',#9405,#1990);
#1233=LINE('',#9410,#1991);
#1234=LINE('',#9443,#1992);
#1235=LINE('',#9445,#1993);
#1236=LINE('',#9462,#1994);
#1237=LINE('',#9496,#1995);
#1238=LINE('',#9519,#1996);
#1239=LINE('',#9628,#1997);
#1240=LINE('',#9629,#1998);
#1241=LINE('',#9631,#1999);
#1242=LINE('',#9648,#2000);
#1243=LINE('',#9693,#2001);
#1244=LINE('',#9730,#2002);
#1245=LINE('',#9748,#2003);
#1246=LINE('',#9800,#2004);
#1247=LINE('',#9826,#2005);
#1248=LINE('',#9837,#2006);
#1249=LINE('',#9838,#2007);
#1250=LINE('',#9853,#2008);
#1251=LINE('',#9856,#2009);
#1252=LINE('',#9859,#2010);
#1253=LINE('',#9862,#2011);
#1254=LINE('',#9882,#2012);
#1255=LINE('',#9938,#2013);
#1256=LINE('',#9945,#2014);
#1257=LINE('',#9952,#2015);
#1258=LINE('',#9955,#2016);
#1259=LINE('',#9958,#2017);
#1260=LINE('',#9962,#2018);
#1261=LINE('',#9964,#2019);
#1262=LINE('',#9966,#2020);
#1263=LINE('',#9967,#2021);
#1264=LINE('',#9971,#2022);
#1265=LINE('',#9973,#2023);
#1266=LINE('',#9975,#2024);
#1267=LINE('',#9977,#2025);
#1268=LINE('',#9981,#2026);
#1269=LINE('',#9983,#2027);
#1270=LINE('',#9985,#2028);
#1271=LINE('',#9987,#2029);
#1272=LINE('',#9989,#2030);
#1273=LINE('',#9991,#2031);
#1274=LINE('',#9993,#2032);
#1275=LINE('',#9995,#2033);
#1276=LINE('',#9997,#2034);
#1277=LINE('',#9999,#2035);
#1278=LINE('',#10001,#2036);
#1279=LINE('',#10003,#2037);
#1280=LINE('',#10005,#2038);
#1281=LINE('',#10007,#2039);
#1282=LINE('',#10009,#2040);
#1283=LINE('',#10011,#2041);
#1284=LINE('',#10013,#2042);
#1285=LINE('',#10015,#2043);
#1286=LINE('',#10017,#2044);
#1287=LINE('',#10019,#2045);
#1288=LINE('',#10021,#2046);
#1289=LINE('',#10023,#2047);
#1290=LINE('',#10025,#2048);
#1291=LINE('',#10027,#2049);
#1292=LINE('',#10029,#2050);
#1293=LINE('',#10031,#2051);
#1294=LINE('',#10033,#2052);
#1295=LINE('',#10035,#2053);
#1296=LINE('',#10037,#2054);
#1297=LINE('',#10039,#2055);
#1298=LINE('',#10041,#2056);
#1299=LINE('',#10043,#2057);
#1300=LINE('',#10045,#2058);
#1301=LINE('',#10047,#2059);
#1302=LINE('',#10049,#2060);
#1303=LINE('',#10051,#2061);
#1304=LINE('',#10053,#2062);
#1305=LINE('',#10055,#2063);
#1306=LINE('',#10057,#2064);
#1307=LINE('',#10059,#2065);
#1308=LINE('',#10061,#2066);
#1309=LINE('',#10063,#2067);
#1310=LINE('',#10065,#2068);
#1311=LINE('',#10067,#2069);
#1312=LINE('',#10069,#2070);
#1313=LINE('',#10071,#2071);
#1314=LINE('',#10073,#2072);
#1315=LINE('',#10075,#2073);
#1316=LINE('',#10077,#2074);
#1317=LINE('',#10079,#2075);
#1318=LINE('',#10081,#2076);
#1319=LINE('',#10083,#2077);
#1320=LINE('',#10085,#2078);
#1321=LINE('',#10087,#2079);
#1322=LINE('',#10089,#2080);
#1323=LINE('',#10091,#2081);
#1324=LINE('',#10093,#2082);
#1325=LINE('',#10095,#2083);
#1326=LINE('',#10097,#2084);
#1327=LINE('',#10099,#2085);
#1328=LINE('',#10101,#2086);
#1329=LINE('',#10103,#2087);
#1330=LINE('',#10105,#2088);
#1331=LINE('',#10107,#2089);
#1332=LINE('',#10109,#2090);
#1333=LINE('',#10111,#2091);
#1334=LINE('',#10113,#2092);
#1335=LINE('',#10114,#2093);
#1336=LINE('',#10121,#2094);
#1337=LINE('',#10125,#2095);
#1338=LINE('',#10129,#2096);
#1339=LINE('',#10131,#2097);
#1340=LINE('',#10133,#2098);
#1341=LINE('',#10137,#2099);
#1342=LINE('',#10141,#2100);
#1343=LINE('',#10145,#2101);
#1344=LINE('',#10147,#2102);
#1345=LINE('',#10149,#2103);
#1346=LINE('',#10151,#2104);
#1347=LINE('',#10152,#2105);
#1348=LINE('',#10155,#2106);
#1349=LINE('',#10157,#2107);
#1350=LINE('',#10159,#2108);
#1351=LINE('',#10161,#2109);
#1352=LINE('',#10162,#2110);
#1353=LINE('',#10165,#2111);
#1354=LINE('',#10167,#2112);
#1355=LINE('',#10168,#2113);
#1356=LINE('',#10172,#2114);
#1357=LINE('',#10174,#2115);
#1358=LINE('',#10176,#2116);
#1359=LINE('',#10177,#2117);
#1360=LINE('',#10181,#2118);
#1361=LINE('',#10183,#2119);
#1362=LINE('',#10185,#2120);
#1363=LINE('',#10186,#2121);
#1364=LINE('',#10191,#2122);
#1365=LINE('',#10195,#2123);
#1366=LINE('',#10197,#2124);
#1367=LINE('',#10198,#2125);
#1368=LINE('',#10202,#2126);
#1369=LINE('',#10204,#2127);
#1370=LINE('',#10206,#2128);
#1371=LINE('',#10207,#2129);
#1372=LINE('',#10213,#2130);
#1373=LINE('',#10216,#2131);
#1374=LINE('',#10218,#2132);
#1375=LINE('',#10219,#2133);
#1376=LINE('',#10223,#2134);
#1377=LINE('',#10225,#2135);
#1378=LINE('',#10227,#2136);
#1379=LINE('',#10228,#2137);
#1380=LINE('',#10231,#2138);
#1381=LINE('',#10233,#2139);
#1382=LINE('',#10234,#2140);
#1383=LINE('',#10235,#2141);
#1384=LINE('',#10241,#2142);
#1385=LINE('',#10244,#2143);
#1386=LINE('',#10246,#2144);
#1387=LINE('',#10247,#2145);
#1388=LINE('',#10253,#2146);
#1389=LINE('',#10256,#2147);
#1390=LINE('',#10258,#2148);
#1391=LINE('',#10259,#2149);
#1392=LINE('',#10262,#2150);
#1393=LINE('',#10264,#2151);
#1394=LINE('',#10265,#2152);
#1395=LINE('',#10269,#2153);
#1396=LINE('',#10270,#2154);
#1397=LINE('',#10271,#2155);
#1398=LINE('',#10274,#2156);
#1399=LINE('',#10275,#2157);
#1400=LINE('',#10279,#2158);
#1401=LINE('',#10280,#2159);
#1402=LINE('',#10281,#2160);
#1403=LINE('',#10284,#2161);
#1404=LINE('',#10285,#2162);
#1405=LINE('',#10288,#2163);
#1406=LINE('',#10289,#2164);
#1407=LINE('',#10293,#2165);
#1408=LINE('',#10294,#2166);
#1409=LINE('',#10295,#2167);
#1410=LINE('',#10298,#2168);
#1411=LINE('',#10299,#2169);
#1412=LINE('',#10302,#2170);
#1413=LINE('',#10303,#2171);
#1414=LINE('',#10307,#2172);
#1415=LINE('',#10308,#2173);
#1416=LINE('',#10309,#2174);
#1417=LINE('',#10312,#2175);
#1418=LINE('',#10313,#2176);
#1419=LINE('',#10316,#2177);
#1420=LINE('',#10317,#2178);
#1421=LINE('',#10321,#2179);
#1422=LINE('',#10322,#2180);
#1423=LINE('',#10323,#2181);
#1424=LINE('',#10326,#2182);
#1425=LINE('',#10327,#2183);
#1426=LINE('',#10330,#2184);
#1427=LINE('',#10331,#2185);
#1428=LINE('',#10335,#2186);
#1429=LINE('',#10336,#2187);
#1430=LINE('',#10337,#2188);
#1431=LINE('',#10340,#2189);
#1432=LINE('',#10341,#2190);
#1433=LINE('',#10344,#2191);
#1434=LINE('',#10345,#2192);
#1435=LINE('',#10349,#2193);
#1436=LINE('',#10350,#2194);
#1437=LINE('',#10351,#2195);
#1438=LINE('',#10354,#2196);
#1439=LINE('',#10355,#2197);
#1440=LINE('',#10358,#2198);
#1441=LINE('',#10359,#2199);
#1442=LINE('',#10363,#2200);
#1443=LINE('',#10364,#2201);
#1444=LINE('',#10365,#2202);
#1445=LINE('',#10368,#2203);
#1446=LINE('',#10369,#2204);
#1447=LINE('',#10372,#2205);
#1448=LINE('',#10373,#2206);
#1449=LINE('',#10377,#2207);
#1450=LINE('',#10378,#2208);
#1451=LINE('',#10379,#2209);
#1452=LINE('',#10382,#2210);
#1453=LINE('',#10383,#2211);
#1454=LINE('',#10386,#2212);
#1455=LINE('',#10387,#2213);
#1456=LINE('',#10391,#2214);
#1457=LINE('',#10392,#2215);
#1458=LINE('',#10393,#2216);
#1459=LINE('',#10396,#2217);
#1460=LINE('',#10397,#2218);
#1461=LINE('',#10399,#2219);
#1462=LINE('',#10403,#2220);
#1463=LINE('',#10404,#2221);
#1464=LINE('',#10405,#2222);
#1465=LINE('',#10408,#2223);
#1466=LINE('',#10409,#2224);
#1467=LINE('',#10412,#2225);
#1468=LINE('',#10413,#2226);
#1469=LINE('',#10417,#2227);
#1470=LINE('',#10418,#2228);
#1471=LINE('',#10419,#2229);
#1472=LINE('',#10422,#2230);
#1473=LINE('',#10423,#2231);
#1474=LINE('',#10426,#2232);
#1475=LINE('',#10427,#2233);
#1476=LINE('',#10431,#2234);
#1477=LINE('',#10432,#2235);
#1478=LINE('',#10433,#2236);
#1479=LINE('',#10436,#2237);
#1480=LINE('',#10437,#2238);
#1481=LINE('',#10440,#2239);
#1482=LINE('',#10441,#2240);
#1483=LINE('',#10445,#2241);
#1484=LINE('',#10446,#2242);
#1485=LINE('',#10447,#2243);
#1486=LINE('',#10450,#2244);
#1487=LINE('',#10451,#2245);
#1488=LINE('',#10454,#2246);
#1489=LINE('',#10455,#2247);
#1490=LINE('',#10459,#2248);
#1491=LINE('',#10460,#2249);
#1492=LINE('',#10461,#2250);
#1493=LINE('',#10464,#2251);
#1494=LINE('',#10465,#2252);
#1495=LINE('',#10468,#2253);
#1496=LINE('',#10469,#2254);
#1497=LINE('',#10473,#2255);
#1498=LINE('',#10474,#2256);
#1499=LINE('',#10475,#2257);
#1500=LINE('',#10478,#2258);
#1501=LINE('',#10479,#2259);
#1502=LINE('',#10482,#2260);
#1503=LINE('',#10483,#2261);
#1504=LINE('',#10486,#2262);
#1505=LINE('',#10487,#2263);
#1506=LINE('',#10490,#2264);
#1507=LINE('',#10491,#2265);
#1508=LINE('',#10494,#2266);
#1509=LINE('',#10495,#2267);
#1510=LINE('',#10497,#2268);
#1511=LINE('',#10499,#2269);
#1512=LINE('',#10501,#2270);
#1513=LINE('',#10503,#2271);
#1514=LINE('',#10505,#2272);
#1515=LINE('',#10507,#2273);
#1516=LINE('',#10509,#2274);
#1517=LINE('',#10511,#2275);
#1518=LINE('',#10513,#2276);
#1519=LINE('',#10515,#2277);
#1520=LINE('',#10517,#2278);
#1521=LINE('',#10520,#2279);
#1522=LINE('',#10521,#2280);
#1523=LINE('',#10523,#2281);
#1524=LINE('',#10525,#2282);
#1525=LINE('',#10527,#2283);
#1526=LINE('',#10529,#2284);
#1527=LINE('',#10533,#2285);
#1528=LINE('',#10534,#2286);
#1529=LINE('',#10535,#2287);
#1530=LINE('',#10539,#2288);
#1531=LINE('',#10540,#2289);
#1532=LINE('',#10541,#2290);
#1533=LINE('',#10547,#2291);
#1534=LINE('',#10551,#2292);
#1535=LINE('',#10552,#2293);
#1536=LINE('',#10553,#2294);
#1537=LINE('',#10559,#2295);
#1538=LINE('',#10560,#2296);
#1539=LINE('',#10563,#2297);
#1540=LINE('',#10564,#2298);
#1541=LINE('',#10566,#2299);
#1542=LINE('',#10567,#2300);
#1543=LINE('',#10570,#2301);
#1544=LINE('',#10571,#2302);
#1545=LINE('',#10572,#2303);
#1546=LINE('',#10574,#2304);
#1547=LINE('',#10578,#2305);
#1548=LINE('',#10579,#2306);
#1549=LINE('',#10580,#2307);
#1550=LINE('',#10583,#2308);
#1551=LINE('',#10585,#2309);
#1552=LINE('',#10586,#2310);
#1553=LINE('',#10588,#2311);
#1554=LINE('',#10590,#2312);
#1555=LINE('',#10596,#2313);
#1556=LINE('',#10600,#2314);
#1557=LINE('',#10604,#2315);
#1558=LINE('',#10609,#2316);
#1559=LINE('',#10611,#2317);
#1560=LINE('',#10614,#2318);
#1561=LINE('',#10615,#2319);
#1562=LINE('',#10619,#2320);
#1563=LINE('',#10621,#2321);
#1564=LINE('',#10627,#2322);
#1565=LINE('',#10631,#2323);
#1566=LINE('',#10633,#2324);
#1567=LINE('',#10635,#2325);
#1568=LINE('',#10636,#2326);
#1569=LINE('',#10638,#2327);
#1570=LINE('',#10643,#2328);
#1571=LINE('',#10647,#2329);
#1572=LINE('',#10651,#2330);
#1573=LINE('',#10655,#2331);
#1574=LINE('',#10659,#2332);
#1575=LINE('',#10661,#2333);
#1576=LINE('',#10665,#2334);
#1577=LINE('',#10667,#2335);
#1578=LINE('',#10671,#2336);
#1579=LINE('',#10675,#2337);
#1580=LINE('',#10679,#2338);
#1581=LINE('',#10683,#2339);
#1582=LINE('',#10691,#2340);
#1583=LINE('',#10696,#2341);
#1584=LINE('',#10699,#2342);
#1585=LINE('',#10703,#2343);
#1586=LINE('',#10707,#2344);
#1587=LINE('',#10711,#2345);
#1588=LINE('',#10715,#2346);
#1589=LINE('',#10719,#2347);
#1590=LINE('',#10724,#2348);
#1591=LINE('',#10726,#2349);
#1592=LINE('',#10728,#2350);
#1593=LINE('',#10734,#2351);
#1594=LINE('',#10742,#2352);
#1595=LINE('',#10746,#2353);
#1596=LINE('',#10750,#2354);
#1597=LINE('',#10754,#2355);
#1598=LINE('',#10758,#2356);
#1599=LINE('',#10760,#2357);
#1600=LINE('',#10764,#2358);
#1601=LINE('',#10766,#2359);
#1602=LINE('',#10770,#2360);
#1603=LINE('',#10774,#2361);
#1604=LINE('',#10778,#2362);
#1605=LINE('',#10781,#2363);
#1606=LINE('',#10784,#2364);
#1607=LINE('',#10788,#2365);
#1608=LINE('',#10792,#2366);
#1609=LINE('',#10796,#2367);
#1610=LINE('',#10800,#2368);
#1611=LINE('',#10804,#2369);
#1612=LINE('',#10808,#2370);
#1613=LINE('',#10810,#2371);
#1614=LINE('',#10811,#2372);
#1615=LINE('',#10813,#2373);
#1616=LINE('',#10815,#2374);
#1617=LINE('',#10816,#2375);
#1618=LINE('',#10818,#2376);
#1619=LINE('',#10820,#2377);
#1620=LINE('',#10822,#2378);
#1621=LINE('',#10824,#2379);
#1622=LINE('',#10826,#2380);
#1623=LINE('',#10828,#2381);
#1624=LINE('',#10830,#2382);
#1625=LINE('',#10832,#2383);
#1626=LINE('',#10834,#2384);
#1627=LINE('',#10836,#2385);
#1628=LINE('',#10839,#2386);
#1629=LINE('',#10840,#2387);
#1630=LINE('',#10842,#2388);
#1631=LINE('',#10844,#2389);
#1632=LINE('',#10847,#2390);
#1633=LINE('',#10849,#2391);
#1634=LINE('',#10851,#2392);
#1635=LINE('',#10853,#2393);
#1636=LINE('',#10855,#2394);
#1637=LINE('',#10857,#2395);
#1638=LINE('',#10859,#2396);
#1639=LINE('',#10861,#2397);
#1640=LINE('',#10863,#2398);
#1641=LINE('',#10865,#2399);
#1642=LINE('',#10867,#2400);
#1643=LINE('',#10869,#2401);
#1644=LINE('',#10871,#2402);
#1645=LINE('',#10873,#2403);
#1646=LINE('',#10875,#2404);
#1647=LINE('',#10877,#2405);
#1648=LINE('',#10879,#2406);
#1649=LINE('',#10881,#2407);
#1650=LINE('',#10883,#2408);
#1651=LINE('',#10885,#2409);
#1652=LINE('',#10887,#2410);
#1653=LINE('',#10889,#2411);
#1654=LINE('',#10891,#2412);
#1655=LINE('',#10895,#2413);
#1656=LINE('',#10897,#2414);
#1657=LINE('',#10898,#2415);
#1658=LINE('',#10903,#2416);
#1659=LINE('',#10907,#2417);
#1660=LINE('',#10911,#2418);
#1661=LINE('',#10915,#2419);
#1662=LINE('',#10919,#2420);
#1663=LINE('',#10921,#2421);
#1664=LINE('',#10925,#2422);
#1665=LINE('',#10927,#2423);
#1666=LINE('',#10931,#2424);
#1667=LINE('',#10935,#2425);
#1668=LINE('',#10939,#2426);
#1669=LINE('',#10943,#2427);
#1670=LINE('',#10951,#2428);
#1671=LINE('',#10957,#2429);
#1672=LINE('',#10961,#2430);
#1673=LINE('',#10965,#2431);
#1674=LINE('',#10969,#2432);
#1675=LINE('',#10973,#2433);
#1676=LINE('',#10977,#2434);
#1677=LINE('',#10985,#2435);
#1678=LINE('',#10993,#2436);
#1679=LINE('',#10997,#2437);
#1680=LINE('',#11001,#2438);
#1681=LINE('',#11005,#2439);
#1682=LINE('',#11009,#2440);
#1683=LINE('',#11011,#2441);
#1684=LINE('',#11015,#2442);
#1685=LINE('',#11017,#2443);
#1686=LINE('',#11021,#2444);
#1687=LINE('',#11025,#2445);
#1688=LINE('',#11029,#2446);
#1689=LINE('',#11033,#2447);
#1690=LINE('',#11037,#2448);
#1691=LINE('',#11041,#2449);
#1692=LINE('',#11045,#2450);
#1693=LINE('',#11049,#2451);
#1694=LINE('',#11053,#2452);
#1695=LINE('',#11057,#2453);
#1696=LINE('',#11060,#2454);
#1697=LINE('',#11061,#2455);
#1698=LINE('',#11063,#2456);
#1699=LINE('',#11065,#2457);
#1700=LINE('',#11067,#2458);
#1701=LINE('',#11069,#2459);
#1702=LINE('',#11071,#2460);
#1703=LINE('',#11073,#2461);
#1704=LINE('',#11075,#2462);
#1705=LINE('',#11077,#2463);
#1706=LINE('',#11079,#2464);
#1707=LINE('',#11081,#2465);
#1708=LINE('',#11083,#2466);
#1709=LINE('',#11085,#2467);
#1710=LINE('',#11087,#2468);
#1711=LINE('',#11089,#2469);
#1712=LINE('',#11091,#2470);
#1713=LINE('',#11093,#2471);
#1714=LINE('',#11095,#2472);
#1715=LINE('',#11097,#2473);
#1716=LINE('',#11099,#2474);
#1717=LINE('',#11101,#2475);
#1718=LINE('',#11103,#2476);
#1719=LINE('',#11105,#2477);
#1720=LINE('',#11107,#2478);
#1721=LINE('',#11110,#2479);
#1722=LINE('',#11112,#2480);
#1723=LINE('',#11115,#2481);
#1724=LINE('',#11116,#2482);
#1725=LINE('',#11118,#2483);
#1726=LINE('',#11120,#2484);
#1727=LINE('',#11122,#2485);
#1728=LINE('',#11124,#2486);
#1729=LINE('',#11126,#2487);
#1730=LINE('',#11128,#2488);
#1731=LINE('',#11130,#2489);
#1732=LINE('',#11132,#2490);
#1733=LINE('',#11134,#2491);
#1734=LINE('',#11136,#2492);
#1735=LINE('',#11139,#2493);
#1736=LINE('',#11141,#2494);
#1737=VECTOR('',#7013,10.);
#1738=VECTOR('',#7014,10.);
#1739=VECTOR('',#7015,10.);
#1740=VECTOR('',#7016,10.);
#1741=VECTOR('',#7019,10.);
#1742=VECTOR('',#7020,10.);
#1743=VECTOR('',#7021,10.);
#1744=VECTOR('',#7022,10.);
#1745=VECTOR('',#7025,10.);
#1746=VECTOR('',#7026,10.);
#1747=VECTOR('',#7027,10.);
#1748=VECTOR('',#7028,10.);
#1749=VECTOR('',#7029,10.);
#1750=VECTOR('',#7030,10.);
#1751=VECTOR('',#7031,10.);
#1752=VECTOR('',#7032,10.);
#1753=VECTOR('',#7033,10.);
#1754=VECTOR('',#7034,10.);
#1755=VECTOR('',#7035,10.);
#1756=VECTOR('',#7036,10.);
#1757=VECTOR('',#7037,10.);
#1758=VECTOR('',#7038,10.);
#1759=VECTOR('',#7039,10.);
#1760=VECTOR('',#7040,10.);
#1761=VECTOR('',#7041,10.);
#1762=VECTOR('',#7042,10.);
#1763=VECTOR('',#7043,10.);
#1764=VECTOR('',#7044,10.);
#1765=VECTOR('',#7045,10.);
#1766=VECTOR('',#7046,10.);
#1767=VECTOR('',#7047,10.);
#1768=VECTOR('',#7048,10.);
#1769=VECTOR('',#7049,10.);
#1770=VECTOR('',#7050,10.);
#1771=VECTOR('',#7051,10.);
#1772=VECTOR('',#7052,10.);
#1773=VECTOR('',#7053,10.);
#1774=VECTOR('',#7054,10.);
#1775=VECTOR('',#7055,10.);
#1776=VECTOR('',#7056,10.);
#1777=VECTOR('',#7057,10.);
#1778=VECTOR('',#7058,10.);
#1779=VECTOR('',#7059,10.);
#1780=VECTOR('',#7060,10.);
#1781=VECTOR('',#7061,10.);
#1782=VECTOR('',#7062,10.);
#1783=VECTOR('',#7063,10.);
#1784=VECTOR('',#7064,10.);
#1785=VECTOR('',#7065,10.);
#1786=VECTOR('',#7066,10.);
#1787=VECTOR('',#7067,10.);
#1788=VECTOR('',#7068,10.);
#1789=VECTOR('',#7069,10.);
#1790=VECTOR('',#7070,10.);
#1791=VECTOR('',#7071,10.);
#1792=VECTOR('',#7072,10.);
#1793=VECTOR('',#7073,10.);
#1794=VECTOR('',#7074,10.);
#1795=VECTOR('',#7075,10.);
#1796=VECTOR('',#7076,10.);
#1797=VECTOR('',#7077,10.);
#1798=VECTOR('',#7078,10.);
#1799=VECTOR('',#7079,10.);
#1800=VECTOR('',#7080,10.);
#1801=VECTOR('',#7081,10.);
#1802=VECTOR('',#7082,10.);
#1803=VECTOR('',#7083,10.);
#1804=VECTOR('',#7084,10.);
#1805=VECTOR('',#7085,10.);
#1806=VECTOR('',#7086,10.);
#1807=VECTOR('',#7087,10.);
#1808=VECTOR('',#7088,10.);
#1809=VECTOR('',#7089,10.);
#1810=VECTOR('',#7090,10.);
#1811=VECTOR('',#7091,10.);
#1812=VECTOR('',#7092,10.);
#1813=VECTOR('',#7093,10.);
#1814=VECTOR('',#7096,10.);
#1815=VECTOR('',#7097,10.);
#1816=VECTOR('',#7098,10.);
#1817=VECTOR('',#7099,10.);
#1818=VECTOR('',#7100,10.);
#1819=VECTOR('',#7103,10.);
#1820=VECTOR('',#7104,10.);
#1821=VECTOR('',#7105,10.);
#1822=VECTOR('',#7106,10.);
#1823=VECTOR('',#7107,10.);
#1824=VECTOR('',#7108,10.);
#1825=VECTOR('',#7109,10.);
#1826=VECTOR('',#7110,10.);
#1827=VECTOR('',#7111,10.);
#1828=VECTOR('',#7112,10.);
#1829=VECTOR('',#7113,10.);
#1830=VECTOR('',#7114,10.);
#1831=VECTOR('',#7115,10.);
#1832=VECTOR('',#7116,10.);
#1833=VECTOR('',#7117,10.);
#1834=VECTOR('',#7118,10.);
#1835=VECTOR('',#7119,10.);
#1836=VECTOR('',#7120,10.);
#1837=VECTOR('',#7121,10.);
#1838=VECTOR('',#7122,10.);
#1839=VECTOR('',#7123,10.);
#1840=VECTOR('',#7124,10.);
#1841=VECTOR('',#7125,10.);
#1842=VECTOR('',#7126,10.);
#1843=VECTOR('',#7127,10.);
#1844=VECTOR('',#7128,10.);
#1845=VECTOR('',#7129,10.);
#1846=VECTOR('',#7130,10.);
#1847=VECTOR('',#7131,10.);
#1848=VECTOR('',#7132,10.);
#1849=VECTOR('',#7133,10.);
#1850=VECTOR('',#7134,10.);
#1851=VECTOR('',#7135,10.);
#1852=VECTOR('',#7136,10.);
#1853=VECTOR('',#7137,10.);
#1854=VECTOR('',#7138,10.);
#1855=VECTOR('',#7139,10.);
#1856=VECTOR('',#7140,10.);
#1857=VECTOR('',#7141,10.);
#1858=VECTOR('',#7142,10.);
#1859=VECTOR('',#7143,10.);
#1860=VECTOR('',#7144,10.);
#1861=VECTOR('',#7145,10.);
#1862=VECTOR('',#7146,10.);
#1863=VECTOR('',#7147,10.);
#1864=VECTOR('',#7148,10.);
#1865=VECTOR('',#7149,10.);
#1866=VECTOR('',#7150,10.);
#1867=VECTOR('',#7151,10.);
#1868=VECTOR('',#7152,10.);
#1869=VECTOR('',#7153,10.);
#1870=VECTOR('',#7154,10.);
#1871=VECTOR('',#7155,10.);
#1872=VECTOR('',#7156,10.);
#1873=VECTOR('',#7157,10.);
#1874=VECTOR('',#7158,10.);
#1875=VECTOR('',#7159,10.);
#1876=VECTOR('',#7160,10.);
#1877=VECTOR('',#7161,10.);
#1878=VECTOR('',#7162,10.);
#1879=VECTOR('',#7163,10.);
#1880=VECTOR('',#7164,10.);
#1881=VECTOR('',#7165,10.);
#1882=VECTOR('',#7166,10.);
#1883=VECTOR('',#7167,10.);
#1884=VECTOR('',#7168,10.);
#1885=VECTOR('',#7169,10.);
#1886=VECTOR('',#7170,10.);
#1887=VECTOR('',#7173,10.);
#1888=VECTOR('',#7174,10.);
#1889=VECTOR('',#7177,10.);
#1890=VECTOR('',#7178,10.);
#1891=VECTOR('',#7181,10.);
#1892=VECTOR('',#7182,10.);
#1893=VECTOR('',#7183,10.);
#1894=VECTOR('',#7184,10.);
#1895=VECTOR('',#7185,10.);
#1896=VECTOR('',#7190,10.);
#1897=VECTOR('',#7193,10.);
#1898=VECTOR('',#7196,10.);
#1899=VECTOR('',#7197,10.);
#1900=VECTOR('',#7198,10.);
#1901=VECTOR('',#7201,10.);
#1902=VECTOR('',#7202,10.);
#1903=VECTOR('',#7205,10.);
#1904=VECTOR('',#7208,1.00000000000023);
#1905=VECTOR('',#7211,0.999999999999488);
#1906=VECTOR('',#7216,10.);
#1907=VECTOR('',#7221,10.);
#1908=VECTOR('',#7222,10.);
#1909=VECTOR('',#7225,0.999999999999488);
#1910=VECTOR('',#7228,1.00000000000023);
#1911=VECTOR('',#7231,10.);
#1912=VECTOR('',#7234,0.999999999999488);
#1913=VECTOR('',#7237,10.);
#1914=VECTOR('',#7240,10.);
#1915=VECTOR('',#7243,1.);
#1916=VECTOR('',#7246,10.);
#1917=VECTOR('',#7249,10.);
#1918=VECTOR('',#7254,10.);
#1919=VECTOR('',#7257,10.);
#1920=VECTOR('',#7258,10.);
#1921=VECTOR('',#7261,10.);
#1922=VECTOR('',#7264,10.);
#1923=VECTOR('',#7267,10.);
#1924=VECTOR('',#7270,10.);
#1925=VECTOR('',#7273,10.);
#1926=VECTOR('',#7276,10.);
#1927=VECTOR('',#7279,10.);
#1928=VECTOR('',#7282,10.);
#1929=VECTOR('',#7285,10.);
#1930=VECTOR('',#7288,10.);
#1931=VECTOR('',#7291,10.);
#1932=VECTOR('',#7294,10.);
#1933=VECTOR('',#7297,10.);
#1934=VECTOR('',#7300,10.);
#1935=VECTOR('',#7303,10.);
#1936=VECTOR('',#7306,10.);
#1937=VECTOR('',#7309,10.);
#1938=VECTOR('',#7312,10.);
#1939=VECTOR('',#7315,10.);
#1940=VECTOR('',#7318,10.);
#1941=VECTOR('',#7321,10.);
#1942=VECTOR('',#7324,10.);
#1943=VECTOR('',#7327,10.);
#1944=VECTOR('',#7330,10.);
#1945=VECTOR('',#7333,10.);
#1946=VECTOR('',#7336,10.);
#1947=VECTOR('',#7339,10.);
#1948=VECTOR('',#7342,10.);
#1949=VECTOR('',#7345,10.);
#1950=VECTOR('',#7348,10.);
#1951=VECTOR('',#7351,10.);
#1952=VECTOR('',#7354,10.);
#1953=VECTOR('',#7359,10.);
#1954=VECTOR('',#7360,10.);
#1955=VECTOR('',#7363,10.);
#1956=VECTOR('',#7366,10.);
#1957=VECTOR('',#7369,10.);
#1958=VECTOR('',#7372,10.);
#1959=VECTOR('',#7375,10.);
#1960=VECTOR('',#7378,10.);
#1961=VECTOR('',#7381,10.);
#1962=VECTOR('',#7384,10.);
#1963=VECTOR('',#7387,10.);
#1964=VECTOR('',#7390,10.);
#1965=VECTOR('',#7393,10.);
#1966=VECTOR('',#7396,10.);
#1967=VECTOR('',#7399,10.);
#1968=VECTOR('',#7402,10.);
#1969=VECTOR('',#7405,10.);
#1970=VECTOR('',#7408,10.);
#1971=VECTOR('',#7411,10.);
#1972=VECTOR('',#7414,10.);
#1973=VECTOR('',#7417,10.);
#1974=VECTOR('',#7420,10.);
#1975=VECTOR('',#7423,10.);
#1976=VECTOR('',#7426,10.);
#1977=VECTOR('',#7429,10.);
#1978=VECTOR('',#7432,10.);
#1979=VECTOR('',#7435,10.);
#1980=VECTOR('',#7438,10.);
#1981=VECTOR('',#7441,10.);
#1982=VECTOR('',#7444,10.);
#1983=VECTOR('',#7447,10.);
#1984=VECTOR('',#7450,10.);
#1985=VECTOR('',#7461,10.);
#1986=VECTOR('',#7462,10.);
#1987=VECTOR('',#7469,2.43999972176407);
#1988=VECTOR('',#7476,2.16999986088204);
#1989=VECTOR('',#7481,2.16999986088204);
#1990=VECTOR('',#7490,1.9);
#1991=VECTOR('',#7497,1.9);
#1992=VECTOR('',#7508,10.);
#1993=VECTOR('',#7509,10.);
#1994=VECTOR('',#7510,10.);
#1995=VECTOR('',#7511,10.);
#1996=VECTOR('',#7512,10.);
#1997=VECTOR('',#7519,10.);
#1998=VECTOR('',#7520,10.);
#1999=VECTOR('',#7523,10.);
#2000=VECTOR('',#7524,10.);
#2001=VECTOR('',#7525,10.);
#2002=VECTOR('',#7526,10.);
#2003=VECTOR('',#7527,10.);
#2004=VECTOR('',#7528,10.);
#2005=VECTOR('',#7529,10.);
#2006=VECTOR('',#7530,10.);
#2007=VECTOR('',#7531,10.);
#2008=VECTOR('',#7534,10.);
#2009=VECTOR('',#7537,10.);
#2010=VECTOR('',#7540,10.);
#2011=VECTOR('',#7543,10.);
#2012=VECTOR('',#7544,10.);
#2013=VECTOR('',#7553,1.9);
#2014=VECTOR('',#7562,1.9);
#2015=VECTOR('',#7571,2.16999986088204);
#2016=VECTOR('',#7574,2.16999986088204);
#2017=VECTOR('',#7579,2.43999972176407);
#2018=VECTOR('',#7582,10.);
#2019=VECTOR('',#7583,1.);
#2020=VECTOR('',#7584,10.);
#2021=VECTOR('',#7585,10.);
#2022=VECTOR('',#7588,10.);
#2023=VECTOR('',#7589,10.);
#2024=VECTOR('',#7590,10.);
#2025=VECTOR('',#7591,10.);
#2026=VECTOR('',#7594,10.);
#2027=VECTOR('',#7595,10.);
#2028=VECTOR('',#7596,10.);
#2029=VECTOR('',#7597,10.);
#2030=VECTOR('',#7598,10.);
#2031=VECTOR('',#7599,10.);
#2032=VECTOR('',#7600,10.);
#2033=VECTOR('',#7601,10.);
#2034=VECTOR('',#7602,10.);
#2035=VECTOR('',#7603,10.);
#2036=VECTOR('',#7604,10.);
#2037=VECTOR('',#7605,10.);
#2038=VECTOR('',#7606,10.);
#2039=VECTOR('',#7607,10.);
#2040=VECTOR('',#7608,10.);
#2041=VECTOR('',#7609,10.);
#2042=VECTOR('',#7610,10.);
#2043=VECTOR('',#7611,10.);
#2044=VECTOR('',#7612,10.);
#2045=VECTOR('',#7613,10.);
#2046=VECTOR('',#7614,10.);
#2047=VECTOR('',#7615,10.);
#2048=VECTOR('',#7616,10.);
#2049=VECTOR('',#7617,10.);
#2050=VECTOR('',#7618,10.);
#2051=VECTOR('',#7619,10.);
#2052=VECTOR('',#7620,10.);
#2053=VECTOR('',#7621,10.);
#2054=VECTOR('',#7622,10.);
#2055=VECTOR('',#7623,10.);
#2056=VECTOR('',#7624,10.);
#2057=VECTOR('',#7625,10.);
#2058=VECTOR('',#7626,10.);
#2059=VECTOR('',#7627,10.);
#2060=VECTOR('',#7628,10.);
#2061=VECTOR('',#7629,10.);
#2062=VECTOR('',#7630,10.);
#2063=VECTOR('',#7631,10.);
#2064=VECTOR('',#7632,10.);
#2065=VECTOR('',#7633,10.);
#2066=VECTOR('',#7634,10.);
#2067=VECTOR('',#7635,10.);
#2068=VECTOR('',#7636,10.);
#2069=VECTOR('',#7637,10.);
#2070=VECTOR('',#7638,10.);
#2071=VECTOR('',#7639,10.);
#2072=VECTOR('',#7640,10.);
#2073=VECTOR('',#7641,10.);
#2074=VECTOR('',#7642,10.);
#2075=VECTOR('',#7643,10.);
#2076=VECTOR('',#7644,10.);
#2077=VECTOR('',#7645,10.);
#2078=VECTOR('',#7646,10.);
#2079=VECTOR('',#7647,10.);
#2080=VECTOR('',#7648,10.);
#2081=VECTOR('',#7649,10.);
#2082=VECTOR('',#7650,10.);
#2083=VECTOR('',#7651,10.);
#2084=VECTOR('',#7652,10.);
#2085=VECTOR('',#7653,10.);
#2086=VECTOR('',#7654,10.);
#2087=VECTOR('',#7655,10.);
#2088=VECTOR('',#7656,10.);
#2089=VECTOR('',#7657,10.);
#2090=VECTOR('',#7658,10.);
#2091=VECTOR('',#7659,10.);
#2092=VECTOR('',#7660,10.);
#2093=VECTOR('',#7661,10.);
#2094=VECTOR('',#7668,10.);
#2095=VECTOR('',#7671,1.);
#2096=VECTOR('',#7674,1.);
#2097=VECTOR('',#7675,10.);
#2098=VECTOR('',#7676,1.);
#2099=VECTOR('',#7679,1.);
#2100=VECTOR('',#7682,10.);
#2101=VECTOR('',#7687,10.);
#2102=VECTOR('',#7688,10.);
#2103=VECTOR('',#7689,10.);
#2104=VECTOR('',#7690,10.);
#2105=VECTOR('',#7691,10.);
#2106=VECTOR('',#7694,10.);
#2107=VECTOR('',#7695,10.);
#2108=VECTOR('',#7696,10.);
#2109=VECTOR('',#7697,10.);
#2110=VECTOR('',#7698,10.);
#2111=VECTOR('',#7701,10.);
#2112=VECTOR('',#7702,10.);
#2113=VECTOR('',#7703,10.);
#2114=VECTOR('',#7706,10.);
#2115=VECTOR('',#7707,10.);
#2116=VECTOR('',#7708,10.);
#2117=VECTOR('',#7709,10.);
#2118=VECTOR('',#7712,0.999999999999793);
#2119=VECTOR('',#7713,1.);
#2120=VECTOR('',#7714,0.999999999999793);
#2121=VECTOR('',#7715,1.);
#2122=VECTOR('',#7720,1.);
#2123=VECTOR('',#7725,1.);
#2124=VECTOR('',#7726,1.);
#2125=VECTOR('',#7727,1.);
#2126=VECTOR('',#7730,1.);
#2127=VECTOR('',#7731,1.);
#2128=VECTOR('',#7732,1.);
#2129=VECTOR('',#7733,1.);
#2130=VECTOR('',#7740,1.);
#2131=VECTOR('',#7743,0.999999999999793);
#2132=VECTOR('',#7744,1.);
#2133=VECTOR('',#7745,0.999999999999793);
#2134=VECTOR('',#7748,10.);
#2135=VECTOR('',#7749,0.999999999999488);
#2136=VECTOR('',#7750,10.);
#2137=VECTOR('',#7751,10.);
#2138=VECTOR('',#7754,0.999999999999488);
#2139=VECTOR('',#7755,1.);
#2140=VECTOR('',#7756,0.999999999999488);
#2141=VECTOR('',#7757,10.);
#2142=VECTOR('',#7764,10.);
#2143=VECTOR('',#7767,1.00000000000023);
#2144=VECTOR('',#7768,1.00000000000023);
#2145=VECTOR('',#7769,10.);
#2146=VECTOR('',#7776,10.);
#2147=VECTOR('',#7779,10.);
#2148=VECTOR('',#7780,10.);
#2149=VECTOR('',#7781,10.);
#2150=VECTOR('',#7784,10.);
#2151=VECTOR('',#7785,10.);
#2152=VECTOR('',#7786,10.);
#2153=VECTOR('',#7789,10.);
#2154=VECTOR('',#7790,10.);
#2155=VECTOR('',#7791,10.);
#2156=VECTOR('',#7794,10.);
#2157=VECTOR('',#7795,10.);
#2158=VECTOR('',#7798,10.);
#2159=VECTOR('',#7799,10.);
#2160=VECTOR('',#7800,10.);
#2161=VECTOR('',#7803,10.);
#2162=VECTOR('',#7804,10.);
#2163=VECTOR('',#7807,10.);
#2164=VECTOR('',#7808,10.);
#2165=VECTOR('',#7811,10.);
#2166=VECTOR('',#7812,10.);
#2167=VECTOR('',#7813,10.);
#2168=VECTOR('',#7816,10.);
#2169=VECTOR('',#7817,10.);
#2170=VECTOR('',#7820,10.);
#2171=VECTOR('',#7821,10.);
#2172=VECTOR('',#7824,10.);
#2173=VECTOR('',#7825,10.);
#2174=VECTOR('',#7826,10.);
#2175=VECTOR('',#7829,10.);
#2176=VECTOR('',#7830,10.);
#2177=VECTOR('',#7833,10.);
#2178=VECTOR('',#7834,10.);
#2179=VECTOR('',#7837,10.);
#2180=VECTOR('',#7838,10.);
#2181=VECTOR('',#7839,10.);
#2182=VECTOR('',#7842,10.);
#2183=VECTOR('',#7843,10.);
#2184=VECTOR('',#7846,10.);
#2185=VECTOR('',#7847,10.);
#2186=VECTOR('',#7850,10.);
#2187=VECTOR('',#7851,10.);
#2188=VECTOR('',#7852,10.);
#2189=VECTOR('',#7855,10.);
#2190=VECTOR('',#7856,10.);
#2191=VECTOR('',#7859,10.);
#2192=VECTOR('',#7860,10.);
#2193=VECTOR('',#7863,10.);
#2194=VECTOR('',#7864,10.);
#2195=VECTOR('',#7865,10.);
#2196=VECTOR('',#7868,10.);
#2197=VECTOR('',#7869,10.);
#2198=VECTOR('',#7872,10.);
#2199=VECTOR('',#7873,10.);
#2200=VECTOR('',#7876,10.);
#2201=VECTOR('',#7877,10.);
#2202=VECTOR('',#7878,10.);
#2203=VECTOR('',#7881,10.);
#2204=VECTOR('',#7882,10.);
#2205=VECTOR('',#7885,10.);
#2206=VECTOR('',#7886,10.);
#2207=VECTOR('',#7889,10.);
#2208=VECTOR('',#7890,10.);
#2209=VECTOR('',#7891,10.);
#2210=VECTOR('',#7894,10.);
#2211=VECTOR('',#7895,10.);
#2212=VECTOR('',#7898,10.);
#2213=VECTOR('',#7899,10.);
#2214=VECTOR('',#7902,10.);
#2215=VECTOR('',#7903,10.);
#2216=VECTOR('',#7904,10.);
#2217=VECTOR('',#7907,10.);
#2218=VECTOR('',#7908,10.);
#2219=VECTOR('',#7911,10.);
#2220=VECTOR('',#7914,10.);
#2221=VECTOR('',#7915,10.);
#2222=VECTOR('',#7916,10.);
#2223=VECTOR('',#7919,10.);
#2224=VECTOR('',#7920,10.);
#2225=VECTOR('',#7923,10.);
#2226=VECTOR('',#7924,10.);
#2227=VECTOR('',#7927,10.);
#2228=VECTOR('',#7928,10.);
#2229=VECTOR('',#7929,10.);
#2230=VECTOR('',#7932,10.);
#2231=VECTOR('',#7933,10.);
#2232=VECTOR('',#7936,10.);
#2233=VECTOR('',#7937,10.);
#2234=VECTOR('',#7940,10.);
#2235=VECTOR('',#7941,10.);
#2236=VECTOR('',#7942,10.);
#2237=VECTOR('',#7945,10.);
#2238=VECTOR('',#7946,10.);
#2239=VECTOR('',#7949,10.);
#2240=VECTOR('',#7950,10.);
#2241=VECTOR('',#7953,10.);
#2242=VECTOR('',#7954,10.);
#2243=VECTOR('',#7955,10.);
#2244=VECTOR('',#7958,10.);
#2245=VECTOR('',#7959,10.);
#2246=VECTOR('',#7962,10.);
#2247=VECTOR('',#7963,10.);
#2248=VECTOR('',#7966,10.);
#2249=VECTOR('',#7967,10.);
#2250=VECTOR('',#7968,10.);
#2251=VECTOR('',#7971,10.);
#2252=VECTOR('',#7972,10.);
#2253=VECTOR('',#7975,10.);
#2254=VECTOR('',#7976,10.);
#2255=VECTOR('',#7979,10.);
#2256=VECTOR('',#7980,10.);
#2257=VECTOR('',#7981,10.);
#2258=VECTOR('',#7984,10.);
#2259=VECTOR('',#7985,10.);
#2260=VECTOR('',#7988,10.);
#2261=VECTOR('',#7989,10.);
#2262=VECTOR('',#7992,10.);
#2263=VECTOR('',#7993,10.);
#2264=VECTOR('',#7996,10.);
#2265=VECTOR('',#7997,10.);
#2266=VECTOR('',#8000,10.);
#2267=VECTOR('',#8001,10.);
#2268=VECTOR('',#8004,10.);
#2269=VECTOR('',#8007,10.);
#2270=VECTOR('',#8010,10.);
#2271=VECTOR('',#8013,10.);
#2272=VECTOR('',#8016,10.);
#2273=VECTOR('',#8019,10.);
#2274=VECTOR('',#8022,10.);
#2275=VECTOR('',#8025,10.);
#2276=VECTOR('',#8028,10.);
#2277=VECTOR('',#8031,10.);
#2278=VECTOR('',#8034,10.);
#2279=VECTOR('',#8037,10.);
#2280=VECTOR('',#8038,10.);
#2281=VECTOR('',#8041,10.);
#2282=VECTOR('',#8044,10.);
#2283=VECTOR('',#8047,10.);
#2284=VECTOR('',#8050,10.);
#2285=VECTOR('',#8053,10.);
#2286=VECTOR('',#8054,0.999999999999488);
#2287=VECTOR('',#8055,0.999999999999488);
#2288=VECTOR('',#8058,10.);
#2289=VECTOR('',#8059,10.);
#2290=VECTOR('',#8060,10.);
#2291=VECTOR('',#8067,10.);
#2292=VECTOR('',#8070,10.);
#2293=VECTOR('',#8071,10.);
#2294=VECTOR('',#8072,10.);
#2295=VECTOR('',#8081,10.);
#2296=VECTOR('',#8082,10.);
#2297=VECTOR('',#8085,10.);
#2298=VECTOR('',#8086,10.);
#2299=VECTOR('',#8089,10.);
#2300=VECTOR('',#8090,10.);
#2301=VECTOR('',#8093,10.);
#2302=VECTOR('',#8094,10.);
#2303=VECTOR('',#8095,10.);
#2304=VECTOR('',#8098,10.);
#2305=VECTOR('',#8101,10.);
#2306=VECTOR('',#8102,10.);
#2307=VECTOR('',#8103,10.);
#2308=VECTOR('',#8106,10.);
#2309=VECTOR('',#8107,10.);
#2310=VECTOR('',#8108,10.);
#2311=VECTOR('',#8111,10.);
#2312=VECTOR('',#8112,10.);
#2313=VECTOR('',#8119,2.29999972176407);
#2314=VECTOR('',#8124,2.59999972176407);
#2315=VECTOR('',#8129,2.29999972176407);
#2316=VECTOR('',#8136,10.);
#2317=VECTOR('',#8139,10.);
#2318=VECTOR('',#8142,10.);
#2319=VECTOR('',#8143,10.);
#2320=VECTOR('',#8148,10.);
#2321=VECTOR('',#8151,10.);
#2322=VECTOR('',#8158,2.29999972176407);
#2323=VECTOR('',#8163,2.59999972176407);
#2324=VECTOR('',#8166,2.29999972176407);
#2325=VECTOR('',#8169,0.999999999999488);
#2326=VECTOR('',#8170,0.999999999999488);
#2327=VECTOR('',#8173,1.);
#2328=VECTOR('',#8178,0.999999999999919);
#2329=VECTOR('',#8181,1.00000000000044);
#2330=VECTOR('',#8184,1.00000000000044);
#2331=VECTOR('',#8187,1.0000000000003);
#2332=VECTOR('',#8190,1.0000000000003);
#2333=VECTOR('',#8191,0.999999999999626);
#2334=VECTOR('',#8194,1.00000000000005);
#2335=VECTOR('',#8195,0.999999999999714);
#2336=VECTOR('',#8198,0.999999999999715);
#2337=VECTOR('',#8201,1.00000000000023);
#2338=VECTOR('',#8204,1.00000000000037);
#2339=VECTOR('',#8207,1.00000000000028);
#2340=VECTOR('',#8214,1.00000000000021);
#2341=VECTOR('',#8219,1.);
#2342=VECTOR('',#8220,0.99999999999955);
#2343=VECTOR('',#8223,1.00000000000039);
#2344=VECTOR('',#8226,0.999999999999684);
#2345=VECTOR('',#8229,1.);
#2346=VECTOR('',#8232,1.00000000000031);
#2347=VECTOR('',#8235,1.00000000000031);
#2348=VECTOR('',#8242,1.);
#2349=VECTOR('',#8245,1.);
#2350=VECTOR('',#8246,1.);
#2351=VECTOR('',#8251,1.00000000000021);
#2352=VECTOR('',#8258,1.00000000000028);
#2353=VECTOR('',#8261,1.00000000000037);
#2354=VECTOR('',#8264,1.00000000000023);
#2355=VECTOR('',#8267,0.999999999999715);
#2356=VECTOR('',#8270,0.999999999999714);
#2357=VECTOR('',#8271,1.00000000000005);
#2358=VECTOR('',#8274,0.999999999999626);
#2359=VECTOR('',#8275,1.0000000000003);
#2360=VECTOR('',#8278,1.0000000000003);
#2361=VECTOR('',#8281,1.00000000000044);
#2362=VECTOR('',#8284,1.00000000000044);
#2363=VECTOR('',#8287,0.999999999999919);
#2364=VECTOR('',#8288,0.99999999999955);
#2365=VECTOR('',#8291,1.00000000000031);
#2366=VECTOR('',#8294,1.00000000000031);
#2367=VECTOR('',#8297,1.);
#2368=VECTOR('',#8300,0.999999999999684);
#2369=VECTOR('',#8303,1.00000000000039);
#2370=VECTOR('',#8308,1.);
#2371=VECTOR('',#8309,1.);
#2372=VECTOR('',#8310,1.);
#2373=VECTOR('',#8313,1.);
#2374=VECTOR('',#8316,1.);
#2375=VECTOR('',#8317,1.);
#2376=VECTOR('',#8320,1.);
#2377=VECTOR('',#8323,1.);
#2378=VECTOR('',#8326,1.);
#2379=VECTOR('',#8329,1.);
#2380=VECTOR('',#8332,1.);
#2381=VECTOR('',#8335,1.);
#2382=VECTOR('',#8338,1.);
#2383=VECTOR('',#8341,1.);
#2384=VECTOR('',#8344,1.);
#2385=VECTOR('',#8347,1.);
#2386=VECTOR('',#8352,1.);
#2387=VECTOR('',#8353,1.);
#2388=VECTOR('',#8356,1.);
#2389=VECTOR('',#8359,1.);
#2390=VECTOR('',#8364,1.);
#2391=VECTOR('',#8367,1.);
#2392=VECTOR('',#8370,1.);
#2393=VECTOR('',#8373,1.);
#2394=VECTOR('',#8376,1.);
#2395=VECTOR('',#8379,1.);
#2396=VECTOR('',#8382,1.);
#2397=VECTOR('',#8385,1.);
#2398=VECTOR('',#8388,1.);
#2399=VECTOR('',#8391,1.);
#2400=VECTOR('',#8394,1.);
#2401=VECTOR('',#8397,1.);
#2402=VECTOR('',#8400,1.);
#2403=VECTOR('',#8403,1.);
#2404=VECTOR('',#8406,1.);
#2405=VECTOR('',#8409,1.);
#2406=VECTOR('',#8412,1.);
#2407=VECTOR('',#8415,1.);
#2408=VECTOR('',#8418,1.);
#2409=VECTOR('',#8421,1.);
#2410=VECTOR('',#8424,1.);
#2411=VECTOR('',#8427,1.);
#2412=VECTOR('',#8430,1.);
#2413=VECTOR('',#8435,1.);
#2414=VECTOR('',#8436,1.);
#2415=VECTOR('',#8437,1.);
#2416=VECTOR('',#8442,0.999999999999919);
#2417=VECTOR('',#8445,1.00000000000044);
#2418=VECTOR('',#8448,1.00000000000044);
#2419=VECTOR('',#8451,1.0000000000003);
#2420=VECTOR('',#8454,1.0000000000003);
#2421=VECTOR('',#8455,0.999999999999626);
#2422=VECTOR('',#8458,1.00000000000005);
#2423=VECTOR('',#8459,0.999999999999714);
#2424=VECTOR('',#8462,0.999999999999715);
#2425=VECTOR('',#8465,1.00000000000023);
#2426=VECTOR('',#8468,1.00000000000037);
#2427=VECTOR('',#8471,1.00000000000028);
#2428=VECTOR('',#8478,1.00000000000021);
#2429=VECTOR('',#8483,0.99999999999955);
#2430=VECTOR('',#8486,1.00000000000039);
#2431=VECTOR('',#8489,0.999999999999684);
#2432=VECTOR('',#8492,1.);
#2433=VECTOR('',#8495,1.00000000000031);
#2434=VECTOR('',#8498,1.00000000000031);
#2435=VECTOR('',#8507,1.00000000000021);
#2436=VECTOR('',#8514,1.00000000000028);
#2437=VECTOR('',#8517,1.00000000000037);
#2438=VECTOR('',#8520,1.00000000000023);
#2439=VECTOR('',#8523,0.999999999999715);
#2440=VECTOR('',#8526,0.999999999999714);
#2441=VECTOR('',#8527,1.00000000000005);
#2442=VECTOR('',#8530,0.999999999999626);
#2443=VECTOR('',#8531,1.0000000000003);
#2444=VECTOR('',#8534,1.0000000000003);
#2445=VECTOR('',#8537,1.00000000000044);
#2446=VECTOR('',#8540,1.00000000000044);
#2447=VECTOR('',#8543,0.999999999999919);
#2448=VECTOR('',#8546,0.99999999999955);
#2449=VECTOR('',#8549,1.00000000000031);
#2450=VECTOR('',#8552,1.00000000000031);
#2451=VECTOR('',#8555,1.);
#2452=VECTOR('',#8558,0.999999999999684);
#2453=VECTOR('',#8561,1.00000000000039);
#2454=VECTOR('',#8566,1.);
#2455=VECTOR('',#8567,1.);
#2456=VECTOR('',#8570,1.);
#2457=VECTOR('',#8573,1.);
#2458=VECTOR('',#8576,1.);
#2459=VECTOR('',#8579,1.);
#2460=VECTOR('',#8582,1.);
#2461=VECTOR('',#8585,1.);
#2462=VECTOR('',#8588,1.);
#2463=VECTOR('',#8591,1.);
#2464=VECTOR('',#8594,1.);
#2465=VECTOR('',#8597,1.);
#2466=VECTOR('',#8600,1.);
#2467=VECTOR('',#8603,1.);
#2468=VECTOR('',#8606,1.);
#2469=VECTOR('',#8609,1.);
#2470=VECTOR('',#8612,1.);
#2471=VECTOR('',#8615,1.);
#2472=VECTOR('',#8618,1.);
#2473=VECTOR('',#8621,1.);
#2474=VECTOR('',#8624,1.);
#2475=VECTOR('',#8627,1.);
#2476=VECTOR('',#8630,1.);
#2477=VECTOR('',#8633,1.);
#2478=VECTOR('',#8636,1.);
#2479=VECTOR('',#8641,1.);
#2480=VECTOR('',#8644,1.);
#2481=VECTOR('',#8649,1.);
#2482=VECTOR('',#8650,1.);
#2483=VECTOR('',#8653,1.);
#2484=VECTOR('',#8656,1.);
#2485=VECTOR('',#8659,1.);
#2486=VECTOR('',#8662,1.);
#2487=VECTOR('',#8665,1.);
#2488=VECTOR('',#8668,1.);
#2489=VECTOR('',#8671,1.);
#2490=VECTOR('',#8674,1.);
#2491=VECTOR('',#8677,1.);
#2492=VECTOR('',#8680,1.);
#2493=VECTOR('',#8685,10.);
#2494=VECTOR('',#8688,10.);
#2495=VERTEX_POINT('',#8693);
#2496=VERTEX_POINT('',#8694);
#2497=VERTEX_POINT('',#8696);
#2498=VERTEX_POINT('',#8698);
#2499=VERTEX_POINT('',#8702);
#2500=VERTEX_POINT('',#8703);
#2501=VERTEX_POINT('',#8705);
#2502=VERTEX_POINT('',#8707);
#2503=VERTEX_POINT('',#8711);
#2504=VERTEX_POINT('',#8713);
#2505=VERTEX_POINT('',#8715);
#2506=VERTEX_POINT('',#8717);
#2507=VERTEX_POINT('',#8719);
#2508=VERTEX_POINT('',#8721);
#2509=VERTEX_POINT('',#8723);
#2510=VERTEX_POINT('',#8725);
#2511=VERTEX_POINT('',#8727);
#2512=VERTEX_POINT('',#8729);
#2513=VERTEX_POINT('',#8731);
#2514=VERTEX_POINT('',#8733);
#2515=VERTEX_POINT('',#8735);
#2516=VERTEX_POINT('',#8737);
#2517=VERTEX_POINT('',#8739);
#2518=VERTEX_POINT('',#8741);
#2519=VERTEX_POINT('',#8743);
#2520=VERTEX_POINT('',#8745);
#2521=VERTEX_POINT('',#8747);
#2522=VERTEX_POINT('',#8749);
#2523=VERTEX_POINT('',#8751);
#2524=VERTEX_POINT('',#8753);
#2525=VERTEX_POINT('',#8755);
#2526=VERTEX_POINT('',#8757);
#2527=VERTEX_POINT('',#8759);
#2528=VERTEX_POINT('',#8761);
#2529=VERTEX_POINT('',#8763);
#2530=VERTEX_POINT('',#8765);
#2531=VERTEX_POINT('',#8767);
#2532=VERTEX_POINT('',#8769);
#2533=VERTEX_POINT('',#8771);
#2534=VERTEX_POINT('',#8773);
#2535=VERTEX_POINT('',#8775);
#2536=VERTEX_POINT('',#8777);
#2537=VERTEX_POINT('',#8779);
#2538=VERTEX_POINT('',#8781);
#2539=VERTEX_POINT('',#8783);
#2540=VERTEX_POINT('',#8785);
#2541=VERTEX_POINT('',#8787);
#2542=VERTEX_POINT('',#8789);
#2543=VERTEX_POINT('',#8791);
#2544=VERTEX_POINT('',#8793);
#2545=VERTEX_POINT('',#8795);
#2546=VERTEX_POINT('',#8797);
#2547=VERTEX_POINT('',#8799);
#2548=VERTEX_POINT('',#8801);
#2549=VERTEX_POINT('',#8803);
#2550=VERTEX_POINT('',#8805);
#2551=VERTEX_POINT('',#8807);
#2552=VERTEX_POINT('',#8809);
#2553=VERTEX_POINT('',#8811);
#2554=VERTEX_POINT('',#8813);
#2555=VERTEX_POINT('',#8815);
#2556=VERTEX_POINT('',#8817);
#2557=VERTEX_POINT('',#8819);
#2558=VERTEX_POINT('',#8821);
#2559=VERTEX_POINT('',#8823);
#2560=VERTEX_POINT('',#8825);
#2561=VERTEX_POINT('',#8827);
#2562=VERTEX_POINT('',#8829);
#2563=VERTEX_POINT('',#8831);
#2564=VERTEX_POINT('',#8833);
#2565=VERTEX_POINT('',#8835);
#2566=VERTEX_POINT('',#8837);
#2567=VERTEX_POINT('',#8839);
#2568=VERTEX_POINT('',#8841);
#2569=VERTEX_POINT('',#8843);
#2570=VERTEX_POINT('',#8845);
#2571=VERTEX_POINT('',#8849);
#2572=VERTEX_POINT('',#8851);
#2573=VERTEX_POINT('',#8854);
#2574=VERTEX_POINT('',#8858);
#2575=VERTEX_POINT('',#8860);
#2576=VERTEX_POINT('',#8862);
#2577=VERTEX_POINT('',#8864);
#2578=VERTEX_POINT('',#8866);
#2579=VERTEX_POINT('',#8868);
#2580=VERTEX_POINT('',#8870);
#2581=VERTEX_POINT('',#8872);
#2582=VERTEX_POINT('',#8874);
#2583=VERTEX_POINT('',#8876);
#2584=VERTEX_POINT('',#8878);
#2585=VERTEX_POINT('',#8880);
#2586=VERTEX_POINT('',#8882);
#2587=VERTEX_POINT('',#8884);
#2588=VERTEX_POINT('',#8886);
#2589=VERTEX_POINT('',#8888);
#2590=VERTEX_POINT('',#8890);
#2591=VERTEX_POINT('',#8892);
#2592=VERTEX_POINT('',#8894);
#2593=VERTEX_POINT('',#8896);
#2594=VERTEX_POINT('',#8898);
#2595=VERTEX_POINT('',#8900);
#2596=VERTEX_POINT('',#8902);
#2597=VERTEX_POINT('',#8904);
#2598=VERTEX_POINT('',#8906);
#2599=VERTEX_POINT('',#8908);
#2600=VERTEX_POINT('',#8910);
#2601=VERTEX_POINT('',#8912);
#2602=VERTEX_POINT('',#8914);
#2603=VERTEX_POINT('',#8916);
#2604=VERTEX_POINT('',#8918);
#2605=VERTEX_POINT('',#8920);
#2606=VERTEX_POINT('',#8922);
#2607=VERTEX_POINT('',#8924);
#2608=VERTEX_POINT('',#8926);
#2609=VERTEX_POINT('',#8928);
#2610=VERTEX_POINT('',#8930);
#2611=VERTEX_POINT('',#8932);
#2612=VERTEX_POINT('',#8934);
#2613=VERTEX_POINT('',#8936);
#2614=VERTEX_POINT('',#8938);
#2615=VERTEX_POINT('',#8940);
#2616=VERTEX_POINT('',#8942);
#2617=VERTEX_POINT('',#8944);
#2618=VERTEX_POINT('',#8946);
#2619=VERTEX_POINT('',#8948);
#2620=VERTEX_POINT('',#8950);
#2621=VERTEX_POINT('',#8952);
#2622=VERTEX_POINT('',#8954);
#2623=VERTEX_POINT('',#8956);
#2624=VERTEX_POINT('',#8958);
#2625=VERTEX_POINT('',#8960);
#2626=VERTEX_POINT('',#8962);
#2627=VERTEX_POINT('',#8964);
#2628=VERTEX_POINT('',#8966);
#2629=VERTEX_POINT('',#8968);
#2630=VERTEX_POINT('',#8970);
#2631=VERTEX_POINT('',#8972);
#2632=VERTEX_POINT('',#8974);
#2633=VERTEX_POINT('',#8976);
#2634=VERTEX_POINT('',#8978);
#2635=VERTEX_POINT('',#8980);
#2636=VERTEX_POINT('',#8982);
#2637=VERTEX_POINT('',#8984);
#2638=VERTEX_POINT('',#8986);
#2639=VERTEX_POINT('',#8988);
#2640=VERTEX_POINT('',#8990);
#2641=VERTEX_POINT('',#8994);
#2642=VERTEX_POINT('',#8998);
#2643=VERTEX_POINT('',#9002);
#2644=VERTEX_POINT('',#9004);
#2645=VERTEX_POINT('',#9006);
#2646=VERTEX_POINT('',#9008);
#2647=VERTEX_POINT('',#9012);
#2648=VERTEX_POINT('',#9013);
#2649=VERTEX_POINT('',#9015);
#2650=VERTEX_POINT('',#9017);
#2651=VERTEX_POINT('',#9021);
#2652=VERTEX_POINT('',#9023);
#2653=VERTEX_POINT('',#9027);
#2654=VERTEX_POINT('',#9030);
#2655=VERTEX_POINT('',#9032);
#2656=VERTEX_POINT('',#9034);
#2657=VERTEX_POINT('',#9036);
#2658=VERTEX_POINT('',#9038);
#2659=VERTEX_POINT('',#9040);
#2660=VERTEX_POINT('',#9044);
#2661=VERTEX_POINT('',#9048);
#2662=VERTEX_POINT('',#9052);
#2663=VERTEX_POINT('',#9054);
#2664=VERTEX_POINT('',#9056);
#2665=VERTEX_POINT('',#9058);
#2666=VERTEX_POINT('',#9060);
#2667=VERTEX_POINT('',#9211);
#2668=VERTEX_POINT('',#9212);
#2669=VERTEX_POINT('',#9214);
#2670=VERTEX_POINT('',#9219);
#2671=VERTEX_POINT('',#9224);
#2672=VERTEX_POINT('',#9231);
#2673=VERTEX_POINT('',#9247);
#2674=VERTEX_POINT('',#9260);
#2675=VERTEX_POINT('',#9283);
#2676=VERTEX_POINT('',#9292);
#2677=VERTEX_POINT('',#9294);
#2678=VERTEX_POINT('',#9301);
#2679=VERTEX_POINT('',#9354);
#2680=VERTEX_POINT('',#9356);
#2681=VERTEX_POINT('',#9374);
#2682=VERTEX_POINT('',#9375);
#2683=VERTEX_POINT('',#9385);
#2684=VERTEX_POINT('',#9387);
#2685=VERTEX_POINT('',#9391);
#2686=VERTEX_POINT('',#9392);
#2687=VERTEX_POINT('',#9397);
#2688=VERTEX_POINT('',#9399);
#2689=VERTEX_POINT('',#9403);
#2690=VERTEX_POINT('',#9408);
#2691=VERTEX_POINT('',#9412);
#2692=VERTEX_POINT('',#9413);
#2693=VERTEX_POINT('',#9415);
#2694=VERTEX_POINT('',#9420);
#2695=VERTEX_POINT('',#9433);
#2696=VERTEX_POINT('',#9440);
#2697=VERTEX_POINT('',#9441);
#2698=VERTEX_POINT('',#9444);
#2699=VERTEX_POINT('',#9487);
#2700=VERTEX_POINT('',#9488);
#2701=VERTEX_POINT('',#9497);
#2702=VERTEX_POINT('',#9514);
#2703=VERTEX_POINT('',#9526);
#2704=VERTEX_POINT('',#9539);
#2705=VERTEX_POINT('',#9556);
#2706=VERTEX_POINT('',#9563);
#2707=VERTEX_POINT('',#9570);
#2708=VERTEX_POINT('',#9572);
#2709=VERTEX_POINT('',#9581);
#2710=VERTEX_POINT('',#9743);
#2711=VERTEX_POINT('',#9773);
#2712=VERTEX_POINT('',#9778);
#2713=VERTEX_POINT('',#9783);
#2714=VERTEX_POINT('',#9790);
#2715=VERTEX_POINT('',#9795);
#2716=VERTEX_POINT('',#9825);
#2717=VERTEX_POINT('',#9827);
#2718=VERTEX_POINT('',#9836);
#2719=VERTEX_POINT('',#9852);
#2720=VERTEX_POINT('',#9854);
#2721=VERTEX_POINT('',#9858);
#2722=VERTEX_POINT('',#9860);
#2723=VERTEX_POINT('',#9875);
#2724=VERTEX_POINT('',#9932);
#2725=VERTEX_POINT('',#9935);
#2726=VERTEX_POINT('',#9936);
#2727=VERTEX_POINT('',#9941);
#2728=VERTEX_POINT('',#9944);
#2729=VERTEX_POINT('',#9946);
#2730=VERTEX_POINT('',#9950);
#2731=VERTEX_POINT('',#9954);
#2732=VERTEX_POINT('',#9960);
#2733=VERTEX_POINT('',#9961);
#2734=VERTEX_POINT('',#9963);
#2735=VERTEX_POINT('',#9965);
#2736=VERTEX_POINT('',#9969);
#2737=VERTEX_POINT('',#9970);
#2738=VERTEX_POINT('',#9972);
#2739=VERTEX_POINT('',#9974);
#2740=VERTEX_POINT('',#9976);
#2741=VERTEX_POINT('',#9978);
#2742=VERTEX_POINT('',#9980);
#2743=VERTEX_POINT('',#9982);
#2744=VERTEX_POINT('',#9984);
#2745=VERTEX_POINT('',#9986);
#2746=VERTEX_POINT('',#9988);
#2747=VERTEX_POINT('',#9990);
#2748=VERTEX_POINT('',#9992);
#2749=VERTEX_POINT('',#9994);
#2750=VERTEX_POINT('',#9996);
#2751=VERTEX_POINT('',#9998);
#2752=VERTEX_POINT('',#10000);
#2753=VERTEX_POINT('',#10002);
#2754=VERTEX_POINT('',#10004);
#2755=VERTEX_POINT('',#10006);
#2756=VERTEX_POINT('',#10008);
#2757=VERTEX_POINT('',#10010);
#2758=VERTEX_POINT('',#10012);
#2759=VERTEX_POINT('',#10014);
#2760=VERTEX_POINT('',#10016);
#2761=VERTEX_POINT('',#10018);
#2762=VERTEX_POINT('',#10020);
#2763=VERTEX_POINT('',#10022);
#2764=VERTEX_POINT('',#10024);
#2765=VERTEX_POINT('',#10026);
#2766=VERTEX_POINT('',#10028);
#2767=VERTEX_POINT('',#10030);
#2768=VERTEX_POINT('',#10032);
#2769=VERTEX_POINT('',#10034);
#2770=VERTEX_POINT('',#10036);
#2771=VERTEX_POINT('',#10038);
#2772=VERTEX_POINT('',#10040);
#2773=VERTEX_POINT('',#10042);
#2774=VERTEX_POINT('',#10044);
#2775=VERTEX_POINT('',#10046);
#2776=VERTEX_POINT('',#10048);
#2777=VERTEX_POINT('',#10050);
#2778=VERTEX_POINT('',#10052);
#2779=VERTEX_POINT('',#10054);
#2780=VERTEX_POINT('',#10056);
#2781=VERTEX_POINT('',#10058);
#2782=VERTEX_POINT('',#10060);
#2783=VERTEX_POINT('',#10062);
#2784=VERTEX_POINT('',#10064);
#2785=VERTEX_POINT('',#10066);
#2786=VERTEX_POINT('',#10068);
#2787=VERTEX_POINT('',#10070);
#2788=VERTEX_POINT('',#10072);
#2789=VERTEX_POINT('',#10074);
#2790=VERTEX_POINT('',#10076);
#2791=VERTEX_POINT('',#10078);
#2792=VERTEX_POINT('',#10080);
#2793=VERTEX_POINT('',#10082);
#2794=VERTEX_POINT('',#10084);
#2795=VERTEX_POINT('',#10086);
#2796=VERTEX_POINT('',#10088);
#2797=VERTEX_POINT('',#10090);
#2798=VERTEX_POINT('',#10092);
#2799=VERTEX_POINT('',#10094);
#2800=VERTEX_POINT('',#10096);
#2801=VERTEX_POINT('',#10098);
#2802=VERTEX_POINT('',#10100);
#2803=VERTEX_POINT('',#10102);
#2804=VERTEX_POINT('',#10104);
#2805=VERTEX_POINT('',#10106);
#2806=VERTEX_POINT('',#10108);
#2807=VERTEX_POINT('',#10110);
#2808=VERTEX_POINT('',#10112);
#2809=VERTEX_POINT('',#10115);
#2810=VERTEX_POINT('',#10118);
#2811=VERTEX_POINT('',#10120);
#2812=VERTEX_POINT('',#10122);
#2813=VERTEX_POINT('',#10124);
#2814=VERTEX_POINT('',#10126);
#2815=VERTEX_POINT('',#10128);
#2816=VERTEX_POINT('',#10130);
#2817=VERTEX_POINT('',#10132);
#2818=VERTEX_POINT('',#10134);
#2819=VERTEX_POINT('',#10136);
#2820=VERTEX_POINT('',#10138);
#2821=VERTEX_POINT('',#10140);
#2822=VERTEX_POINT('',#10144);
#2823=VERTEX_POINT('',#10146);
#2824=VERTEX_POINT('',#10148);
#2825=VERTEX_POINT('',#10150);
#2826=VERTEX_POINT('',#10154);
#2827=VERTEX_POINT('',#10156);
#2828=VERTEX_POINT('',#10158);
#2829=VERTEX_POINT('',#10160);
#2830=VERTEX_POINT('',#10164);
#2831=VERTEX_POINT('',#10166);
#2832=VERTEX_POINT('',#10170);
#2833=VERTEX_POINT('',#10171);
#2834=VERTEX_POINT('',#10173);
#2835=VERTEX_POINT('',#10175);
#2836=VERTEX_POINT('',#10179);
#2837=VERTEX_POINT('',#10180);
#2838=VERTEX_POINT('',#10182);
#2839=VERTEX_POINT('',#10184);
#2840=VERTEX_POINT('',#10188);
#2841=VERTEX_POINT('',#10190);
#2842=VERTEX_POINT('',#10194);
#2843=VERTEX_POINT('',#10196);
#2844=VERTEX_POINT('',#10200);
#2845=VERTEX_POINT('',#10201);
#2846=VERTEX_POINT('',#10203);
#2847=VERTEX_POINT('',#10205);
#2848=VERTEX_POINT('',#10209);
#2849=VERTEX_POINT('',#10211);
#2850=VERTEX_POINT('',#10215);
#2851=VERTEX_POINT('',#10217);
#2852=VERTEX_POINT('',#10221);
#2853=VERTEX_POINT('',#10222);
#2854=VERTEX_POINT('',#10224);
#2855=VERTEX_POINT('',#10226);
#2856=VERTEX_POINT('',#10230);
#2857=VERTEX_POINT('',#10232);
#2858=VERTEX_POINT('',#10237);
#2859=VERTEX_POINT('',#10239);
#2860=VERTEX_POINT('',#10243);
#2861=VERTEX_POINT('',#10245);
#2862=VERTEX_POINT('',#10249);
#2863=VERTEX_POINT('',#10251);
#2864=VERTEX_POINT('',#10255);
#2865=VERTEX_POINT('',#10257);
#2866=VERTEX_POINT('',#10261);
#2867=VERTEX_POINT('',#10263);
#2868=VERTEX_POINT('',#10267);
#2869=VERTEX_POINT('',#10268);
#2870=VERTEX_POINT('',#10273);
#2871=VERTEX_POINT('',#10277);
#2872=VERTEX_POINT('',#10278);
#2873=VERTEX_POINT('',#10283);
#2874=VERTEX_POINT('',#10287);
#2875=VERTEX_POINT('',#10291);
#2876=VERTEX_POINT('',#10292);
#2877=VERTEX_POINT('',#10297);
#2878=VERTEX_POINT('',#10301);
#2879=VERTEX_POINT('',#10305);
#2880=VERTEX_POINT('',#10306);
#2881=VERTEX_POINT('',#10311);
#2882=VERTEX_POINT('',#10315);
#2883=VERTEX_POINT('',#10319);
#2884=VERTEX_POINT('',#10320);
#2885=VERTEX_POINT('',#10325);
#2886=VERTEX_POINT('',#10329);
#2887=VERTEX_POINT('',#10333);
#2888=VERTEX_POINT('',#10334);
#2889=VERTEX_POINT('',#10339);
#2890=VERTEX_POINT('',#10343);
#2891=VERTEX_POINT('',#10347);
#2892=VERTEX_POINT('',#10348);
#2893=VERTEX_POINT('',#10353);
#2894=VERTEX_POINT('',#10357);
#2895=VERTEX_POINT('',#10361);
#2896=VERTEX_POINT('',#10362);
#2897=VERTEX_POINT('',#10367);
#2898=VERTEX_POINT('',#10371);
#2899=VERTEX_POINT('',#10375);
#2900=VERTEX_POINT('',#10376);
#2901=VERTEX_POINT('',#10381);
#2902=VERTEX_POINT('',#10385);
#2903=VERTEX_POINT('',#10389);
#2904=VERTEX_POINT('',#10390);
#2905=VERTEX_POINT('',#10395);
#2906=VERTEX_POINT('',#10401);
#2907=VERTEX_POINT('',#10402);
#2908=VERTEX_POINT('',#10407);
#2909=VERTEX_POINT('',#10411);
#2910=VERTEX_POINT('',#10415);
#2911=VERTEX_POINT('',#10416);
#2912=VERTEX_POINT('',#10421);
#2913=VERTEX_POINT('',#10425);
#2914=VERTEX_POINT('',#10429);
#2915=VERTEX_POINT('',#10430);
#2916=VERTEX_POINT('',#10435);
#2917=VERTEX_POINT('',#10439);
#2918=VERTEX_POINT('',#10443);
#2919=VERTEX_POINT('',#10444);
#2920=VERTEX_POINT('',#10449);
#2921=VERTEX_POINT('',#10453);
#2922=VERTEX_POINT('',#10457);
#2923=VERTEX_POINT('',#10458);
#2924=VERTEX_POINT('',#10463);
#2925=VERTEX_POINT('',#10467);
#2926=VERTEX_POINT('',#10471);
#2927=VERTEX_POINT('',#10472);
#2928=VERTEX_POINT('',#10477);
#2929=VERTEX_POINT('',#10481);
#2930=VERTEX_POINT('',#10485);
#2931=VERTEX_POINT('',#10489);
#2932=VERTEX_POINT('',#10493);
#2933=VERTEX_POINT('',#10519);
#2934=VERTEX_POINT('',#10531);
#2935=VERTEX_POINT('',#10532);
#2936=VERTEX_POINT('',#10537);
#2937=VERTEX_POINT('',#10538);
#2938=VERTEX_POINT('',#10543);
#2939=VERTEX_POINT('',#10545);
#2940=VERTEX_POINT('',#10549);
#2941=VERTEX_POINT('',#10550);
#2942=VERTEX_POINT('',#10558);
#2943=VERTEX_POINT('',#10562);
#2944=VERTEX_POINT('',#10569);
#2945=VERTEX_POINT('',#10576);
#2946=VERTEX_POINT('',#10577);
#2947=VERTEX_POINT('',#10582);
#2948=VERTEX_POINT('',#10584);
#2949=VERTEX_POINT('',#10589);
#2950=VERTEX_POINT('',#10592);
#2951=VERTEX_POINT('',#10595);
#2952=VERTEX_POINT('',#10599);
#2953=VERTEX_POINT('',#10603);
#2954=VERTEX_POINT('',#10607);
#2955=VERTEX_POINT('',#10613);
#2956=VERTEX_POINT('',#10617);
#2957=VERTEX_POINT('',#10622);
#2958=VERTEX_POINT('',#10625);
#2959=VERTEX_POINT('',#10629);
#2960=VERTEX_POINT('',#10640);
#2961=VERTEX_POINT('',#10642);
#2962=VERTEX_POINT('',#10644);
#2963=VERTEX_POINT('',#10646);
#2964=VERTEX_POINT('',#10648);
#2965=VERTEX_POINT('',#10650);
#2966=VERTEX_POINT('',#10652);
#2967=VERTEX_POINT('',#10654);
#2968=VERTEX_POINT('',#10656);
#2969=VERTEX_POINT('',#10658);
#2970=VERTEX_POINT('',#10660);
#2971=VERTEX_POINT('',#10662);
#2972=VERTEX_POINT('',#10664);
#2973=VERTEX_POINT('',#10666);
#2974=VERTEX_POINT('',#10668);
#2975=VERTEX_POINT('',#10670);
#2976=VERTEX_POINT('',#10672);
#2977=VERTEX_POINT('',#10674);
#2978=VERTEX_POINT('',#10676);
#2979=VERTEX_POINT('',#10678);
#2980=VERTEX_POINT('',#10680);
#2981=VERTEX_POINT('',#10682);
#2982=VERTEX_POINT('',#10684);
#2983=VERTEX_POINT('',#10686);
#2984=VERTEX_POINT('',#10688);
#2985=VERTEX_POINT('',#10690);
#2986=VERTEX_POINT('',#10692);
#2987=VERTEX_POINT('',#10694);
#2988=VERTEX_POINT('',#10697);
#2989=VERTEX_POINT('',#10698);
#2990=VERTEX_POINT('',#10700);
#2991=VERTEX_POINT('',#10702);
#2992=VERTEX_POINT('',#10704);
#2993=VERTEX_POINT('',#10706);
#2994=VERTEX_POINT('',#10708);
#2995=VERTEX_POINT('',#10710);
#2996=VERTEX_POINT('',#10712);
#2997=VERTEX_POINT('',#10714);
#2998=VERTEX_POINT('',#10716);
#2999=VERTEX_POINT('',#10718);
#3000=VERTEX_POINT('',#10722);
#3001=VERTEX_POINT('',#10727);
#3002=VERTEX_POINT('',#10729);
#3003=VERTEX_POINT('',#10731);
#3004=VERTEX_POINT('',#10733);
#3005=VERTEX_POINT('',#10735);
#3006=VERTEX_POINT('',#10737);
#3007=VERTEX_POINT('',#10739);
#3008=VERTEX_POINT('',#10741);
#3009=VERTEX_POINT('',#10743);
#3010=VERTEX_POINT('',#10745);
#3011=VERTEX_POINT('',#10747);
#3012=VERTEX_POINT('',#10749);
#3013=VERTEX_POINT('',#10751);
#3014=VERTEX_POINT('',#10753);
#3015=VERTEX_POINT('',#10755);
#3016=VERTEX_POINT('',#10757);
#3017=VERTEX_POINT('',#10759);
#3018=VERTEX_POINT('',#10761);
#3019=VERTEX_POINT('',#10763);
#3020=VERTEX_POINT('',#10765);
#3021=VERTEX_POINT('',#10767);
#3022=VERTEX_POINT('',#10769);
#3023=VERTEX_POINT('',#10771);
#3024=VERTEX_POINT('',#10773);
#3025=VERTEX_POINT('',#10775);
#3026=VERTEX_POINT('',#10777);
#3027=VERTEX_POINT('',#10779);
#3028=VERTEX_POINT('',#10782);
#3029=VERTEX_POINT('',#10783);
#3030=VERTEX_POINT('',#10785);
#3031=VERTEX_POINT('',#10787);
#3032=VERTEX_POINT('',#10789);
#3033=VERTEX_POINT('',#10791);
#3034=VERTEX_POINT('',#10793);
#3035=VERTEX_POINT('',#10795);
#3036=VERTEX_POINT('',#10797);
#3037=VERTEX_POINT('',#10799);
#3038=VERTEX_POINT('',#10801);
#3039=VERTEX_POINT('',#10803);
#3040=VERTEX_POINT('',#10807);
#3041=VERTEX_POINT('',#10809);
#3042=VERTEX_POINT('',#10894);
#3043=VERTEX_POINT('',#10896);
#3044=VERTEX_POINT('',#10900);
#3045=VERTEX_POINT('',#10902);
#3046=VERTEX_POINT('',#10904);
#3047=VERTEX_POINT('',#10906);
#3048=VERTEX_POINT('',#10908);
#3049=VERTEX_POINT('',#10910);
#3050=VERTEX_POINT('',#10912);
#3051=VERTEX_POINT('',#10914);
#3052=VERTEX_POINT('',#10916);
#3053=VERTEX_POINT('',#10918);
#3054=VERTEX_POINT('',#10920);
#3055=VERTEX_POINT('',#10922);
#3056=VERTEX_POINT('',#10924);
#3057=VERTEX_POINT('',#10926);
#3058=VERTEX_POINT('',#10928);
#3059=VERTEX_POINT('',#10930);
#3060=VERTEX_POINT('',#10932);
#3061=VERTEX_POINT('',#10934);
#3062=VERTEX_POINT('',#10936);
#3063=VERTEX_POINT('',#10938);
#3064=VERTEX_POINT('',#10940);
#3065=VERTEX_POINT('',#10942);
#3066=VERTEX_POINT('',#10944);
#3067=VERTEX_POINT('',#10946);
#3068=VERTEX_POINT('',#10948);
#3069=VERTEX_POINT('',#10950);
#3070=VERTEX_POINT('',#10952);
#3071=VERTEX_POINT('',#10955);
#3072=VERTEX_POINT('',#10956);
#3073=VERTEX_POINT('',#10958);
#3074=VERTEX_POINT('',#10960);
#3075=VERTEX_POINT('',#10962);
#3076=VERTEX_POINT('',#10964);
#3077=VERTEX_POINT('',#10966);
#3078=VERTEX_POINT('',#10968);
#3079=VERTEX_POINT('',#10970);
#3080=VERTEX_POINT('',#10972);
#3081=VERTEX_POINT('',#10974);
#3082=VERTEX_POINT('',#10976);
#3083=VERTEX_POINT('',#10980);
#3084=VERTEX_POINT('',#10982);
#3085=VERTEX_POINT('',#10984);
#3086=VERTEX_POINT('',#10986);
#3087=VERTEX_POINT('',#10988);
#3088=VERTEX_POINT('',#10990);
#3089=VERTEX_POINT('',#10992);
#3090=VERTEX_POINT('',#10994);
#3091=VERTEX_POINT('',#10996);
#3092=VERTEX_POINT('',#10998);
#3093=VERTEX_POINT('',#11000);
#3094=VERTEX_POINT('',#11002);
#3095=VERTEX_POINT('',#11004);
#3096=VERTEX_POINT('',#11006);
#3097=VERTEX_POINT('',#11008);
#3098=VERTEX_POINT('',#11010);
#3099=VERTEX_POINT('',#11012);
#3100=VERTEX_POINT('',#11014);
#3101=VERTEX_POINT('',#11016);
#3102=VERTEX_POINT('',#11018);
#3103=VERTEX_POINT('',#11020);
#3104=VERTEX_POINT('',#11022);
#3105=VERTEX_POINT('',#11024);
#3106=VERTEX_POINT('',#11026);
#3107=VERTEX_POINT('',#11028);
#3108=VERTEX_POINT('',#11030);
#3109=VERTEX_POINT('',#11032);
#3110=VERTEX_POINT('',#11035);
#3111=VERTEX_POINT('',#11036);
#3112=VERTEX_POINT('',#11038);
#3113=VERTEX_POINT('',#11040);
#3114=VERTEX_POINT('',#11042);
#3115=VERTEX_POINT('',#11044);
#3116=VERTEX_POINT('',#11046);
#3117=VERTEX_POINT('',#11048);
#3118=VERTEX_POINT('',#11050);
#3119=VERTEX_POINT('',#11052);
#3120=VERTEX_POINT('',#11054);
#3121=VERTEX_POINT('',#11056);
#3122=EDGE_CURVE('',#2495,#2496,#979,.T.);
#3123=EDGE_CURVE('',#2497,#2495,#980,.T.);
#3124=EDGE_CURVE('',#2498,#2497,#981,.T.);
#3125=EDGE_CURVE('',#2496,#2498,#982,.T.);
#3126=EDGE_CURVE('',#2499,#2500,#983,.T.);
#3127=EDGE_CURVE('',#2501,#2499,#984,.T.);
#3128=EDGE_CURVE('',#2502,#2501,#985,.T.);
#3129=EDGE_CURVE('',#2500,#2502,#986,.T.);
#3130=EDGE_CURVE('',#2503,#2497,#987,.T.);
#3131=EDGE_CURVE('',#2504,#2503,#988,.T.);
#3132=EDGE_CURVE('',#2505,#2504,#989,.T.);
#3133=EDGE_CURVE('',#2506,#2505,#990,.T.);
#3134=EDGE_CURVE('',#2507,#2506,#991,.T.);
#3135=EDGE_CURVE('',#2508,#2507,#992,.T.);
#3136=EDGE_CURVE('',#2509,#2508,#993,.T.);
#3137=EDGE_CURVE('',#2510,#2509,#994,.T.);
#3138=EDGE_CURVE('',#2511,#2510,#995,.T.);
#3139=EDGE_CURVE('',#2512,#2511,#996,.T.);
#3140=EDGE_CURVE('',#2513,#2512,#997,.T.);
#3141=EDGE_CURVE('',#2514,#2513,#998,.T.);
#3142=EDGE_CURVE('',#2515,#2514,#999,.T.);
#3143=EDGE_CURVE('',#2516,#2515,#1000,.T.);
#3144=EDGE_CURVE('',#2517,#2516,#1001,.T.);
#3145=EDGE_CURVE('',#2518,#2517,#1002,.T.);
#3146=EDGE_CURVE('',#2519,#2518,#1003,.T.);
#3147=EDGE_CURVE('',#2520,#2519,#1004,.T.);
#3148=EDGE_CURVE('',#2521,#2520,#1005,.T.);
#3149=EDGE_CURVE('',#2522,#2521,#1006,.T.);
#3150=EDGE_CURVE('',#2523,#2522,#1007,.T.);
#3151=EDGE_CURVE('',#2524,#2523,#1008,.T.);
#3152=EDGE_CURVE('',#2525,#2524,#1009,.T.);
#3153=EDGE_CURVE('',#2526,#2525,#1010,.T.);
#3154=EDGE_CURVE('',#2527,#2526,#1011,.T.);
#3155=EDGE_CURVE('',#2528,#2527,#1012,.T.);
#3156=EDGE_CURVE('',#2529,#2528,#1013,.T.);
#3157=EDGE_CURVE('',#2530,#2529,#1014,.T.);
#3158=EDGE_CURVE('',#2531,#2530,#1015,.T.);
#3159=EDGE_CURVE('',#2532,#2531,#1016,.T.);
#3160=EDGE_CURVE('',#2533,#2532,#1017,.T.);
#3161=EDGE_CURVE('',#2534,#2533,#1018,.T.);
#3162=EDGE_CURVE('',#2535,#2534,#1019,.T.);
#3163=EDGE_CURVE('',#2536,#2535,#1020,.T.);
#3164=EDGE_CURVE('',#2537,#2536,#1021,.T.);
#3165=EDGE_CURVE('',#2538,#2537,#1022,.T.);
#3166=EDGE_CURVE('',#2539,#2538,#1023,.T.);
#3167=EDGE_CURVE('',#2540,#2539,#1024,.T.);
#3168=EDGE_CURVE('',#2541,#2540,#1025,.T.);
#3169=EDGE_CURVE('',#2542,#2541,#1026,.T.);
#3170=EDGE_CURVE('',#2543,#2542,#1027,.T.);
#3171=EDGE_CURVE('',#2544,#2543,#1028,.T.);
#3172=EDGE_CURVE('',#2545,#2544,#1029,.T.);
#3173=EDGE_CURVE('',#2546,#2545,#1030,.T.);
#3174=EDGE_CURVE('',#2547,#2546,#1031,.T.);
#3175=EDGE_CURVE('',#2548,#2547,#1032,.T.);
#3176=EDGE_CURVE('',#2549,#2548,#1033,.T.);
#3177=EDGE_CURVE('',#2550,#2549,#1034,.T.);
#3178=EDGE_CURVE('',#2551,#2550,#1035,.T.);
#3179=EDGE_CURVE('',#2552,#2551,#1036,.T.);
#3180=EDGE_CURVE('',#2553,#2552,#1037,.T.);
#3181=EDGE_CURVE('',#2554,#2553,#1038,.T.);
#3182=EDGE_CURVE('',#2555,#2554,#1039,.T.);
#3183=EDGE_CURVE('',#2556,#2555,#1040,.T.);
#3184=EDGE_CURVE('',#2557,#2556,#1041,.T.);
#3185=EDGE_CURVE('',#2558,#2557,#1042,.T.);
#3186=EDGE_CURVE('',#2559,#2558,#1043,.T.);
#3187=EDGE_CURVE('',#2560,#2559,#1044,.T.);
#3188=EDGE_CURVE('',#2561,#2560,#1045,.T.);
#3189=EDGE_CURVE('',#2562,#2561,#1046,.T.);
#3190=EDGE_CURVE('',#2563,#2562,#1047,.T.);
#3191=EDGE_CURVE('',#2564,#2563,#1048,.T.);
#3192=EDGE_CURVE('',#2565,#2564,#1049,.T.);
#3193=EDGE_CURVE('',#2566,#2565,#1050,.T.);
#3194=EDGE_CURVE('',#2567,#2566,#1051,.T.);
#3195=EDGE_CURVE('',#2568,#2567,#1052,.T.);
#3196=EDGE_CURVE('',#2569,#2568,#1053,.T.);
#3197=EDGE_CURVE('',#2570,#2569,#1054,.T.);
#3198=EDGE_CURVE('',#2498,#2570,#1055,.T.);
#3199=EDGE_CURVE('',#2495,#2571,#1056,.T.);
#3200=EDGE_CURVE('',#2572,#2571,#1057,.T.);
#3201=EDGE_CURVE('',#2572,#2499,#1058,.T.);
#3202=EDGE_CURVE('',#2500,#2573,#1059,.T.);
#3203=EDGE_CURVE('',#2573,#2503,#1060,.T.);
#3204=EDGE_CURVE('',#2574,#2502,#1061,.T.);
#3205=EDGE_CURVE('',#2575,#2574,#1062,.T.);
#3206=EDGE_CURVE('',#2576,#2575,#1063,.T.);
#3207=EDGE_CURVE('',#2577,#2576,#1064,.T.);
#3208=EDGE_CURVE('',#2578,#2577,#1065,.T.);
#3209=EDGE_CURVE('',#2579,#2578,#1066,.T.);
#3210=EDGE_CURVE('',#2580,#2579,#1067,.T.);
#3211=EDGE_CURVE('',#2581,#2580,#1068,.T.);
#3212=EDGE_CURVE('',#2582,#2581,#1069,.T.);
#3213=EDGE_CURVE('',#2583,#2582,#1070,.T.);
#3214=EDGE_CURVE('',#2584,#2583,#1071,.T.);
#3215=EDGE_CURVE('',#2585,#2584,#1072,.T.);
#3216=EDGE_CURVE('',#2586,#2585,#1073,.T.);
#3217=EDGE_CURVE('',#2587,#2586,#1074,.T.);
#3218=EDGE_CURVE('',#2588,#2587,#1075,.T.);
#3219=EDGE_CURVE('',#2589,#2588,#1076,.T.);
#3220=EDGE_CURVE('',#2590,#2589,#1077,.T.);
#3221=EDGE_CURVE('',#2591,#2590,#1078,.T.);
#3222=EDGE_CURVE('',#2592,#2591,#1079,.T.);
#3223=EDGE_CURVE('',#2593,#2592,#1080,.T.);
#3224=EDGE_CURVE('',#2594,#2593,#1081,.T.);
#3225=EDGE_CURVE('',#2595,#2594,#1082,.T.);
#3226=EDGE_CURVE('',#2596,#2595,#1083,.T.);
#3227=EDGE_CURVE('',#2597,#2596,#1084,.T.);
#3228=EDGE_CURVE('',#2598,#2597,#1085,.T.);
#3229=EDGE_CURVE('',#2599,#2598,#1086,.T.);
#3230=EDGE_CURVE('',#2600,#2599,#1087,.T.);
#3231=EDGE_CURVE('',#2601,#2600,#1088,.T.);
#3232=EDGE_CURVE('',#2602,#2601,#1089,.T.);
#3233=EDGE_CURVE('',#2603,#2602,#1090,.T.);
#3234=EDGE_CURVE('',#2604,#2603,#1091,.T.);
#3235=EDGE_CURVE('',#2605,#2604,#1092,.T.);
#3236=EDGE_CURVE('',#2606,#2605,#1093,.T.);
#3237=EDGE_CURVE('',#2607,#2606,#1094,.T.);
#3238=EDGE_CURVE('',#2608,#2607,#1095,.T.);
#3239=EDGE_CURVE('',#2609,#2608,#1096,.T.);
#3240=EDGE_CURVE('',#2610,#2609,#1097,.T.);
#3241=EDGE_CURVE('',#2611,#2610,#1098,.T.);
#3242=EDGE_CURVE('',#2612,#2611,#1099,.T.);
#3243=EDGE_CURVE('',#2613,#2612,#1100,.T.);
#3244=EDGE_CURVE('',#2614,#2613,#1101,.T.);
#3245=EDGE_CURVE('',#2615,#2614,#1102,.T.);
#3246=EDGE_CURVE('',#2616,#2615,#1103,.T.);
#3247=EDGE_CURVE('',#2617,#2616,#1104,.T.);
#3248=EDGE_CURVE('',#2618,#2617,#1105,.T.);
#3249=EDGE_CURVE('',#2619,#2618,#1106,.T.);
#3250=EDGE_CURVE('',#2620,#2619,#1107,.T.);
#3251=EDGE_CURVE('',#2621,#2620,#1108,.T.);
#3252=EDGE_CURVE('',#2622,#2621,#1109,.T.);
#3253=EDGE_CURVE('',#2623,#2622,#1110,.T.);
#3254=EDGE_CURVE('',#2624,#2623,#1111,.T.);
#3255=EDGE_CURVE('',#2625,#2624,#1112,.T.);
#3256=EDGE_CURVE('',#2626,#2625,#1113,.T.);
#3257=EDGE_CURVE('',#2627,#2626,#1114,.T.);
#3258=EDGE_CURVE('',#2628,#2627,#1115,.T.);
#3259=EDGE_CURVE('',#2629,#2628,#1116,.T.);
#3260=EDGE_CURVE('',#2630,#2629,#1117,.T.);
#3261=EDGE_CURVE('',#2631,#2630,#1118,.T.);
#3262=EDGE_CURVE('',#2632,#2631,#1119,.T.);
#3263=EDGE_CURVE('',#2633,#2632,#1120,.T.);
#3264=EDGE_CURVE('',#2634,#2633,#1121,.T.);
#3265=EDGE_CURVE('',#2635,#2634,#1122,.T.);
#3266=EDGE_CURVE('',#2636,#2635,#1123,.T.);
#3267=EDGE_CURVE('',#2637,#2636,#1124,.T.);
#3268=EDGE_CURVE('',#2638,#2637,#1125,.T.);
#3269=EDGE_CURVE('',#2639,#2638,#1126,.T.);
#3270=EDGE_CURVE('',#2640,#2639,#1127,.T.);
#3271=EDGE_CURVE('',#2573,#2640,#1128,.T.);
#3272=EDGE_CURVE('',#2571,#2641,#1129,.T.);
#3273=EDGE_CURVE('',#2641,#2496,#1130,.T.);
#3274=EDGE_CURVE('',#2642,#2572,#1131,.T.);
#3275=EDGE_CURVE('',#2642,#2501,#1132,.T.);
#3276=EDGE_CURVE('',#2641,#2643,#1133,.T.);
#3277=EDGE_CURVE('',#2643,#2644,#1134,.T.);
#3278=EDGE_CURVE('',#2645,#2644,#1135,.T.);
#3279=EDGE_CURVE('',#2645,#2646,#1136,.T.);
#3280=EDGE_CURVE('',#2646,#2642,#1137,.T.);
#3281=EDGE_CURVE('',#2647,#2648,#97,.T.);
#3282=EDGE_CURVE('',#2648,#2649,#1138,.T.);
#3283=EDGE_CURVE('',#2649,#2650,#98,.T.);
#3284=EDGE_CURVE('',#2650,#2647,#1139,.T.);
#3285=EDGE_CURVE('',#2651,#2650,#1140,.T.);
#3286=EDGE_CURVE('',#2652,#2651,#1141,.T.);
#3287=EDGE_CURVE('',#2647,#2652,#1142,.T.);
#3288=EDGE_CURVE('',#2649,#2653,#1143,.T.);
#3289=EDGE_CURVE('',#2653,#2646,#1144,.T.);
#3290=EDGE_CURVE('',#2654,#2645,#99,.T.);
#3291=EDGE_CURVE('',#2655,#2654,#1145,.T.);
#3292=EDGE_CURVE('',#2656,#2655,#100,.T.);
#3293=EDGE_CURVE('',#2657,#2656,#1146,.T.);
#3294=EDGE_CURVE('',#2658,#2657,#101,.T.);
#3295=EDGE_CURVE('',#2659,#2658,#1147,.T.);
#3296=EDGE_CURVE('',#2651,#2659,#102,.T.);
#3297=EDGE_CURVE('',#2659,#2660,#1148,.T.);
#3298=EDGE_CURVE('',#2660,#2652,#103,.T.);
#3299=EDGE_CURVE('',#2661,#2648,#1149,.T.);
#3300=EDGE_CURVE('',#2653,#2661,#1150,.T.);
#3301=EDGE_CURVE('',#2660,#2662,#1151,.T.);
#3302=EDGE_CURVE('',#2662,#2663,#104,.T.);
#3303=EDGE_CURVE('',#2663,#2664,#1152,.T.);
#3304=EDGE_CURVE('',#2664,#2665,#105,.T.);
#3305=EDGE_CURVE('',#2665,#2666,#1153,.T.);
#3306=EDGE_CURVE('',#2644,#2666,#106,.T.);
#3307=EDGE_CURVE('',#2643,#2661,#1154,.T.);
#3308=EDGE_CURVE('',#2658,#2662,#1155,.T.);
#3309=EDGE_CURVE('',#2666,#2654,#1156,.T.);
#3310=EDGE_CURVE('',#2665,#2655,#1157,.T.);
#3311=EDGE_CURVE('',#2656,#2664,#1158,.T.);
#3312=EDGE_CURVE('',#2657,#2663,#1159,.T.);
#3313=EDGE_CURVE('',#2574,#2570,#1160,.T.);
#3314=EDGE_CURVE('',#2608,#2536,#1161,.T.);
#3315=EDGE_CURVE('',#2607,#2537,#1162,.T.);
#3316=EDGE_CURVE('',#2609,#2535,#1163,.T.);
#3317=EDGE_CURVE('',#2610,#2534,#1164,.T.);
#3318=EDGE_CURVE('',#2611,#2533,#1165,.T.);
#3319=EDGE_CURVE('',#2612,#2532,#1166,.T.);
#3320=EDGE_CURVE('',#2613,#2531,#1167,.T.);
#3321=EDGE_CURVE('',#2614,#2530,#1168,.T.);
#3322=EDGE_CURVE('',#2615,#2529,#1169,.T.);
#3323=EDGE_CURVE('',#2616,#2528,#1170,.T.);
#3324=EDGE_CURVE('',#2617,#2527,#1171,.T.);
#3325=EDGE_CURVE('',#2618,#2526,#1172,.T.);
#3326=EDGE_CURVE('',#2619,#2525,#1173,.T.);
#3327=EDGE_CURVE('',#2620,#2524,#1174,.T.);
#3328=EDGE_CURVE('',#2621,#2523,#1175,.T.);
#3329=EDGE_CURVE('',#2622,#2522,#1176,.T.);
#3330=EDGE_CURVE('',#2623,#2521,#1177,.T.);
#3331=EDGE_CURVE('',#2624,#2520,#1178,.T.);
#3332=EDGE_CURVE('',#2625,#2519,#1179,.T.);
#3333=EDGE_CURVE('',#2626,#2518,#1180,.T.);
#3334=EDGE_CURVE('',#2627,#2517,#1181,.T.);
#3335=EDGE_CURVE('',#2628,#2516,#1182,.T.);
#3336=EDGE_CURVE('',#2629,#2515,#1183,.T.);
#3337=EDGE_CURVE('',#2630,#2514,#1184,.T.);
#3338=EDGE_CURVE('',#2631,#2513,#1185,.T.);
#3339=EDGE_CURVE('',#2632,#2512,#1186,.T.);
#3340=EDGE_CURVE('',#2633,#2511,#1187,.T.);
#3341=EDGE_CURVE('',#2634,#2510,#1188,.T.);
#3342=EDGE_CURVE('',#2635,#2509,#1189,.T.);
#3343=EDGE_CURVE('',#2636,#2508,#1190,.T.);
#3344=EDGE_CURVE('',#2637,#2507,#1191,.T.);
#3345=EDGE_CURVE('',#2638,#2506,#1192,.T.);
#3346=EDGE_CURVE('',#2639,#2505,#1193,.T.);
#3347=EDGE_CURVE('',#2640,#2504,#1194,.T.);
#3348=EDGE_CURVE('',#2606,#2538,#1195,.T.);
#3349=EDGE_CURVE('',#2605,#2539,#1196,.T.);
#3350=EDGE_CURVE('',#2604,#2540,#1197,.T.);
#3351=EDGE_CURVE('',#2603,#2541,#1198,.T.);
#3352=EDGE_CURVE('',#2602,#2542,#1199,.T.);
#3353=EDGE_CURVE('',#2601,#2543,#1200,.T.);
#3354=EDGE_CURVE('',#2600,#2544,#1201,.T.);
#3355=EDGE_CURVE('',#2599,#2545,#1202,.T.);
#3356=EDGE_CURVE('',#2598,#2546,#1203,.T.);
#3357=EDGE_CURVE('',#2597,#2547,#1204,.T.);
#3358=EDGE_CURVE('',#2596,#2548,#1205,.T.);
#3359=EDGE_CURVE('',#2595,#2549,#1206,.T.);
#3360=EDGE_CURVE('',#2594,#2550,#1207,.T.);
#3361=EDGE_CURVE('',#2593,#2551,#1208,.T.);
#3362=EDGE_CURVE('',#2592,#2552,#1209,.T.);
#3363=EDGE_CURVE('',#2591,#2553,#1210,.T.);
#3364=EDGE_CURVE('',#2590,#2554,#1211,.T.);
#3365=EDGE_CURVE('',#2589,#2555,#1212,.T.);
#3366=EDGE_CURVE('',#2588,#2556,#1213,.T.);
#3367=EDGE_CURVE('',#2587,#2557,#1214,.T.);
#3368=EDGE_CURVE('',#2586,#2558,#1215,.T.);
#3369=EDGE_CURVE('',#2585,#2559,#1216,.T.);
#3370=EDGE_CURVE('',#2584,#2560,#1217,.T.);
#3371=EDGE_CURVE('',#2583,#2561,#1218,.T.);
#3372=EDGE_CURVE('',#2582,#2562,#1219,.T.);
#3373=EDGE_CURVE('',#2581,#2563,#1220,.T.);
#3374=EDGE_CURVE('',#2580,#2564,#1221,.T.);
#3375=EDGE_CURVE('',#2579,#2565,#1222,.T.);
#3376=EDGE_CURVE('',#2578,#2566,#1223,.T.);
#3377=EDGE_CURVE('',#2577,#2567,#1224,.T.);
#3378=EDGE_CURVE('',#2576,#2568,#1225,.T.);
#3379=EDGE_CURVE('',#2575,#2569,#1226,.T.);
#3380=EDGE_CURVE('',#2667,#2668,#107,.T.);
#3381=EDGE_CURVE('',#2668,#2669,#51,.T.);
#3382=EDGE_CURVE('',#2669,#2670,#52,.T.);
#3383=EDGE_CURVE('',#2670,#2671,#53,.T.);
#3384=EDGE_CURVE('',#2671,#2672,#49,.T.);
#3385=EDGE_CURVE('',#2672,#2673,#54,.T.);
#3386=EDGE_CURVE('',#2673,#2674,#55,.T.);
#3387=EDGE_CURVE('',#2674,#2675,#56,.T.);
#3388=EDGE_CURVE('',#2675,#2676,#108,.T.);
#3389=EDGE_CURVE('',#2676,#2677,#57,.T.);
#3390=EDGE_CURVE('',#2677,#2678,#58,.T.);
#3391=EDGE_CURVE('',#2678,#2667,#59,.T.);
#3392=EDGE_CURVE('',#2679,#2671,#1227,.T.);
#3393=EDGE_CURVE('',#2680,#2679,#50,.T.);
#3394=EDGE_CURVE('',#2680,#2672,#1228,.T.);
#3395=EDGE_CURVE('',#2681,#2682,#60,.T.);
#3396=EDGE_CURVE('',#2682,#2681,#61,.T.);
#3397=EDGE_CURVE('',#2683,#2683,#109,.T.);
#3398=EDGE_CURVE('',#2683,#2684,#1229,.T.);
#3399=EDGE_CURVE('',#2684,#2684,#110,.T.);
#3400=EDGE_CURVE('',#2685,#2686,#111,.T.);
#3401=EDGE_CURVE('',#2686,#2683,#1230,.T.);
#3402=EDGE_CURVE('',#2686,#2685,#112,.T.);
#3403=EDGE_CURVE('',#2684,#2687,#1231,.T.);
#3404=EDGE_CURVE('',#2687,#2688,#113,.T.);
#3405=EDGE_CURVE('',#2688,#2687,#114,.T.);
#3406=EDGE_CURVE('',#2689,#2689,#115,.T.);
#3407=EDGE_CURVE('',#2689,#2685,#1232,.T.);
#3408=EDGE_CURVE('',#2690,#2690,#116,.T.);
#3409=EDGE_CURVE('',#2690,#2688,#1233,.T.);
#3410=EDGE_CURVE('',#2691,#2692,#117,.T.);
#3411=EDGE_CURVE('',#2692,#2693,#62,.T.);
#3412=EDGE_CURVE('',#2693,#2694,#63,.T.);
#3413=EDGE_CURVE('',#2694,#2695,#118,.T.);
#3414=EDGE_CURVE('',#2695,#2691,#64,.T.);
#3415=EDGE_CURVE('',#2696,#2697,#119,.T.);
#3416=EDGE_CURVE('',#2696,#2692,#1234,.T.);
#3417=EDGE_CURVE('',#2698,#2691,#1235,.T.);
#3418=EDGE_CURVE('',#2698,#2697,#65,.T.);
#3419=EDGE_CURVE('',#2681,#2696,#66,.T.);
#3420=EDGE_CURVE('',#2681,#2693,#1236,.T.);
#3421=EDGE_CURVE('',#2699,#2700,#67,.T.);
#3422=EDGE_CURVE('',#2700,#2694,#1237,.T.);
#3423=EDGE_CURVE('',#2701,#2682,#68,.T.);
#3424=EDGE_CURVE('',#2699,#2701,#69,.T.);
#3425=EDGE_CURVE('',#2702,#2698,#70,.T.);
#3426=EDGE_CURVE('',#2702,#2695,#1238,.T.);
#3427=EDGE_CURVE('',#2682,#2701,#71,.T.);
#3428=EDGE_CURVE('',#2679,#2703,#72,.T.);
#3429=EDGE_CURVE('',#2703,#2681,#73,.T.);
#3430=EDGE_CURVE('',#2697,#2704,#74,.T.);
#3431=EDGE_CURVE('',#2704,#2705,#75,.T.);
#3432=EDGE_CURVE('',#2705,#2706,#76,.T.);
#3433=EDGE_CURVE('',#2706,#2707,#120,.T.);
#3434=EDGE_CURVE('',#2707,#2708,#77,.T.);
#3435=EDGE_CURVE('',#2708,#2709,#78,.T.);
#3436=EDGE_CURVE('',#2709,#2680,#79,.T.);
#3437=EDGE_CURVE('',#2677,#2705,#1239,.T.);
#3438=EDGE_CURVE('',#2706,#2676,#1240,.T.);
#3439=EDGE_CURVE('',#2707,#2675,#1241,.T.);
#3440=EDGE_CURVE('',#2708,#2674,#1242,.T.);
#3441=EDGE_CURVE('',#2709,#2673,#1243,.T.);
#3442=EDGE_CURVE('',#2703,#2670,#1244,.T.);
#3443=EDGE_CURVE('',#2670,#2710,#80,.T.);
#3444=EDGE_CURVE('',#2681,#2710,#1245,.T.);
#3445=EDGE_CURVE('',#2710,#2711,#81,.T.);
#3446=EDGE_CURVE('',#2711,#2712,#82,.T.);
#3447=EDGE_CURVE('',#2713,#2712,#83,.T.);
#3448=EDGE_CURVE('',#2713,#2714,#84,.T.);
#3449=EDGE_CURVE('',#2714,#2715,#85,.T.);
#3450=EDGE_CURVE('',#2700,#2715,#1246,.T.);
#3451=EDGE_CURVE('',#2702,#2716,#1247,.T.);
#3452=EDGE_CURVE('',#2717,#2716,#86,.T.);
#3453=EDGE_CURVE('',#2667,#2717,#87,.T.);
#3454=EDGE_CURVE('',#2718,#2678,#1248,.T.);
#3455=EDGE_CURVE('',#2718,#2704,#1249,.T.);
#3456=EDGE_CURVE('',#2715,#2719,#1250,.T.);
#3457=EDGE_CURVE('',#2720,#2719,#121,.T.);
#3458=EDGE_CURVE('',#2716,#2720,#1251,.T.);
#3459=EDGE_CURVE('',#2717,#2721,#1252,.T.);
#3460=EDGE_CURVE('',#2722,#2721,#122,.T.);
#3461=EDGE_CURVE('',#2668,#2722,#1253,.T.);
#3462=EDGE_CURVE('',#2723,#2722,#88,.T.);
#3463=EDGE_CURVE('',#2710,#2723,#1254,.T.);
#3464=EDGE_CURVE('',#2719,#2723,#89,.T.);
#3465=EDGE_CURVE('',#2721,#2720,#90,.T.);
#3466=EDGE_CURVE('',#2724,#2724,#123,.T.);
#3467=EDGE_CURVE('',#2725,#2726,#124,.T.);
#3468=EDGE_CURVE('',#2726,#2724,#1255,.T.);
#3469=EDGE_CURVE('',#2726,#2725,#125,.T.);
#3470=EDGE_CURVE('',#2727,#2727,#126,.T.);
#3471=EDGE_CURVE('',#2727,#2728,#1256,.T.);
#3472=EDGE_CURVE('',#2728,#2729,#127,.T.);
#3473=EDGE_CURVE('',#2729,#2728,#128,.T.);
#3474=EDGE_CURVE('',#2730,#2730,#129,.T.);
#3475=EDGE_CURVE('',#2730,#2725,#1257,.T.);
#3476=EDGE_CURVE('',#2729,#2731,#1258,.T.);
#3477=EDGE_CURVE('',#2731,#2731,#130,.T.);
#3478=EDGE_CURVE('',#2731,#2730,#1259,.T.);
#3479=EDGE_CURVE('',#2732,#2733,#1260,.T.);
#3480=EDGE_CURVE('',#2734,#2732,#1261,.T.);
#3481=EDGE_CURVE('',#2734,#2735,#1262,.T.);
#3482=EDGE_CURVE('',#2735,#2733,#1263,.T.);
#3483=EDGE_CURVE('',#2736,#2737,#1264,.T.);
#3484=EDGE_CURVE('',#2738,#2736,#1265,.T.);
#3485=EDGE_CURVE('',#2739,#2738,#1266,.T.);
#3486=EDGE_CURVE('',#2740,#2739,#1267,.T.);
#3487=EDGE_CURVE('',#2740,#2741,#131,.T.);
#3488=EDGE_CURVE('',#2741,#2742,#1268,.T.);
#3489=EDGE_CURVE('',#2742,#2743,#1269,.T.);
#3490=EDGE_CURVE('',#2743,#2744,#1270,.T.);
#3491=EDGE_CURVE('',#2744,#2745,#1271,.T.);
#3492=EDGE_CURVE('',#2745,#2746,#1272,.T.);
#3493=EDGE_CURVE('',#2746,#2747,#1273,.T.);
#3494=EDGE_CURVE('',#2747,#2748,#1274,.T.);
#3495=EDGE_CURVE('',#2748,#2749,#1275,.T.);
#3496=EDGE_CURVE('',#2749,#2750,#1276,.T.);
#3497=EDGE_CURVE('',#2750,#2751,#1277,.T.);
#3498=EDGE_CURVE('',#2751,#2752,#1278,.T.);
#3499=EDGE_CURVE('',#2752,#2753,#1279,.T.);
#3500=EDGE_CURVE('',#2753,#2754,#1280,.T.);
#3501=EDGE_CURVE('',#2754,#2755,#1281,.T.);
#3502=EDGE_CURVE('',#2755,#2756,#1282,.T.);
#3503=EDGE_CURVE('',#2756,#2757,#1283,.T.);
#3504=EDGE_CURVE('',#2757,#2758,#1284,.T.);
#3505=EDGE_CURVE('',#2758,#2759,#1285,.T.);
#3506=EDGE_CURVE('',#2759,#2760,#1286,.T.);
#3507=EDGE_CURVE('',#2760,#2761,#1287,.T.);
#3508=EDGE_CURVE('',#2761,#2762,#1288,.T.);
#3509=EDGE_CURVE('',#2762,#2763,#1289,.T.);
#3510=EDGE_CURVE('',#2763,#2764,#1290,.T.);
#3511=EDGE_CURVE('',#2764,#2765,#1291,.T.);
#3512=EDGE_CURVE('',#2765,#2766,#1292,.T.);
#3513=EDGE_CURVE('',#2766,#2767,#1293,.T.);
#3514=EDGE_CURVE('',#2767,#2768,#1294,.T.);
#3515=EDGE_CURVE('',#2768,#2769,#1295,.T.);
#3516=EDGE_CURVE('',#2769,#2770,#1296,.T.);
#3517=EDGE_CURVE('',#2770,#2771,#1297,.T.);
#3518=EDGE_CURVE('',#2771,#2772,#1298,.T.);
#3519=EDGE_CURVE('',#2772,#2773,#1299,.T.);
#3520=EDGE_CURVE('',#2773,#2774,#1300,.T.);
#3521=EDGE_CURVE('',#2774,#2775,#1301,.T.);
#3522=EDGE_CURVE('',#2775,#2776,#1302,.T.);
#3523=EDGE_CURVE('',#2776,#2777,#1303,.T.);
#3524=EDGE_CURVE('',#2777,#2778,#1304,.T.);
#3525=EDGE_CURVE('',#2778,#2779,#1305,.T.);
#3526=EDGE_CURVE('',#2779,#2780,#1306,.T.);
#3527=EDGE_CURVE('',#2780,#2781,#1307,.T.);
#3528=EDGE_CURVE('',#2781,#2782,#1308,.T.);
#3529=EDGE_CURVE('',#2782,#2783,#1309,.T.);
#3530=EDGE_CURVE('',#2783,#2784,#1310,.T.);
#3531=EDGE_CURVE('',#2784,#2785,#1311,.T.);
#3532=EDGE_CURVE('',#2785,#2786,#1312,.T.);
#3533=EDGE_CURVE('',#2786,#2787,#1313,.T.);
#3534=EDGE_CURVE('',#2787,#2788,#1314,.T.);
#3535=EDGE_CURVE('',#2788,#2789,#1315,.T.);
#3536=EDGE_CURVE('',#2789,#2790,#1316,.T.);
#3537=EDGE_CURVE('',#2790,#2791,#1317,.T.);
#3538=EDGE_CURVE('',#2791,#2792,#1318,.T.);
#3539=EDGE_CURVE('',#2792,#2793,#1319,.T.);
#3540=EDGE_CURVE('',#2793,#2794,#1320,.T.);
#3541=EDGE_CURVE('',#2794,#2795,#1321,.T.);
#3542=EDGE_CURVE('',#2795,#2796,#1322,.T.);
#3543=EDGE_CURVE('',#2796,#2797,#1323,.T.);
#3544=EDGE_CURVE('',#2797,#2798,#1324,.T.);
#3545=EDGE_CURVE('',#2798,#2799,#1325,.T.);
#3546=EDGE_CURVE('',#2799,#2800,#1326,.T.);
#3547=EDGE_CURVE('',#2800,#2801,#1327,.T.);
#3548=EDGE_CURVE('',#2801,#2802,#1328,.T.);
#3549=EDGE_CURVE('',#2802,#2803,#1329,.T.);
#3550=EDGE_CURVE('',#2803,#2804,#1330,.T.);
#3551=EDGE_CURVE('',#2804,#2805,#1331,.T.);
#3552=EDGE_CURVE('',#2805,#2806,#1332,.T.);
#3553=EDGE_CURVE('',#2806,#2807,#1333,.T.);
#3554=EDGE_CURVE('',#2807,#2808,#1334,.T.);
#3555=EDGE_CURVE('',#2808,#2737,#1335,.T.);
#3556=EDGE_CURVE('',#2809,#2809,#132,.T.);
#3557=EDGE_CURVE('',#2810,#2732,#133,.T.);
#3558=EDGE_CURVE('',#2810,#2811,#1336,.T.);
#3559=EDGE_CURVE('',#2811,#2812,#13,.T.);
#3560=EDGE_CURVE('',#2812,#2813,#1337,.T.);
#3561=EDGE_CURVE('',#2813,#2814,#134,.T.);
#3562=EDGE_CURVE('',#2814,#2815,#1338,.T.);
#3563=EDGE_CURVE('',#2815,#2816,#1339,.T.);
#3564=EDGE_CURVE('',#2816,#2817,#1340,.T.);
#3565=EDGE_CURVE('',#2818,#2817,#135,.T.);
#3566=EDGE_CURVE('',#2818,#2819,#1341,.T.);
#3567=EDGE_CURVE('',#2819,#2820,#14,.T.);
#3568=EDGE_CURVE('',#2820,#2821,#1342,.T.);
#3569=EDGE_CURVE('',#2821,#2734,#136,.T.);
#3570=EDGE_CURVE('',#2822,#2819,#1343,.T.);
#3571=EDGE_CURVE('',#2818,#2823,#1344,.T.);
#3572=EDGE_CURVE('',#2823,#2824,#1345,.T.);
#3573=EDGE_CURVE('',#2824,#2825,#1346,.T.);
#3574=EDGE_CURVE('',#2822,#2825,#1347,.T.);
#3575=EDGE_CURVE('',#2826,#2812,#1348,.T.);
#3576=EDGE_CURVE('',#2827,#2826,#1349,.T.);
#3577=EDGE_CURVE('',#2827,#2828,#1350,.T.);
#3578=EDGE_CURVE('',#2828,#2829,#1351,.T.);
#3579=EDGE_CURVE('',#2829,#2813,#1352,.T.);
#3580=EDGE_CURVE('',#2738,#2830,#1353,.T.);
#3581=EDGE_CURVE('',#2830,#2831,#1354,.T.);
#3582=EDGE_CURVE('',#2739,#2831,#1355,.T.);
#3583=EDGE_CURVE('',#2832,#2833,#1356,.T.);
#3584=EDGE_CURVE('',#2833,#2834,#1357,.T.);
#3585=EDGE_CURVE('',#2835,#2834,#1358,.T.);
#3586=EDGE_CURVE('',#2832,#2835,#1359,.T.);
#3587=EDGE_CURVE('',#2836,#2837,#1360,.T.);
#3588=EDGE_CURVE('',#2837,#2838,#1361,.T.);
#3589=EDGE_CURVE('',#2839,#2838,#1362,.T.);
#3590=EDGE_CURVE('',#2836,#2839,#1363,.T.);
#3591=EDGE_CURVE('',#2840,#2839,#137,.T.);
#3592=EDGE_CURVE('',#2841,#2840,#1364,.T.);
#3593=EDGE_CURVE('',#2841,#2836,#138,.T.);
#3594=EDGE_CURVE('',#2842,#2841,#1365,.T.);
#3595=EDGE_CURVE('',#2843,#2840,#1366,.T.);
#3596=EDGE_CURVE('',#2842,#2843,#1367,.T.);
#3597=EDGE_CURVE('',#2844,#2845,#1368,.T.);
#3598=EDGE_CURVE('',#2845,#2846,#1369,.T.);
#3599=EDGE_CURVE('',#2847,#2846,#1370,.T.);
#3600=EDGE_CURVE('',#2844,#2847,#1371,.T.);
#3601=EDGE_CURVE('',#2846,#2848,#139,.T.);
#3602=EDGE_CURVE('',#2845,#2849,#140,.T.);
#3603=EDGE_CURVE('',#2849,#2848,#1372,.T.);
#3604=EDGE_CURVE('',#2849,#2850,#1373,.T.);
#3605=EDGE_CURVE('',#2850,#2851,#1374,.T.);
#3606=EDGE_CURVE('',#2848,#2851,#1375,.T.);
#3607=EDGE_CURVE('',#2852,#2853,#1376,.T.);
#3608=EDGE_CURVE('',#2853,#2854,#1377,.T.);
#3609=EDGE_CURVE('',#2855,#2854,#1378,.T.);
#3610=EDGE_CURVE('',#2852,#2855,#1379,.T.);
#3611=EDGE_CURVE('',#2856,#2847,#1380,.T.);
#3612=EDGE_CURVE('',#2857,#2856,#1381,.T.);
#3613=EDGE_CURVE('',#2857,#2842,#1382,.T.);
#3614=EDGE_CURVE('',#2844,#2843,#1383,.T.);
#3615=EDGE_CURVE('',#2858,#2857,#141,.T.);
#3616=EDGE_CURVE('',#2859,#2856,#142,.T.);
#3617=EDGE_CURVE('',#2859,#2858,#1384,.T.);
#3618=EDGE_CURVE('',#2860,#2858,#1385,.T.);
#3619=EDGE_CURVE('',#2861,#2859,#1386,.T.);
#3620=EDGE_CURVE('',#2861,#2860,#1387,.T.);
#3621=EDGE_CURVE('',#2862,#2860,#143,.T.);
#3622=EDGE_CURVE('',#2863,#2861,#144,.T.);
#3623=EDGE_CURVE('',#2863,#2862,#1388,.T.);
#3624=EDGE_CURVE('',#2852,#2864,#1389,.T.);
#3625=EDGE_CURVE('',#2865,#2864,#1390,.T.);
#3626=EDGE_CURVE('',#2865,#2853,#1391,.T.);
#3627=EDGE_CURVE('',#2866,#2799,#1392,.T.);
#3628=EDGE_CURVE('',#2798,#2867,#1393,.T.);
#3629=EDGE_CURVE('',#2866,#2867,#1394,.T.);
#3630=EDGE_CURVE('',#2868,#2869,#1395,.T.);
#3631=EDGE_CURVE('',#2868,#2808,#1396,.T.);
#3632=EDGE_CURVE('',#2869,#2807,#1397,.T.);
#3633=EDGE_CURVE('',#2870,#2868,#1398,.T.);
#3634=EDGE_CURVE('',#2737,#2870,#1399,.T.);
#3635=EDGE_CURVE('',#2871,#2872,#1400,.T.);
#3636=EDGE_CURVE('',#2871,#2792,#1401,.T.);
#3637=EDGE_CURVE('',#2872,#2791,#1402,.T.);
#3638=EDGE_CURVE('',#2873,#2871,#1403,.T.);
#3639=EDGE_CURVE('',#2873,#2793,#1404,.T.);
#3640=EDGE_CURVE('',#2874,#2873,#1405,.T.);
#3641=EDGE_CURVE('',#2794,#2874,#1406,.T.);
#3642=EDGE_CURVE('',#2875,#2876,#1407,.T.);
#3643=EDGE_CURVE('',#2875,#2776,#1408,.T.);
#3644=EDGE_CURVE('',#2876,#2775,#1409,.T.);
#3645=EDGE_CURVE('',#2877,#2875,#1410,.T.);
#3646=EDGE_CURVE('',#2877,#2777,#1411,.T.);
#3647=EDGE_CURVE('',#2878,#2877,#1412,.T.);
#3648=EDGE_CURVE('',#2778,#2878,#1413,.T.);
#3649=EDGE_CURVE('',#2879,#2880,#1414,.T.);
#3650=EDGE_CURVE('',#2879,#2760,#1415,.T.);
#3651=EDGE_CURVE('',#2880,#2759,#1416,.T.);
#3652=EDGE_CURVE('',#2881,#2879,#1417,.T.);
#3653=EDGE_CURVE('',#2881,#2761,#1418,.T.);
#3654=EDGE_CURVE('',#2882,#2881,#1419,.T.);
#3655=EDGE_CURVE('',#2762,#2882,#1420,.T.);
#3656=EDGE_CURVE('',#2883,#2884,#1421,.T.);
#3657=EDGE_CURVE('',#2883,#2752,#1422,.T.);
#3658=EDGE_CURVE('',#2884,#2751,#1423,.T.);
#3659=EDGE_CURVE('',#2885,#2883,#1424,.T.);
#3660=EDGE_CURVE('',#2885,#2753,#1425,.T.);
#3661=EDGE_CURVE('',#2886,#2885,#1426,.T.);
#3662=EDGE_CURVE('',#2754,#2886,#1427,.T.);
#3663=EDGE_CURVE('',#2887,#2888,#1428,.T.);
#3664=EDGE_CURVE('',#2887,#2756,#1429,.T.);
#3665=EDGE_CURVE('',#2888,#2755,#1430,.T.);
#3666=EDGE_CURVE('',#2889,#2887,#1431,.T.);
#3667=EDGE_CURVE('',#2889,#2757,#1432,.T.);
#3668=EDGE_CURVE('',#2890,#2889,#1433,.T.);
#3669=EDGE_CURVE('',#2758,#2890,#1434,.T.);
#3670=EDGE_CURVE('',#2891,#2892,#1435,.T.);
#3671=EDGE_CURVE('',#2891,#2772,#1436,.T.);
#3672=EDGE_CURVE('',#2892,#2771,#1437,.T.);
#3673=EDGE_CURVE('',#2893,#2891,#1438,.T.);
#3674=EDGE_CURVE('',#2893,#2773,#1439,.T.);
#3675=EDGE_CURVE('',#2894,#2893,#1440,.T.);
#3676=EDGE_CURVE('',#2774,#2894,#1441,.T.);
#3677=EDGE_CURVE('',#2895,#2896,#1442,.T.);
#3678=EDGE_CURVE('',#2895,#2788,#1443,.T.);
#3679=EDGE_CURVE('',#2896,#2787,#1444,.T.);
#3680=EDGE_CURVE('',#2897,#2895,#1445,.T.);
#3681=EDGE_CURVE('',#2897,#2789,#1446,.T.);
#3682=EDGE_CURVE('',#2898,#2897,#1447,.T.);
#3683=EDGE_CURVE('',#2790,#2898,#1448,.T.);
#3684=EDGE_CURVE('',#2899,#2900,#1449,.T.);
#3685=EDGE_CURVE('',#2899,#2804,#1450,.T.);
#3686=EDGE_CURVE('',#2900,#2803,#1451,.T.);
#3687=EDGE_CURVE('',#2901,#2899,#1452,.T.);
#3688=EDGE_CURVE('',#2901,#2805,#1453,.T.);
#3689=EDGE_CURVE('',#2902,#2901,#1454,.T.);
#3690=EDGE_CURVE('',#2806,#2902,#1455,.T.);
#3691=EDGE_CURVE('',#2903,#2904,#1456,.T.);
#3692=EDGE_CURVE('',#2903,#2796,#1457,.T.);
#3693=EDGE_CURVE('',#2904,#2795,#1458,.T.);
#3694=EDGE_CURVE('',#2905,#2903,#1459,.T.);
#3695=EDGE_CURVE('',#2905,#2797,#1460,.T.);
#3696=EDGE_CURVE('',#2867,#2905,#1461,.T.);
#3697=EDGE_CURVE('',#2906,#2907,#1462,.T.);
#3698=EDGE_CURVE('',#2906,#2781,#1463,.T.);
#3699=EDGE_CURVE('',#2907,#2780,#1464,.T.);
#3700=EDGE_CURVE('',#2908,#2906,#1465,.T.);
#3701=EDGE_CURVE('',#2782,#2908,#1466,.T.);
#3702=EDGE_CURVE('',#2907,#2909,#1467,.T.);
#3703=EDGE_CURVE('',#2909,#2779,#1468,.T.);
#3704=EDGE_CURVE('',#2910,#2911,#1469,.T.);
#3705=EDGE_CURVE('',#2910,#2764,#1470,.T.);
#3706=EDGE_CURVE('',#2911,#2763,#1471,.T.);
#3707=EDGE_CURVE('',#2912,#2910,#1472,.T.);
#3708=EDGE_CURVE('',#2912,#2765,#1473,.T.);
#3709=EDGE_CURVE('',#2913,#2912,#1474,.T.);
#3710=EDGE_CURVE('',#2766,#2913,#1475,.T.);
#3711=EDGE_CURVE('',#2914,#2915,#1476,.T.);
#3712=EDGE_CURVE('',#2914,#2744,#1477,.T.);
#3713=EDGE_CURVE('',#2915,#2743,#1478,.T.);
#3714=EDGE_CURVE('',#2916,#2914,#1479,.T.);
#3715=EDGE_CURVE('',#2916,#2745,#1480,.T.);
#3716=EDGE_CURVE('',#2917,#2916,#1481,.T.);
#3717=EDGE_CURVE('',#2746,#2917,#1482,.T.);
#3718=EDGE_CURVE('',#2918,#2919,#1483,.T.);
#3719=EDGE_CURVE('',#2918,#2748,#1484,.T.);
#3720=EDGE_CURVE('',#2919,#2747,#1485,.T.);
#3721=EDGE_CURVE('',#2920,#2918,#1486,.T.);
#3722=EDGE_CURVE('',#2920,#2749,#1487,.T.);
#3723=EDGE_CURVE('',#2921,#2920,#1488,.T.);
#3724=EDGE_CURVE('',#2750,#2921,#1489,.T.);
#3725=EDGE_CURVE('',#2922,#2923,#1490,.T.);
#3726=EDGE_CURVE('',#2922,#2768,#1491,.T.);
#3727=EDGE_CURVE('',#2923,#2767,#1492,.T.);
#3728=EDGE_CURVE('',#2924,#2922,#1493,.T.);
#3729=EDGE_CURVE('',#2924,#2769,#1494,.T.);
#3730=EDGE_CURVE('',#2925,#2924,#1495,.T.);
#3731=EDGE_CURVE('',#2770,#2925,#1496,.T.);
#3732=EDGE_CURVE('',#2926,#2927,#1497,.T.);
#3733=EDGE_CURVE('',#2926,#2784,#1498,.T.);
#3734=EDGE_CURVE('',#2927,#2783,#1499,.T.);
#3735=EDGE_CURVE('',#2928,#2926,#1500,.T.);
#3736=EDGE_CURVE('',#2928,#2785,#1501,.T.);
#3737=EDGE_CURVE('',#2929,#2928,#1502,.T.);
#3738=EDGE_CURVE('',#2786,#2929,#1503,.T.);
#3739=EDGE_CURVE('',#2930,#2866,#1504,.T.);
#3740=EDGE_CURVE('',#2930,#2800,#1505,.T.);
#3741=EDGE_CURVE('',#2931,#2930,#1506,.T.);
#3742=EDGE_CURVE('',#2931,#2801,#1507,.T.);
#3743=EDGE_CURVE('',#2932,#2931,#1508,.T.);
#3744=EDGE_CURVE('',#2802,#2932,#1509,.T.);
#3745=EDGE_CURVE('',#2927,#2908,#1510,.T.);
#3746=EDGE_CURVE('',#2923,#2913,#1511,.T.);
#3747=EDGE_CURVE('',#2884,#2921,#1512,.T.);
#3748=EDGE_CURVE('',#2919,#2917,#1513,.T.);
#3749=EDGE_CURVE('',#2911,#2882,#1514,.T.);
#3750=EDGE_CURVE('',#2909,#2878,#1515,.T.);
#3751=EDGE_CURVE('',#2904,#2874,#1516,.T.);
#3752=EDGE_CURVE('',#2900,#2932,#1517,.T.);
#3753=EDGE_CURVE('',#2896,#2929,#1518,.T.);
#3754=EDGE_CURVE('',#2892,#2925,#1519,.T.);
#3755=EDGE_CURVE('',#2888,#2886,#1520,.T.);
#3756=EDGE_CURVE('',#2933,#2742,#1521,.T.);
#3757=EDGE_CURVE('',#2915,#2933,#1522,.T.);
#3758=EDGE_CURVE('',#2880,#2890,#1523,.T.);
#3759=EDGE_CURVE('',#2876,#2894,#1524,.T.);
#3760=EDGE_CURVE('',#2872,#2898,#1525,.T.);
#3761=EDGE_CURVE('',#2869,#2902,#1526,.T.);
#3762=EDGE_CURVE('',#2934,#2935,#1527,.T.);
#3763=EDGE_CURVE('',#2934,#2862,#1528,.T.);
#3764=EDGE_CURVE('',#2935,#2863,#1529,.T.);
#3765=EDGE_CURVE('',#2936,#2937,#1530,.T.);
#3766=EDGE_CURVE('',#2936,#2855,#1531,.T.);
#3767=EDGE_CURVE('',#2854,#2937,#1532,.T.);
#3768=EDGE_CURVE('',#2938,#2934,#145,.T.);
#3769=EDGE_CURVE('',#2935,#2939,#146,.T.);
#3770=EDGE_CURVE('',#2939,#2938,#1533,.T.);
#3771=EDGE_CURVE('',#2940,#2941,#1534,.T.);
#3772=EDGE_CURVE('',#2938,#2940,#1535,.T.);
#3773=EDGE_CURVE('',#2941,#2939,#1536,.T.);
#3774=EDGE_CURVE('',#2941,#2936,#147,.T.);
#3775=EDGE_CURVE('',#2937,#2940,#148,.T.);
#3776=EDGE_CURVE('',#2942,#2736,#1537,.T.);
#3777=EDGE_CURVE('',#2942,#2830,#1538,.T.);
#3778=EDGE_CURVE('',#2943,#2822,#1539,.T.);
#3779=EDGE_CURVE('',#2943,#2820,#1540,.T.);
#3780=EDGE_CURVE('',#2739,#2943,#1541,.T.);
#3781=EDGE_CURVE('',#2831,#2821,#1542,.T.);
#3782=EDGE_CURVE('',#2811,#2944,#1543,.T.);
#3783=EDGE_CURVE('',#2834,#2810,#1544,.T.);
#3784=EDGE_CURVE('',#2944,#2833,#1545,.T.);
#3785=EDGE_CURVE('',#2826,#2944,#1546,.T.);
#3786=EDGE_CURVE('',#2945,#2946,#1547,.T.);
#3787=EDGE_CURVE('',#2832,#2945,#1548,.T.);
#3788=EDGE_CURVE('',#2835,#2946,#1549,.T.);
#3789=EDGE_CURVE('',#2833,#2947,#1550,.T.);
#3790=EDGE_CURVE('',#2948,#2947,#1551,.T.);
#3791=EDGE_CURVE('',#2827,#2948,#1552,.T.);
#3792=EDGE_CURVE('',#2870,#2945,#1553,.T.);
#3793=EDGE_CURVE('',#2949,#2933,#1554,.T.);
#3794=EDGE_CURVE('',#2947,#2949,#149,.T.);
#3795=EDGE_CURVE('',#2950,#2950,#150,.F.);
#3796=EDGE_CURVE('',#2950,#2951,#1555,.T.);
#3797=EDGE_CURVE('',#2951,#2951,#151,.T.);
#3798=EDGE_CURVE('',#2951,#2952,#1556,.T.);
#3799=EDGE_CURVE('',#2952,#2952,#152,.T.);
#3800=EDGE_CURVE('',#2952,#2953,#1557,.T.);
#3801=EDGE_CURVE('',#2953,#2953,#153,.T.);
#3802=EDGE_CURVE('',#2948,#2954,#154,.T.);
#3803=EDGE_CURVE('',#2954,#2828,#1558,.T.);
#3804=EDGE_CURVE('',#2954,#2949,#1559,.T.);
#3805=EDGE_CURVE('',#2825,#2955,#1560,.T.);
#3806=EDGE_CURVE('',#2955,#2740,#1561,.T.);
#3807=EDGE_CURVE('',#2955,#2956,#155,.T.);
#3808=EDGE_CURVE('',#2956,#2741,#1562,.T.);
#3809=EDGE_CURVE('',#2956,#2824,#1563,.T.);
#3810=EDGE_CURVE('',#2957,#2957,#156,.F.);
#3811=EDGE_CURVE('',#2958,#2958,#157,.F.);
#3812=EDGE_CURVE('',#2958,#2957,#1564,.T.);
#3813=EDGE_CURVE('',#2959,#2959,#158,.F.);
#3814=EDGE_CURVE('',#2959,#2958,#1565,.T.);
#3815=EDGE_CURVE('',#2809,#2959,#1566,.T.);
#3816=EDGE_CURVE('',#2823,#2865,#1567,.T.);
#3817=EDGE_CURVE('',#2864,#2829,#1568,.T.);
#3818=EDGE_CURVE('',#2814,#2847,#1569,.T.);
#3819=EDGE_CURVE('',#2960,#2851,#159,.T.);
#3820=EDGE_CURVE('',#2960,#2961,#1570,.T.);
#3821=EDGE_CURVE('',#2962,#2961,#160,.T.);
#3822=EDGE_CURVE('',#2962,#2963,#1571,.T.);
#3823=EDGE_CURVE('',#2963,#2964,#161,.T.);
#3824=EDGE_CURVE('',#2964,#2965,#1572,.T.);
#3825=EDGE_CURVE('',#2966,#2965,#162,.T.);
#3826=EDGE_CURVE('',#2966,#2967,#1573,.T.);
#3827=EDGE_CURVE('',#2967,#2968,#163,.T.);
#3828=EDGE_CURVE('',#2968,#2969,#1574,.T.);
#3829=EDGE_CURVE('',#2969,#2970,#1575,.T.);
#3830=EDGE_CURVE('',#2971,#2970,#164,.T.);
#3831=EDGE_CURVE('',#2971,#2972,#1576,.T.);
#3832=EDGE_CURVE('',#2972,#2973,#1577,.T.);
#3833=EDGE_CURVE('',#2974,#2973,#165,.T.);
#3834=EDGE_CURVE('',#2974,#2975,#1578,.T.);
#3835=EDGE_CURVE('',#2976,#2975,#166,.T.);
#3836=EDGE_CURVE('',#2976,#2977,#1579,.T.);
#3837=EDGE_CURVE('',#2978,#2977,#167,.T.);
#3838=EDGE_CURVE('',#2978,#2979,#1580,.T.);
#3839=EDGE_CURVE('',#2980,#2979,#168,.T.);
#3840=EDGE_CURVE('',#2980,#2981,#1581,.T.);
#3841=EDGE_CURVE('',#2982,#2981,#169,.T.);
#3842=EDGE_CURVE('',#2983,#2982,#170,.T.);
#3843=EDGE_CURVE('',#2984,#2983,#171,.T.);
#3844=EDGE_CURVE('',#2984,#2985,#1582,.T.);
#3845=EDGE_CURVE('',#2985,#2986,#172,.T.);
#3846=EDGE_CURVE('',#2986,#2987,#173,.T.);
#3847=EDGE_CURVE('',#2987,#2814,#1583,.T.);
#3848=EDGE_CURVE('',#2988,#2989,#1584,.T.);
#3849=EDGE_CURVE('',#2988,#2990,#174,.T.);
#3850=EDGE_CURVE('',#2991,#2990,#1585,.T.);
#3851=EDGE_CURVE('',#2992,#2991,#175,.T.);
#3852=EDGE_CURVE('',#2993,#2992,#1586,.T.);
#3853=EDGE_CURVE('',#2994,#2993,#176,.T.);
#3854=EDGE_CURVE('',#2995,#2994,#1587,.T.);
#3855=EDGE_CURVE('',#2996,#2995,#177,.T.);
#3856=EDGE_CURVE('',#2997,#2996,#1588,.T.);
#3857=EDGE_CURVE('',#2998,#2997,#178,.T.);
#3858=EDGE_CURVE('',#2999,#2998,#1589,.T.);
#3859=EDGE_CURVE('',#2989,#2999,#179,.T.);
#3860=EDGE_CURVE('',#3000,#2850,#180,.T.);
#3861=EDGE_CURVE('',#3000,#2960,#1590,.T.);
#3862=EDGE_CURVE('',#2844,#2815,#1591,.T.);
#3863=EDGE_CURVE('',#2815,#3001,#1592,.T.);
#3864=EDGE_CURVE('',#3002,#3001,#181,.T.);
#3865=EDGE_CURVE('',#3003,#3002,#182,.T.);
#3866=EDGE_CURVE('',#3004,#3003,#1593,.T.);
#3867=EDGE_CURVE('',#3004,#3005,#183,.T.);
#3868=EDGE_CURVE('',#3005,#3006,#184,.T.);
#3869=EDGE_CURVE('',#3006,#3007,#185,.T.);
#3870=EDGE_CURVE('',#3008,#3007,#1594,.T.);
#3871=EDGE_CURVE('',#3008,#3009,#186,.T.);
#3872=EDGE_CURVE('',#3010,#3009,#1595,.T.);
#3873=EDGE_CURVE('',#3010,#3011,#187,.T.);
#3874=EDGE_CURVE('',#3012,#3011,#1596,.T.);
#3875=EDGE_CURVE('',#3012,#3013,#188,.T.);
#3876=EDGE_CURVE('',#3014,#3013,#1597,.T.);
#3877=EDGE_CURVE('',#3014,#3015,#189,.T.);
#3878=EDGE_CURVE('',#3016,#3015,#1598,.T.);
#3879=EDGE_CURVE('',#3017,#3016,#1599,.T.);
#3880=EDGE_CURVE('',#3017,#3018,#190,.T.);
#3881=EDGE_CURVE('',#3019,#3018,#1600,.T.);
#3882=EDGE_CURVE('',#3020,#3019,#1601,.T.);
#3883=EDGE_CURVE('',#3021,#3020,#191,.T.);
#3884=EDGE_CURVE('',#3022,#3021,#1602,.T.);
#3885=EDGE_CURVE('',#3022,#3023,#192,.T.);
#3886=EDGE_CURVE('',#3024,#3023,#1603,.T.);
#3887=EDGE_CURVE('',#3025,#3024,#193,.T.);
#3888=EDGE_CURVE('',#3026,#3025,#1604,.T.);
#3889=EDGE_CURVE('',#3026,#3027,#194,.T.);
#3890=EDGE_CURVE('',#3000,#3027,#1605,.T.);
#3891=EDGE_CURVE('',#3028,#3029,#1606,.T.);
#3892=EDGE_CURVE('',#3029,#3030,#195,.T.);
#3893=EDGE_CURVE('',#3030,#3031,#1607,.T.);
#3894=EDGE_CURVE('',#3031,#3032,#196,.T.);
#3895=EDGE_CURVE('',#3032,#3033,#1608,.T.);
#3896=EDGE_CURVE('',#3033,#3034,#197,.T.);
#3897=EDGE_CURVE('',#3034,#3035,#1609,.T.);
#3898=EDGE_CURVE('',#3035,#3036,#198,.T.);
#3899=EDGE_CURVE('',#3036,#3037,#1610,.T.);
#3900=EDGE_CURVE('',#3037,#3038,#199,.T.);
#3901=EDGE_CURVE('',#3038,#3039,#1611,.T.);
#3902=EDGE_CURVE('',#3028,#3039,#200,.T.);
#3903=EDGE_CURVE('',#2816,#3040,#1612,.T.);
#3904=EDGE_CURVE('',#3041,#2843,#1613,.T.);
#3905=EDGE_CURVE('',#3040,#3041,#1614,.T.);
#3906=EDGE_CURVE('',#2842,#2817,#1615,.T.);
#3907=EDGE_CURVE('',#2994,#3035,#1616,.T.);
#3908=EDGE_CURVE('',#2995,#3034,#1617,.T.);
#3909=EDGE_CURVE('',#2996,#3033,#1618,.T.);
#3910=EDGE_CURVE('',#2993,#3036,#1619,.T.);
#3911=EDGE_CURVE('',#2997,#3032,#1620,.T.);
#3912=EDGE_CURVE('',#2992,#3037,#1621,.T.);
#3913=EDGE_CURVE('',#2998,#3031,#1622,.T.);
#3914=EDGE_CURVE('',#2991,#3038,#1623,.T.);
#3915=EDGE_CURVE('',#2999,#3030,#1624,.T.);
#3916=EDGE_CURVE('',#2990,#3039,#1625,.T.);
#3917=EDGE_CURVE('',#2989,#3029,#1626,.T.);
#3918=EDGE_CURVE('',#2988,#3028,#1627,.T.);
#3919=EDGE_CURVE('',#3003,#2985,#1628,.T.);
#3920=EDGE_CURVE('',#3004,#2984,#1629,.T.);
#3921=EDGE_CURVE('',#3002,#2986,#1630,.T.);
#3922=EDGE_CURVE('',#3001,#2987,#1631,.T.);
#3923=EDGE_CURVE('',#3027,#2961,#1632,.T.);
#3924=EDGE_CURVE('',#3026,#2962,#1633,.T.);
#3925=EDGE_CURVE('',#3025,#2963,#1634,.T.);
#3926=EDGE_CURVE('',#3024,#2964,#1635,.T.);
#3927=EDGE_CURVE('',#3023,#2965,#1636,.T.);
#3928=EDGE_CURVE('',#3022,#2966,#1637,.T.);
#3929=EDGE_CURVE('',#3021,#2967,#1638,.T.);
#3930=EDGE_CURVE('',#3020,#2968,#1639,.T.);
#3931=EDGE_CURVE('',#3019,#2969,#1640,.T.);
#3932=EDGE_CURVE('',#3018,#2970,#1641,.T.);
#3933=EDGE_CURVE('',#3017,#2971,#1642,.T.);
#3934=EDGE_CURVE('',#3016,#2972,#1643,.T.);
#3935=EDGE_CURVE('',#3015,#2973,#1644,.T.);
#3936=EDGE_CURVE('',#3014,#2974,#1645,.T.);
#3937=EDGE_CURVE('',#3013,#2975,#1646,.T.);
#3938=EDGE_CURVE('',#3012,#2976,#1647,.T.);
#3939=EDGE_CURVE('',#3011,#2977,#1648,.T.);
#3940=EDGE_CURVE('',#3010,#2978,#1649,.T.);
#3941=EDGE_CURVE('',#3009,#2979,#1650,.T.);
#3942=EDGE_CURVE('',#3008,#2980,#1651,.T.);
#3943=EDGE_CURVE('',#3007,#2981,#1652,.T.);
#3944=EDGE_CURVE('',#3006,#2982,#1653,.T.);
#3945=EDGE_CURVE('',#3005,#2983,#1654,.T.);
#3946=EDGE_CURVE('',#3042,#2816,#1655,.T.);
#3947=EDGE_CURVE('',#3043,#3042,#1656,.T.);
#3948=EDGE_CURVE('',#3043,#2817,#1657,.T.);
#3949=EDGE_CURVE('',#3044,#2838,#201,.T.);
#3950=EDGE_CURVE('',#3044,#3045,#1658,.T.);
#3951=EDGE_CURVE('',#3046,#3045,#202,.T.);
#3952=EDGE_CURVE('',#3046,#3047,#1659,.T.);
#3953=EDGE_CURVE('',#3047,#3048,#203,.T.);
#3954=EDGE_CURVE('',#3048,#3049,#1660,.T.);
#3955=EDGE_CURVE('',#3050,#3049,#204,.T.);
#3956=EDGE_CURVE('',#3050,#3051,#1661,.T.);
#3957=EDGE_CURVE('',#3051,#3052,#205,.T.);
#3958=EDGE_CURVE('',#3052,#3053,#1662,.T.);
#3959=EDGE_CURVE('',#3053,#3054,#1663,.T.);
#3960=EDGE_CURVE('',#3055,#3054,#206,.T.);
#3961=EDGE_CURVE('',#3055,#3056,#1664,.T.);
#3962=EDGE_CURVE('',#3056,#3057,#1665,.T.);
#3963=EDGE_CURVE('',#3058,#3057,#207,.T.);
#3964=EDGE_CURVE('',#3058,#3059,#1666,.T.);
#3965=EDGE_CURVE('',#3060,#3059,#208,.T.);
#3966=EDGE_CURVE('',#3060,#3061,#1667,.T.);
#3967=EDGE_CURVE('',#3062,#3061,#209,.T.);
#3968=EDGE_CURVE('',#3062,#3063,#1668,.T.);
#3969=EDGE_CURVE('',#3064,#3063,#210,.T.);
#3970=EDGE_CURVE('',#3064,#3065,#1669,.T.);
#3971=EDGE_CURVE('',#3066,#3065,#211,.T.);
#3972=EDGE_CURVE('',#3067,#3066,#212,.T.);
#3973=EDGE_CURVE('',#3068,#3067,#213,.T.);
#3974=EDGE_CURVE('',#3068,#3069,#1670,.T.);
#3975=EDGE_CURVE('',#3069,#3070,#214,.T.);
#3976=EDGE_CURVE('',#3070,#3042,#215,.T.);
#3977=EDGE_CURVE('',#3071,#3072,#1671,.T.);
#3978=EDGE_CURVE('',#3071,#3073,#216,.T.);
#3979=EDGE_CURVE('',#3074,#3073,#1672,.T.);
#3980=EDGE_CURVE('',#3075,#3074,#217,.T.);
#3981=EDGE_CURVE('',#3076,#3075,#1673,.T.);
#3982=EDGE_CURVE('',#3077,#3076,#218,.T.);
#3983=EDGE_CURVE('',#3078,#3077,#1674,.T.);
#3984=EDGE_CURVE('',#3079,#3078,#219,.T.);
#3985=EDGE_CURVE('',#3080,#3079,#1675,.T.);
#3986=EDGE_CURVE('',#3081,#3080,#220,.T.);
#3987=EDGE_CURVE('',#3082,#3081,#1676,.T.);
#3988=EDGE_CURVE('',#3072,#3082,#221,.T.);
#3989=EDGE_CURVE('',#3083,#3043,#222,.T.);
#3990=EDGE_CURVE('',#3084,#3083,#223,.T.);
#3991=EDGE_CURVE('',#3085,#3084,#1677,.T.);
#3992=EDGE_CURVE('',#3085,#3086,#224,.T.);
#3993=EDGE_CURVE('',#3086,#3087,#225,.T.);
#3994=EDGE_CURVE('',#3087,#3088,#226,.T.);
#3995=EDGE_CURVE('',#3089,#3088,#1678,.T.);
#3996=EDGE_CURVE('',#3089,#3090,#227,.T.);
#3997=EDGE_CURVE('',#3091,#3090,#1679,.T.);
#3998=EDGE_CURVE('',#3091,#3092,#228,.T.);
#3999=EDGE_CURVE('',#3093,#3092,#1680,.T.);
#4000=EDGE_CURVE('',#3093,#3094,#229,.T.);
#4001=EDGE_CURVE('',#3095,#3094,#1681,.T.);
#4002=EDGE_CURVE('',#3095,#3096,#230,.T.);
#4003=EDGE_CURVE('',#3097,#3096,#1682,.T.);
#4004=EDGE_CURVE('',#3098,#3097,#1683,.T.);
#4005=EDGE_CURVE('',#3098,#3099,#231,.T.);
#4006=EDGE_CURVE('',#3100,#3099,#1684,.T.);
#4007=EDGE_CURVE('',#3101,#3100,#1685,.T.);
#4008=EDGE_CURVE('',#3102,#3101,#232,.T.);
#4009=EDGE_CURVE('',#3103,#3102,#1686,.T.);
#4010=EDGE_CURVE('',#3103,#3104,#233,.T.);
#4011=EDGE_CURVE('',#3105,#3104,#1687,.T.);
#4012=EDGE_CURVE('',#3106,#3105,#234,.T.);
#4013=EDGE_CURVE('',#3107,#3106,#1688,.T.);
#4014=EDGE_CURVE('',#3107,#3108,#235,.T.);
#4015=EDGE_CURVE('',#3109,#3108,#1689,.T.);
#4016=EDGE_CURVE('',#3109,#2837,#236,.T.);
#4017=EDGE_CURVE('',#3110,#3111,#1690,.T.);
#4018=EDGE_CURVE('',#3111,#3112,#237,.T.);
#4019=EDGE_CURVE('',#3112,#3113,#1691,.T.);
#4020=EDGE_CURVE('',#3113,#3114,#238,.T.);
#4021=EDGE_CURVE('',#3114,#3115,#1692,.T.);
#4022=EDGE_CURVE('',#3115,#3116,#239,.T.);
#4023=EDGE_CURVE('',#3116,#3117,#1693,.T.);
#4024=EDGE_CURVE('',#3117,#3118,#240,.T.);
#4025=EDGE_CURVE('',#3118,#3119,#1694,.T.);
#4026=EDGE_CURVE('',#3119,#3120,#241,.T.);
#4027=EDGE_CURVE('',#3120,#3121,#1695,.T.);
#4028=EDGE_CURVE('',#3110,#3121,#242,.T.);
#4029=EDGE_CURVE('',#3085,#3068,#1696,.T.);
#4030=EDGE_CURVE('',#3086,#3067,#1697,.T.);
#4031=EDGE_CURVE('',#3087,#3066,#1698,.T.);
#4032=EDGE_CURVE('',#3088,#3065,#1699,.T.);
#4033=EDGE_CURVE('',#3089,#3064,#1700,.T.);
#4034=EDGE_CURVE('',#3090,#3063,#1701,.T.);
#4035=EDGE_CURVE('',#3091,#3062,#1702,.T.);
#4036=EDGE_CURVE('',#3092,#3061,#1703,.T.);
#4037=EDGE_CURVE('',#3093,#3060,#1704,.T.);
#4038=EDGE_CURVE('',#3094,#3059,#1705,.T.);
#4039=EDGE_CURVE('',#3095,#3058,#1706,.T.);
#4040=EDGE_CURVE('',#3096,#3057,#1707,.T.);
#4041=EDGE_CURVE('',#3097,#3056,#1708,.T.);
#4042=EDGE_CURVE('',#3098,#3055,#1709,.T.);
#4043=EDGE_CURVE('',#3099,#3054,#1710,.T.);
#4044=EDGE_CURVE('',#3100,#3053,#1711,.T.);
#4045=EDGE_CURVE('',#3101,#3052,#1712,.T.);
#4046=EDGE_CURVE('',#3102,#3051,#1713,.T.);
#4047=EDGE_CURVE('',#3103,#3050,#1714,.T.);
#4048=EDGE_CURVE('',#3104,#3049,#1715,.T.);
#4049=EDGE_CURVE('',#3105,#3048,#1716,.T.);
#4050=EDGE_CURVE('',#3106,#3047,#1717,.T.);
#4051=EDGE_CURVE('',#3107,#3046,#1718,.T.);
#4052=EDGE_CURVE('',#3108,#3045,#1719,.T.);
#4053=EDGE_CURVE('',#3109,#3044,#1720,.T.);
#4054=EDGE_CURVE('',#3083,#3070,#1721,.T.);
#4055=EDGE_CURVE('',#3084,#3069,#1722,.T.);
#4056=EDGE_CURVE('',#3072,#3111,#1723,.T.);
#4057=EDGE_CURVE('',#3071,#3110,#1724,.T.);
#4058=EDGE_CURVE('',#3073,#3121,#1725,.T.);
#4059=EDGE_CURVE('',#3082,#3112,#1726,.T.);
#4060=EDGE_CURVE('',#3074,#3120,#1727,.T.);
#4061=EDGE_CURVE('',#3081,#3113,#1728,.T.);
#4062=EDGE_CURVE('',#3075,#3119,#1729,.T.);
#4063=EDGE_CURVE('',#3080,#3114,#1730,.T.);
#4064=EDGE_CURVE('',#3076,#3118,#1731,.T.);
#4065=EDGE_CURVE('',#3079,#3115,#1732,.T.);
#4066=EDGE_CURVE('',#3077,#3117,#1733,.T.);
#4067=EDGE_CURVE('',#3078,#3116,#1734,.T.);
#4068=EDGE_CURVE('',#2735,#2942,#1735,.T.);
#4069=EDGE_CURVE('',#2733,#2946,#1736,.T.);
#4070=ORIENTED_EDGE('',*,*,#3122,.F.);
#4071=ORIENTED_EDGE('',*,*,#3123,.F.);
#4072=ORIENTED_EDGE('',*,*,#3124,.F.);
#4073=ORIENTED_EDGE('',*,*,#3125,.F.);
#4074=ORIENTED_EDGE('',*,*,#3126,.F.);
#4075=ORIENTED_EDGE('',*,*,#3127,.F.);
#4076=ORIENTED_EDGE('',*,*,#3128,.F.);
#4077=ORIENTED_EDGE('',*,*,#3129,.F.);
#4078=ORIENTED_EDGE('',*,*,#3124,.T.);
#4079=ORIENTED_EDGE('',*,*,#3130,.F.);
#4080=ORIENTED_EDGE('',*,*,#3131,.F.);
#4081=ORIENTED_EDGE('',*,*,#3132,.F.);
#4082=ORIENTED_EDGE('',*,*,#3133,.F.);
#4083=ORIENTED_EDGE('',*,*,#3134,.F.);
#4084=ORIENTED_EDGE('',*,*,#3135,.F.);
#4085=ORIENTED_EDGE('',*,*,#3136,.F.);
#4086=ORIENTED_EDGE('',*,*,#3137,.F.);
#4087=ORIENTED_EDGE('',*,*,#3138,.F.);
#4088=ORIENTED_EDGE('',*,*,#3139,.F.);
#4089=ORIENTED_EDGE('',*,*,#3140,.F.);
#4090=ORIENTED_EDGE('',*,*,#3141,.F.);
#4091=ORIENTED_EDGE('',*,*,#3142,.F.);
#4092=ORIENTED_EDGE('',*,*,#3143,.F.);
#4093=ORIENTED_EDGE('',*,*,#3144,.F.);
#4094=ORIENTED_EDGE('',*,*,#3145,.F.);
#4095=ORIENTED_EDGE('',*,*,#3146,.F.);
#4096=ORIENTED_EDGE('',*,*,#3147,.F.);
#4097=ORIENTED_EDGE('',*,*,#3148,.F.);
#4098=ORIENTED_EDGE('',*,*,#3149,.F.);
#4099=ORIENTED_EDGE('',*,*,#3150,.F.);
#4100=ORIENTED_EDGE('',*,*,#3151,.F.);
#4101=ORIENTED_EDGE('',*,*,#3152,.F.);
#4102=ORIENTED_EDGE('',*,*,#3153,.F.);
#4103=ORIENTED_EDGE('',*,*,#3154,.F.);
#4104=ORIENTED_EDGE('',*,*,#3155,.F.);
#4105=ORIENTED_EDGE('',*,*,#3156,.F.);
#4106=ORIENTED_EDGE('',*,*,#3157,.F.);
#4107=ORIENTED_EDGE('',*,*,#3158,.F.);
#4108=ORIENTED_EDGE('',*,*,#3159,.F.);
#4109=ORIENTED_EDGE('',*,*,#3160,.F.);
#4110=ORIENTED_EDGE('',*,*,#3161,.F.);
#4111=ORIENTED_EDGE('',*,*,#3162,.F.);
#4112=ORIENTED_EDGE('',*,*,#3163,.F.);
#4113=ORIENTED_EDGE('',*,*,#3164,.F.);
#4114=ORIENTED_EDGE('',*,*,#3165,.F.);
#4115=ORIENTED_EDGE('',*,*,#3166,.F.);
#4116=ORIENTED_EDGE('',*,*,#3167,.F.);
#4117=ORIENTED_EDGE('',*,*,#3168,.F.);
#4118=ORIENTED_EDGE('',*,*,#3169,.F.);
#4119=ORIENTED_EDGE('',*,*,#3170,.F.);
#4120=ORIENTED_EDGE('',*,*,#3171,.F.);
#4121=ORIENTED_EDGE('',*,*,#3172,.F.);
#4122=ORIENTED_EDGE('',*,*,#3173,.F.);
#4123=ORIENTED_EDGE('',*,*,#3174,.F.);
#4124=ORIENTED_EDGE('',*,*,#3175,.F.);
#4125=ORIENTED_EDGE('',*,*,#3176,.F.);
#4126=ORIENTED_EDGE('',*,*,#3177,.F.);
#4127=ORIENTED_EDGE('',*,*,#3178,.F.);
#4128=ORIENTED_EDGE('',*,*,#3179,.F.);
#4129=ORIENTED_EDGE('',*,*,#3180,.F.);
#4130=ORIENTED_EDGE('',*,*,#3181,.F.);
#4131=ORIENTED_EDGE('',*,*,#3182,.F.);
#4132=ORIENTED_EDGE('',*,*,#3183,.F.);
#4133=ORIENTED_EDGE('',*,*,#3184,.F.);
#4134=ORIENTED_EDGE('',*,*,#3185,.F.);
#4135=ORIENTED_EDGE('',*,*,#3186,.F.);
#4136=ORIENTED_EDGE('',*,*,#3187,.F.);
#4137=ORIENTED_EDGE('',*,*,#3188,.F.);
#4138=ORIENTED_EDGE('',*,*,#3189,.F.);
#4139=ORIENTED_EDGE('',*,*,#3190,.F.);
#4140=ORIENTED_EDGE('',*,*,#3191,.F.);
#4141=ORIENTED_EDGE('',*,*,#3192,.F.);
#4142=ORIENTED_EDGE('',*,*,#3193,.F.);
#4143=ORIENTED_EDGE('',*,*,#3194,.F.);
#4144=ORIENTED_EDGE('',*,*,#3195,.F.);
#4145=ORIENTED_EDGE('',*,*,#3196,.F.);
#4146=ORIENTED_EDGE('',*,*,#3197,.F.);
#4147=ORIENTED_EDGE('',*,*,#3198,.F.);
#4148=ORIENTED_EDGE('',*,*,#3123,.T.);
#4149=ORIENTED_EDGE('',*,*,#3199,.T.);
#4150=ORIENTED_EDGE('',*,*,#3200,.F.);
#4151=ORIENTED_EDGE('',*,*,#3201,.T.);
#4152=ORIENTED_EDGE('',*,*,#3126,.T.);
#4153=ORIENTED_EDGE('',*,*,#3202,.T.);
#4154=ORIENTED_EDGE('',*,*,#3203,.T.);
#4155=ORIENTED_EDGE('',*,*,#3130,.T.);
#4156=ORIENTED_EDGE('',*,*,#3129,.T.);
#4157=ORIENTED_EDGE('',*,*,#3204,.F.);
#4158=ORIENTED_EDGE('',*,*,#3205,.F.);
#4159=ORIENTED_EDGE('',*,*,#3206,.F.);
#4160=ORIENTED_EDGE('',*,*,#3207,.F.);
#4161=ORIENTED_EDGE('',*,*,#3208,.F.);
#4162=ORIENTED_EDGE('',*,*,#3209,.F.);
#4163=ORIENTED_EDGE('',*,*,#3210,.F.);
#4164=ORIENTED_EDGE('',*,*,#3211,.F.);
#4165=ORIENTED_EDGE('',*,*,#3212,.F.);
#4166=ORIENTED_EDGE('',*,*,#3213,.F.);
#4167=ORIENTED_EDGE('',*,*,#3214,.F.);
#4168=ORIENTED_EDGE('',*,*,#3215,.F.);
#4169=ORIENTED_EDGE('',*,*,#3216,.F.);
#4170=ORIENTED_EDGE('',*,*,#3217,.F.);
#4171=ORIENTED_EDGE('',*,*,#3218,.F.);
#4172=ORIENTED_EDGE('',*,*,#3219,.F.);
#4173=ORIENTED_EDGE('',*,*,#3220,.F.);
#4174=ORIENTED_EDGE('',*,*,#3221,.F.);
#4175=ORIENTED_EDGE('',*,*,#3222,.F.);
#4176=ORIENTED_EDGE('',*,*,#3223,.F.);
#4177=ORIENTED_EDGE('',*,*,#3224,.F.);
#4178=ORIENTED_EDGE('',*,*,#3225,.F.);
#4179=ORIENTED_EDGE('',*,*,#3226,.F.);
#4180=ORIENTED_EDGE('',*,*,#3227,.F.);
#4181=ORIENTED_EDGE('',*,*,#3228,.F.);
#4182=ORIENTED_EDGE('',*,*,#3229,.F.);
#4183=ORIENTED_EDGE('',*,*,#3230,.F.);
#4184=ORIENTED_EDGE('',*,*,#3231,.F.);
#4185=ORIENTED_EDGE('',*,*,#3232,.F.);
#4186=ORIENTED_EDGE('',*,*,#3233,.F.);
#4187=ORIENTED_EDGE('',*,*,#3234,.F.);
#4188=ORIENTED_EDGE('',*,*,#3235,.F.);
#4189=ORIENTED_EDGE('',*,*,#3236,.F.);
#4190=ORIENTED_EDGE('',*,*,#3237,.F.);
#4191=ORIENTED_EDGE('',*,*,#3238,.F.);
#4192=ORIENTED_EDGE('',*,*,#3239,.F.);
#4193=ORIENTED_EDGE('',*,*,#3240,.F.);
#4194=ORIENTED_EDGE('',*,*,#3241,.F.);
#4195=ORIENTED_EDGE('',*,*,#3242,.F.);
#4196=ORIENTED_EDGE('',*,*,#3243,.F.);
#4197=ORIENTED_EDGE('',*,*,#3244,.F.);
#4198=ORIENTED_EDGE('',*,*,#3245,.F.);
#4199=ORIENTED_EDGE('',*,*,#3246,.F.);
#4200=ORIENTED_EDGE('',*,*,#3247,.F.);
#4201=ORIENTED_EDGE('',*,*,#3248,.F.);
#4202=ORIENTED_EDGE('',*,*,#3249,.F.);
#4203=ORIENTED_EDGE('',*,*,#3250,.F.);
#4204=ORIENTED_EDGE('',*,*,#3251,.F.);
#4205=ORIENTED_EDGE('',*,*,#3252,.F.);
#4206=ORIENTED_EDGE('',*,*,#3253,.F.);
#4207=ORIENTED_EDGE('',*,*,#3254,.F.);
#4208=ORIENTED_EDGE('',*,*,#3255,.F.);
#4209=ORIENTED_EDGE('',*,*,#3256,.F.);
#4210=ORIENTED_EDGE('',*,*,#3257,.F.);
#4211=ORIENTED_EDGE('',*,*,#3258,.F.);
#4212=ORIENTED_EDGE('',*,*,#3259,.F.);
#4213=ORIENTED_EDGE('',*,*,#3260,.F.);
#4214=ORIENTED_EDGE('',*,*,#3261,.F.);
#4215=ORIENTED_EDGE('',*,*,#3262,.F.);
#4216=ORIENTED_EDGE('',*,*,#3263,.F.);
#4217=ORIENTED_EDGE('',*,*,#3264,.F.);
#4218=ORIENTED_EDGE('',*,*,#3265,.F.);
#4219=ORIENTED_EDGE('',*,*,#3266,.F.);
#4220=ORIENTED_EDGE('',*,*,#3267,.F.);
#4221=ORIENTED_EDGE('',*,*,#3268,.F.);
#4222=ORIENTED_EDGE('',*,*,#3269,.F.);
#4223=ORIENTED_EDGE('',*,*,#3270,.F.);
#4224=ORIENTED_EDGE('',*,*,#3271,.F.);
#4225=ORIENTED_EDGE('',*,*,#3202,.F.);
#4226=ORIENTED_EDGE('',*,*,#3272,.F.);
#4227=ORIENTED_EDGE('',*,*,#3199,.F.);
#4228=ORIENTED_EDGE('',*,*,#3122,.T.);
#4229=ORIENTED_EDGE('',*,*,#3273,.F.);
#4230=ORIENTED_EDGE('',*,*,#3274,.F.);
#4231=ORIENTED_EDGE('',*,*,#3275,.T.);
#4232=ORIENTED_EDGE('',*,*,#3127,.T.);
#4233=ORIENTED_EDGE('',*,*,#3201,.F.);
#4234=ORIENTED_EDGE('',*,*,#3272,.T.);
#4235=ORIENTED_EDGE('',*,*,#3276,.T.);
#4236=ORIENTED_EDGE('',*,*,#3277,.T.);
#4237=ORIENTED_EDGE('',*,*,#3278,.F.);
#4238=ORIENTED_EDGE('',*,*,#3279,.T.);
#4239=ORIENTED_EDGE('',*,*,#3280,.T.);
#4240=ORIENTED_EDGE('',*,*,#3274,.T.);
#4241=ORIENTED_EDGE('',*,*,#3200,.T.);
#4242=ORIENTED_EDGE('',*,*,#3281,.T.);
#4243=ORIENTED_EDGE('',*,*,#3282,.T.);
#4244=ORIENTED_EDGE('',*,*,#3283,.T.);
#4245=ORIENTED_EDGE('',*,*,#3284,.T.);
#4246=ORIENTED_EDGE('',*,*,#3284,.F.);
#4247=ORIENTED_EDGE('',*,*,#3285,.F.);
#4248=ORIENTED_EDGE('',*,*,#3286,.F.);
#4249=ORIENTED_EDGE('',*,*,#3287,.F.);
#4250=ORIENTED_EDGE('',*,*,#3283,.F.);
#4251=ORIENTED_EDGE('',*,*,#3288,.T.);
#4252=ORIENTED_EDGE('',*,*,#3289,.T.);
#4253=ORIENTED_EDGE('',*,*,#3279,.F.);
#4254=ORIENTED_EDGE('',*,*,#3290,.F.);
#4255=ORIENTED_EDGE('',*,*,#3291,.F.);
#4256=ORIENTED_EDGE('',*,*,#3292,.F.);
#4257=ORIENTED_EDGE('',*,*,#3293,.F.);
#4258=ORIENTED_EDGE('',*,*,#3294,.F.);
#4259=ORIENTED_EDGE('',*,*,#3295,.F.);
#4260=ORIENTED_EDGE('',*,*,#3296,.F.);
#4261=ORIENTED_EDGE('',*,*,#3285,.T.);
#4262=ORIENTED_EDGE('',*,*,#3296,.T.);
#4263=ORIENTED_EDGE('',*,*,#3297,.T.);
#4264=ORIENTED_EDGE('',*,*,#3298,.T.);
#4265=ORIENTED_EDGE('',*,*,#3286,.T.);
#4266=ORIENTED_EDGE('',*,*,#3282,.F.);
#4267=ORIENTED_EDGE('',*,*,#3299,.F.);
#4268=ORIENTED_EDGE('',*,*,#3300,.F.);
#4269=ORIENTED_EDGE('',*,*,#3288,.F.);
#4270=ORIENTED_EDGE('',*,*,#3281,.F.);
#4271=ORIENTED_EDGE('',*,*,#3287,.T.);
#4272=ORIENTED_EDGE('',*,*,#3298,.F.);
#4273=ORIENTED_EDGE('',*,*,#3301,.T.);
#4274=ORIENTED_EDGE('',*,*,#3302,.T.);
#4275=ORIENTED_EDGE('',*,*,#3303,.T.);
#4276=ORIENTED_EDGE('',*,*,#3304,.T.);
#4277=ORIENTED_EDGE('',*,*,#3305,.T.);
#4278=ORIENTED_EDGE('',*,*,#3306,.F.);
#4279=ORIENTED_EDGE('',*,*,#3277,.F.);
#4280=ORIENTED_EDGE('',*,*,#3307,.T.);
#4281=ORIENTED_EDGE('',*,*,#3299,.T.);
#4282=ORIENTED_EDGE('',*,*,#3297,.F.);
#4283=ORIENTED_EDGE('',*,*,#3295,.T.);
#4284=ORIENTED_EDGE('',*,*,#3308,.T.);
#4285=ORIENTED_EDGE('',*,*,#3301,.F.);
#4286=ORIENTED_EDGE('',*,*,#3290,.T.);
#4287=ORIENTED_EDGE('',*,*,#3278,.T.);
#4288=ORIENTED_EDGE('',*,*,#3306,.T.);
#4289=ORIENTED_EDGE('',*,*,#3309,.T.);
#4290=ORIENTED_EDGE('',*,*,#3309,.F.);
#4291=ORIENTED_EDGE('',*,*,#3305,.F.);
#4292=ORIENTED_EDGE('',*,*,#3310,.T.);
#4293=ORIENTED_EDGE('',*,*,#3291,.T.);
#4294=ORIENTED_EDGE('',*,*,#3304,.F.);
#4295=ORIENTED_EDGE('',*,*,#3311,.F.);
#4296=ORIENTED_EDGE('',*,*,#3292,.T.);
#4297=ORIENTED_EDGE('',*,*,#3310,.F.);
#4298=ORIENTED_EDGE('',*,*,#3303,.F.);
#4299=ORIENTED_EDGE('',*,*,#3312,.F.);
#4300=ORIENTED_EDGE('',*,*,#3293,.T.);
#4301=ORIENTED_EDGE('',*,*,#3311,.T.);
#4302=ORIENTED_EDGE('',*,*,#3302,.F.);
#4303=ORIENTED_EDGE('',*,*,#3308,.F.);
#4304=ORIENTED_EDGE('',*,*,#3294,.T.);
#4305=ORIENTED_EDGE('',*,*,#3312,.T.);
#4306=ORIENTED_EDGE('',*,*,#3204,.T.);
#4307=ORIENTED_EDGE('',*,*,#3128,.T.);
#4308=ORIENTED_EDGE('',*,*,#3275,.F.);
#4309=ORIENTED_EDGE('',*,*,#3280,.F.);
#4310=ORIENTED_EDGE('',*,*,#3289,.F.);
#4311=ORIENTED_EDGE('',*,*,#3300,.T.);
#4312=ORIENTED_EDGE('',*,*,#3307,.F.);
#4313=ORIENTED_EDGE('',*,*,#3276,.F.);
#4314=ORIENTED_EDGE('',*,*,#3273,.T.);
#4315=ORIENTED_EDGE('',*,*,#3125,.T.);
#4316=ORIENTED_EDGE('',*,*,#3198,.T.);
#4317=ORIENTED_EDGE('',*,*,#3313,.F.);
#4318=ORIENTED_EDGE('',*,*,#3164,.T.);
#4319=ORIENTED_EDGE('',*,*,#3314,.F.);
#4320=ORIENTED_EDGE('',*,*,#3238,.T.);
#4321=ORIENTED_EDGE('',*,*,#3315,.T.);
#4322=ORIENTED_EDGE('',*,*,#3163,.T.);
#4323=ORIENTED_EDGE('',*,*,#3316,.F.);
#4324=ORIENTED_EDGE('',*,*,#3239,.T.);
#4325=ORIENTED_EDGE('',*,*,#3314,.T.);
#4326=ORIENTED_EDGE('',*,*,#3162,.T.);
#4327=ORIENTED_EDGE('',*,*,#3317,.F.);
#4328=ORIENTED_EDGE('',*,*,#3240,.T.);
#4329=ORIENTED_EDGE('',*,*,#3316,.T.);
#4330=ORIENTED_EDGE('',*,*,#3161,.T.);
#4331=ORIENTED_EDGE('',*,*,#3318,.F.);
#4332=ORIENTED_EDGE('',*,*,#3241,.T.);
#4333=ORIENTED_EDGE('',*,*,#3317,.T.);
#4334=ORIENTED_EDGE('',*,*,#3160,.T.);
#4335=ORIENTED_EDGE('',*,*,#3319,.F.);
#4336=ORIENTED_EDGE('',*,*,#3242,.T.);
#4337=ORIENTED_EDGE('',*,*,#3318,.T.);
#4338=ORIENTED_EDGE('',*,*,#3159,.T.);
#4339=ORIENTED_EDGE('',*,*,#3320,.F.);
#4340=ORIENTED_EDGE('',*,*,#3243,.T.);
#4341=ORIENTED_EDGE('',*,*,#3319,.T.);
#4342=ORIENTED_EDGE('',*,*,#3158,.T.);
#4343=ORIENTED_EDGE('',*,*,#3321,.F.);
#4344=ORIENTED_EDGE('',*,*,#3244,.T.);
#4345=ORIENTED_EDGE('',*,*,#3320,.T.);
#4346=ORIENTED_EDGE('',*,*,#3157,.T.);
#4347=ORIENTED_EDGE('',*,*,#3322,.F.);
#4348=ORIENTED_EDGE('',*,*,#3245,.T.);
#4349=ORIENTED_EDGE('',*,*,#3321,.T.);
#4350=ORIENTED_EDGE('',*,*,#3156,.T.);
#4351=ORIENTED_EDGE('',*,*,#3323,.F.);
#4352=ORIENTED_EDGE('',*,*,#3246,.T.);
#4353=ORIENTED_EDGE('',*,*,#3322,.T.);
#4354=ORIENTED_EDGE('',*,*,#3155,.T.);
#4355=ORIENTED_EDGE('',*,*,#3324,.F.);
#4356=ORIENTED_EDGE('',*,*,#3247,.T.);
#4357=ORIENTED_EDGE('',*,*,#3323,.T.);
#4358=ORIENTED_EDGE('',*,*,#3154,.T.);
#4359=ORIENTED_EDGE('',*,*,#3325,.F.);
#4360=ORIENTED_EDGE('',*,*,#3248,.T.);
#4361=ORIENTED_EDGE('',*,*,#3324,.T.);
#4362=ORIENTED_EDGE('',*,*,#3153,.T.);
#4363=ORIENTED_EDGE('',*,*,#3326,.F.);
#4364=ORIENTED_EDGE('',*,*,#3249,.T.);
#4365=ORIENTED_EDGE('',*,*,#3325,.T.);
#4366=ORIENTED_EDGE('',*,*,#3152,.T.);
#4367=ORIENTED_EDGE('',*,*,#3327,.F.);
#4368=ORIENTED_EDGE('',*,*,#3250,.T.);
#4369=ORIENTED_EDGE('',*,*,#3326,.T.);
#4370=ORIENTED_EDGE('',*,*,#3151,.T.);
#4371=ORIENTED_EDGE('',*,*,#3328,.F.);
#4372=ORIENTED_EDGE('',*,*,#3251,.T.);
#4373=ORIENTED_EDGE('',*,*,#3327,.T.);
#4374=ORIENTED_EDGE('',*,*,#3150,.T.);
#4375=ORIENTED_EDGE('',*,*,#3329,.F.);
#4376=ORIENTED_EDGE('',*,*,#3252,.T.);
#4377=ORIENTED_EDGE('',*,*,#3328,.T.);
#4378=ORIENTED_EDGE('',*,*,#3149,.T.);
#4379=ORIENTED_EDGE('',*,*,#3330,.F.);
#4380=ORIENTED_EDGE('',*,*,#3253,.T.);
#4381=ORIENTED_EDGE('',*,*,#3329,.T.);
#4382=ORIENTED_EDGE('',*,*,#3148,.T.);
#4383=ORIENTED_EDGE('',*,*,#3331,.F.);
#4384=ORIENTED_EDGE('',*,*,#3254,.T.);
#4385=ORIENTED_EDGE('',*,*,#3330,.T.);
#4386=ORIENTED_EDGE('',*,*,#3147,.T.);
#4387=ORIENTED_EDGE('',*,*,#3332,.F.);
#4388=ORIENTED_EDGE('',*,*,#3255,.T.);
#4389=ORIENTED_EDGE('',*,*,#3331,.T.);
#4390=ORIENTED_EDGE('',*,*,#3146,.T.);
#4391=ORIENTED_EDGE('',*,*,#3333,.F.);
#4392=ORIENTED_EDGE('',*,*,#3256,.T.);
#4393=ORIENTED_EDGE('',*,*,#3332,.T.);
#4394=ORIENTED_EDGE('',*,*,#3145,.T.);
#4395=ORIENTED_EDGE('',*,*,#3334,.F.);
#4396=ORIENTED_EDGE('',*,*,#3257,.T.);
#4397=ORIENTED_EDGE('',*,*,#3333,.T.);
#4398=ORIENTED_EDGE('',*,*,#3144,.T.);
#4399=ORIENTED_EDGE('',*,*,#3335,.F.);
#4400=ORIENTED_EDGE('',*,*,#3258,.T.);
#4401=ORIENTED_EDGE('',*,*,#3334,.T.);
#4402=ORIENTED_EDGE('',*,*,#3143,.T.);
#4403=ORIENTED_EDGE('',*,*,#3336,.F.);
#4404=ORIENTED_EDGE('',*,*,#3259,.T.);
#4405=ORIENTED_EDGE('',*,*,#3335,.T.);
#4406=ORIENTED_EDGE('',*,*,#3142,.T.);
#4407=ORIENTED_EDGE('',*,*,#3337,.F.);
#4408=ORIENTED_EDGE('',*,*,#3260,.T.);
#4409=ORIENTED_EDGE('',*,*,#3336,.T.);
#4410=ORIENTED_EDGE('',*,*,#3141,.T.);
#4411=ORIENTED_EDGE('',*,*,#3338,.F.);
#4412=ORIENTED_EDGE('',*,*,#3261,.T.);
#4413=ORIENTED_EDGE('',*,*,#3337,.T.);
#4414=ORIENTED_EDGE('',*,*,#3140,.T.);
#4415=ORIENTED_EDGE('',*,*,#3339,.F.);
#4416=ORIENTED_EDGE('',*,*,#3262,.T.);
#4417=ORIENTED_EDGE('',*,*,#3338,.T.);
#4418=ORIENTED_EDGE('',*,*,#3139,.T.);
#4419=ORIENTED_EDGE('',*,*,#3340,.F.);
#4420=ORIENTED_EDGE('',*,*,#3263,.T.);
#4421=ORIENTED_EDGE('',*,*,#3339,.T.);
#4422=ORIENTED_EDGE('',*,*,#3138,.T.);
#4423=ORIENTED_EDGE('',*,*,#3341,.F.);
#4424=ORIENTED_EDGE('',*,*,#3264,.T.);
#4425=ORIENTED_EDGE('',*,*,#3340,.T.);
#4426=ORIENTED_EDGE('',*,*,#3137,.T.);
#4427=ORIENTED_EDGE('',*,*,#3342,.F.);
#4428=ORIENTED_EDGE('',*,*,#3265,.T.);
#4429=ORIENTED_EDGE('',*,*,#3341,.T.);
#4430=ORIENTED_EDGE('',*,*,#3136,.T.);
#4431=ORIENTED_EDGE('',*,*,#3343,.F.);
#4432=ORIENTED_EDGE('',*,*,#3266,.T.);
#4433=ORIENTED_EDGE('',*,*,#3342,.T.);
#4434=ORIENTED_EDGE('',*,*,#3135,.T.);
#4435=ORIENTED_EDGE('',*,*,#3344,.F.);
#4436=ORIENTED_EDGE('',*,*,#3267,.T.);
#4437=ORIENTED_EDGE('',*,*,#3343,.T.);
#4438=ORIENTED_EDGE('',*,*,#3134,.T.);
#4439=ORIENTED_EDGE('',*,*,#3345,.F.);
#4440=ORIENTED_EDGE('',*,*,#3268,.T.);
#4441=ORIENTED_EDGE('',*,*,#3344,.T.);
#4442=ORIENTED_EDGE('',*,*,#3133,.T.);
#4443=ORIENTED_EDGE('',*,*,#3346,.F.);
#4444=ORIENTED_EDGE('',*,*,#3269,.T.);
#4445=ORIENTED_EDGE('',*,*,#3345,.T.);
#4446=ORIENTED_EDGE('',*,*,#3132,.T.);
#4447=ORIENTED_EDGE('',*,*,#3347,.F.);
#4448=ORIENTED_EDGE('',*,*,#3270,.T.);
#4449=ORIENTED_EDGE('',*,*,#3346,.T.);
#4450=ORIENTED_EDGE('',*,*,#3131,.T.);
#4451=ORIENTED_EDGE('',*,*,#3203,.F.);
#4452=ORIENTED_EDGE('',*,*,#3271,.T.);
#4453=ORIENTED_EDGE('',*,*,#3347,.T.);
#4454=ORIENTED_EDGE('',*,*,#3166,.T.);
#4455=ORIENTED_EDGE('',*,*,#3348,.F.);
#4456=ORIENTED_EDGE('',*,*,#3236,.T.);
#4457=ORIENTED_EDGE('',*,*,#3349,.T.);
#4458=ORIENTED_EDGE('',*,*,#3167,.T.);
#4459=ORIENTED_EDGE('',*,*,#3349,.F.);
#4460=ORIENTED_EDGE('',*,*,#3235,.T.);
#4461=ORIENTED_EDGE('',*,*,#3350,.T.);
#4462=ORIENTED_EDGE('',*,*,#3168,.T.);
#4463=ORIENTED_EDGE('',*,*,#3350,.F.);
#4464=ORIENTED_EDGE('',*,*,#3234,.T.);
#4465=ORIENTED_EDGE('',*,*,#3351,.T.);
#4466=ORIENTED_EDGE('',*,*,#3169,.T.);
#4467=ORIENTED_EDGE('',*,*,#3351,.F.);
#4468=ORIENTED_EDGE('',*,*,#3233,.T.);
#4469=ORIENTED_EDGE('',*,*,#3352,.T.);
#4470=ORIENTED_EDGE('',*,*,#3170,.T.);
#4471=ORIENTED_EDGE('',*,*,#3352,.F.);
#4472=ORIENTED_EDGE('',*,*,#3232,.T.);
#4473=ORIENTED_EDGE('',*,*,#3353,.T.);
#4474=ORIENTED_EDGE('',*,*,#3171,.T.);
#4475=ORIENTED_EDGE('',*,*,#3353,.F.);
#4476=ORIENTED_EDGE('',*,*,#3231,.T.);
#4477=ORIENTED_EDGE('',*,*,#3354,.T.);
#4478=ORIENTED_EDGE('',*,*,#3172,.T.);
#4479=ORIENTED_EDGE('',*,*,#3354,.F.);
#4480=ORIENTED_EDGE('',*,*,#3230,.T.);
#4481=ORIENTED_EDGE('',*,*,#3355,.T.);
#4482=ORIENTED_EDGE('',*,*,#3173,.T.);
#4483=ORIENTED_EDGE('',*,*,#3355,.F.);
#4484=ORIENTED_EDGE('',*,*,#3229,.T.);
#4485=ORIENTED_EDGE('',*,*,#3356,.T.);
#4486=ORIENTED_EDGE('',*,*,#3174,.T.);
#4487=ORIENTED_EDGE('',*,*,#3356,.F.);
#4488=ORIENTED_EDGE('',*,*,#3228,.T.);
#4489=ORIENTED_EDGE('',*,*,#3357,.T.);
#4490=ORIENTED_EDGE('',*,*,#3175,.T.);
#4491=ORIENTED_EDGE('',*,*,#3357,.F.);
#4492=ORIENTED_EDGE('',*,*,#3227,.T.);
#4493=ORIENTED_EDGE('',*,*,#3358,.T.);
#4494=ORIENTED_EDGE('',*,*,#3176,.T.);
#4495=ORIENTED_EDGE('',*,*,#3358,.F.);
#4496=ORIENTED_EDGE('',*,*,#3226,.T.);
#4497=ORIENTED_EDGE('',*,*,#3359,.T.);
#4498=ORIENTED_EDGE('',*,*,#3177,.T.);
#4499=ORIENTED_EDGE('',*,*,#3359,.F.);
#4500=ORIENTED_EDGE('',*,*,#3225,.T.);
#4501=ORIENTED_EDGE('',*,*,#3360,.T.);
#4502=ORIENTED_EDGE('',*,*,#3178,.T.);
#4503=ORIENTED_EDGE('',*,*,#3360,.F.);
#4504=ORIENTED_EDGE('',*,*,#3224,.T.);
#4505=ORIENTED_EDGE('',*,*,#3361,.T.);
#4506=ORIENTED_EDGE('',*,*,#3179,.T.);
#4507=ORIENTED_EDGE('',*,*,#3361,.F.);
#4508=ORIENTED_EDGE('',*,*,#3223,.T.);
#4509=ORIENTED_EDGE('',*,*,#3362,.T.);
#4510=ORIENTED_EDGE('',*,*,#3180,.T.);
#4511=ORIENTED_EDGE('',*,*,#3362,.F.);
#4512=ORIENTED_EDGE('',*,*,#3222,.T.);
#4513=ORIENTED_EDGE('',*,*,#3363,.T.);
#4514=ORIENTED_EDGE('',*,*,#3181,.T.);
#4515=ORIENTED_EDGE('',*,*,#3363,.F.);
#4516=ORIENTED_EDGE('',*,*,#3221,.T.);
#4517=ORIENTED_EDGE('',*,*,#3364,.T.);
#4518=ORIENTED_EDGE('',*,*,#3182,.T.);
#4519=ORIENTED_EDGE('',*,*,#3364,.F.);
#4520=ORIENTED_EDGE('',*,*,#3220,.T.);
#4521=ORIENTED_EDGE('',*,*,#3365,.T.);
#4522=ORIENTED_EDGE('',*,*,#3183,.T.);
#4523=ORIENTED_EDGE('',*,*,#3365,.F.);
#4524=ORIENTED_EDGE('',*,*,#3219,.T.);
#4525=ORIENTED_EDGE('',*,*,#3366,.T.);
#4526=ORIENTED_EDGE('',*,*,#3184,.T.);
#4527=ORIENTED_EDGE('',*,*,#3366,.F.);
#4528=ORIENTED_EDGE('',*,*,#3218,.T.);
#4529=ORIENTED_EDGE('',*,*,#3367,.T.);
#4530=ORIENTED_EDGE('',*,*,#3185,.T.);
#4531=ORIENTED_EDGE('',*,*,#3367,.F.);
#4532=ORIENTED_EDGE('',*,*,#3217,.T.);
#4533=ORIENTED_EDGE('',*,*,#3368,.T.);
#4534=ORIENTED_EDGE('',*,*,#3186,.T.);
#4535=ORIENTED_EDGE('',*,*,#3368,.F.);
#4536=ORIENTED_EDGE('',*,*,#3216,.T.);
#4537=ORIENTED_EDGE('',*,*,#3369,.T.);
#4538=ORIENTED_EDGE('',*,*,#3187,.T.);
#4539=ORIENTED_EDGE('',*,*,#3369,.F.);
#4540=ORIENTED_EDGE('',*,*,#3215,.T.);
#4541=ORIENTED_EDGE('',*,*,#3370,.T.);
#4542=ORIENTED_EDGE('',*,*,#3188,.T.);
#4543=ORIENTED_EDGE('',*,*,#3370,.F.);
#4544=ORIENTED_EDGE('',*,*,#3214,.T.);
#4545=ORIENTED_EDGE('',*,*,#3371,.T.);
#4546=ORIENTED_EDGE('',*,*,#3189,.T.);
#4547=ORIENTED_EDGE('',*,*,#3371,.F.);
#4548=ORIENTED_EDGE('',*,*,#3213,.T.);
#4549=ORIENTED_EDGE('',*,*,#3372,.T.);
#4550=ORIENTED_EDGE('',*,*,#3190,.T.);
#4551=ORIENTED_EDGE('',*,*,#3372,.F.);
#4552=ORIENTED_EDGE('',*,*,#3212,.T.);
#4553=ORIENTED_EDGE('',*,*,#3373,.T.);
#4554=ORIENTED_EDGE('',*,*,#3191,.T.);
#4555=ORIENTED_EDGE('',*,*,#3373,.F.);
#4556=ORIENTED_EDGE('',*,*,#3211,.T.);
#4557=ORIENTED_EDGE('',*,*,#3374,.T.);
#4558=ORIENTED_EDGE('',*,*,#3192,.T.);
#4559=ORIENTED_EDGE('',*,*,#3374,.F.);
#4560=ORIENTED_EDGE('',*,*,#3210,.T.);
#4561=ORIENTED_EDGE('',*,*,#3375,.T.);
#4562=ORIENTED_EDGE('',*,*,#3193,.T.);
#4563=ORIENTED_EDGE('',*,*,#3375,.F.);
#4564=ORIENTED_EDGE('',*,*,#3209,.T.);
#4565=ORIENTED_EDGE('',*,*,#3376,.T.);
#4566=ORIENTED_EDGE('',*,*,#3194,.T.);
#4567=ORIENTED_EDGE('',*,*,#3376,.F.);
#4568=ORIENTED_EDGE('',*,*,#3208,.T.);
#4569=ORIENTED_EDGE('',*,*,#3377,.T.);
#4570=ORIENTED_EDGE('',*,*,#3195,.T.);
#4571=ORIENTED_EDGE('',*,*,#3377,.F.);
#4572=ORIENTED_EDGE('',*,*,#3207,.T.);
#4573=ORIENTED_EDGE('',*,*,#3378,.T.);
#4574=ORIENTED_EDGE('',*,*,#3196,.T.);
#4575=ORIENTED_EDGE('',*,*,#3378,.F.);
#4576=ORIENTED_EDGE('',*,*,#3206,.T.);
#4577=ORIENTED_EDGE('',*,*,#3379,.T.);
#4578=ORIENTED_EDGE('',*,*,#3197,.T.);
#4579=ORIENTED_EDGE('',*,*,#3379,.F.);
#4580=ORIENTED_EDGE('',*,*,#3205,.T.);
#4581=ORIENTED_EDGE('',*,*,#3313,.T.);
#4582=ORIENTED_EDGE('',*,*,#3165,.T.);
#4583=ORIENTED_EDGE('',*,*,#3315,.F.);
#4584=ORIENTED_EDGE('',*,*,#3237,.T.);
#4585=ORIENTED_EDGE('',*,*,#3348,.T.);
#4586=ORIENTED_EDGE('',*,*,#3380,.T.);
#4587=ORIENTED_EDGE('',*,*,#3381,.T.);
#4588=ORIENTED_EDGE('',*,*,#3382,.T.);
#4589=ORIENTED_EDGE('',*,*,#3383,.T.);
#4590=ORIENTED_EDGE('',*,*,#3384,.T.);
#4591=ORIENTED_EDGE('',*,*,#3385,.T.);
#4592=ORIENTED_EDGE('',*,*,#3386,.T.);
#4593=ORIENTED_EDGE('',*,*,#3387,.T.);
#4594=ORIENTED_EDGE('',*,*,#3388,.T.);
#4595=ORIENTED_EDGE('',*,*,#3389,.T.);
#4596=ORIENTED_EDGE('',*,*,#3390,.T.);
#4597=ORIENTED_EDGE('',*,*,#3391,.T.);
#4598=ORIENTED_EDGE('',*,*,#3384,.F.);
#4599=ORIENTED_EDGE('',*,*,#3392,.F.);
#4600=ORIENTED_EDGE('',*,*,#3393,.F.);
#4601=ORIENTED_EDGE('',*,*,#3394,.T.);
#4602=ORIENTED_EDGE('',*,*,#3395,.T.);
#4603=ORIENTED_EDGE('',*,*,#3396,.T.);
#4604=ORIENTED_EDGE('',*,*,#3397,.T.);
#4605=ORIENTED_EDGE('',*,*,#3398,.T.);
#4606=ORIENTED_EDGE('',*,*,#3399,.F.);
#4607=ORIENTED_EDGE('',*,*,#3398,.F.);
#4608=ORIENTED_EDGE('',*,*,#3400,.T.);
#4609=ORIENTED_EDGE('',*,*,#3401,.T.);
#4610=ORIENTED_EDGE('',*,*,#3397,.F.);
#4611=ORIENTED_EDGE('',*,*,#3401,.F.);
#4612=ORIENTED_EDGE('',*,*,#3402,.T.);
#4613=ORIENTED_EDGE('',*,*,#3399,.T.);
#4614=ORIENTED_EDGE('',*,*,#3403,.T.);
#4615=ORIENTED_EDGE('',*,*,#3404,.T.);
#4616=ORIENTED_EDGE('',*,*,#3405,.T.);
#4617=ORIENTED_EDGE('',*,*,#3403,.F.);
#4618=ORIENTED_EDGE('',*,*,#3406,.T.);
#4619=ORIENTED_EDGE('',*,*,#3407,.T.);
#4620=ORIENTED_EDGE('',*,*,#3402,.F.);
#4621=ORIENTED_EDGE('',*,*,#3400,.F.);
#4622=ORIENTED_EDGE('',*,*,#3407,.F.);
#4623=ORIENTED_EDGE('',*,*,#3406,.F.);
#4624=ORIENTED_EDGE('',*,*,#3408,.T.);
#4625=ORIENTED_EDGE('',*,*,#3409,.T.);
#4626=ORIENTED_EDGE('',*,*,#3404,.F.);
#4627=ORIENTED_EDGE('',*,*,#3405,.F.);
#4628=ORIENTED_EDGE('',*,*,#3409,.F.);
#4629=ORIENTED_EDGE('',*,*,#3410,.T.);
#4630=ORIENTED_EDGE('',*,*,#3411,.T.);
#4631=ORIENTED_EDGE('',*,*,#3412,.T.);
#4632=ORIENTED_EDGE('',*,*,#3413,.T.);
#4633=ORIENTED_EDGE('',*,*,#3414,.T.);
#4634=ORIENTED_EDGE('',*,*,#3408,.F.);
#4635=ORIENTED_EDGE('',*,*,#3415,.F.);
#4636=ORIENTED_EDGE('',*,*,#3416,.T.);
#4637=ORIENTED_EDGE('',*,*,#3410,.F.);
#4638=ORIENTED_EDGE('',*,*,#3417,.F.);
#4639=ORIENTED_EDGE('',*,*,#3418,.T.);
#4640=ORIENTED_EDGE('',*,*,#3419,.F.);
#4641=ORIENTED_EDGE('',*,*,#3420,.T.);
#4642=ORIENTED_EDGE('',*,*,#3411,.F.);
#4643=ORIENTED_EDGE('',*,*,#3416,.F.);
#4644=ORIENTED_EDGE('',*,*,#3421,.T.);
#4645=ORIENTED_EDGE('',*,*,#3422,.T.);
#4646=ORIENTED_EDGE('',*,*,#3412,.F.);
#4647=ORIENTED_EDGE('',*,*,#3420,.F.);
#4648=ORIENTED_EDGE('',*,*,#3396,.F.);
#4649=ORIENTED_EDGE('',*,*,#3423,.F.);
#4650=ORIENTED_EDGE('',*,*,#3424,.F.);
#4651=ORIENTED_EDGE('',*,*,#3425,.T.);
#4652=ORIENTED_EDGE('',*,*,#3417,.T.);
#4653=ORIENTED_EDGE('',*,*,#3414,.F.);
#4654=ORIENTED_EDGE('',*,*,#3426,.F.);
#4655=ORIENTED_EDGE('',*,*,#3427,.T.);
#4656=ORIENTED_EDGE('',*,*,#3423,.T.);
#4657=ORIENTED_EDGE('',*,*,#3393,.T.);
#4658=ORIENTED_EDGE('',*,*,#3428,.T.);
#4659=ORIENTED_EDGE('',*,*,#3429,.T.);
#4660=ORIENTED_EDGE('',*,*,#3419,.T.);
#4661=ORIENTED_EDGE('',*,*,#3415,.T.);
#4662=ORIENTED_EDGE('',*,*,#3430,.T.);
#4663=ORIENTED_EDGE('',*,*,#3431,.T.);
#4664=ORIENTED_EDGE('',*,*,#3432,.T.);
#4665=ORIENTED_EDGE('',*,*,#3433,.T.);
#4666=ORIENTED_EDGE('',*,*,#3434,.T.);
#4667=ORIENTED_EDGE('',*,*,#3435,.T.);
#4668=ORIENTED_EDGE('',*,*,#3436,.T.);
#4669=ORIENTED_EDGE('',*,*,#3437,.F.);
#4670=ORIENTED_EDGE('',*,*,#3389,.F.);
#4671=ORIENTED_EDGE('',*,*,#3438,.F.);
#4672=ORIENTED_EDGE('',*,*,#3432,.F.);
#4673=ORIENTED_EDGE('',*,*,#3438,.T.);
#4674=ORIENTED_EDGE('',*,*,#3388,.F.);
#4675=ORIENTED_EDGE('',*,*,#3439,.F.);
#4676=ORIENTED_EDGE('',*,*,#3433,.F.);
#4677=ORIENTED_EDGE('',*,*,#3439,.T.);
#4678=ORIENTED_EDGE('',*,*,#3387,.F.);
#4679=ORIENTED_EDGE('',*,*,#3440,.F.);
#4680=ORIENTED_EDGE('',*,*,#3434,.F.);
#4681=ORIENTED_EDGE('',*,*,#3440,.T.);
#4682=ORIENTED_EDGE('',*,*,#3386,.F.);
#4683=ORIENTED_EDGE('',*,*,#3441,.F.);
#4684=ORIENTED_EDGE('',*,*,#3435,.F.);
#4685=ORIENTED_EDGE('',*,*,#3441,.T.);
#4686=ORIENTED_EDGE('',*,*,#3385,.F.);
#4687=ORIENTED_EDGE('',*,*,#3394,.F.);
#4688=ORIENTED_EDGE('',*,*,#3436,.F.);
#4689=ORIENTED_EDGE('',*,*,#3442,.F.);
#4690=ORIENTED_EDGE('',*,*,#3428,.F.);
#4691=ORIENTED_EDGE('',*,*,#3392,.T.);
#4692=ORIENTED_EDGE('',*,*,#3383,.F.);
#4693=ORIENTED_EDGE('',*,*,#3442,.T.);
#4694=ORIENTED_EDGE('',*,*,#3443,.T.);
#4695=ORIENTED_EDGE('',*,*,#3444,.F.);
#4696=ORIENTED_EDGE('',*,*,#3429,.F.);
#4697=ORIENTED_EDGE('',*,*,#3444,.T.);
#4698=ORIENTED_EDGE('',*,*,#3445,.T.);
#4699=ORIENTED_EDGE('',*,*,#3446,.T.);
#4700=ORIENTED_EDGE('',*,*,#3447,.F.);
#4701=ORIENTED_EDGE('',*,*,#3448,.T.);
#4702=ORIENTED_EDGE('',*,*,#3449,.T.);
#4703=ORIENTED_EDGE('',*,*,#3450,.F.);
#4704=ORIENTED_EDGE('',*,*,#3421,.F.);
#4705=ORIENTED_EDGE('',*,*,#3424,.T.);
#4706=ORIENTED_EDGE('',*,*,#3427,.F.);
#4707=ORIENTED_EDGE('',*,*,#3395,.F.);
#4708=ORIENTED_EDGE('',*,*,#3451,.T.);
#4709=ORIENTED_EDGE('',*,*,#3452,.F.);
#4710=ORIENTED_EDGE('',*,*,#3453,.F.);
#4711=ORIENTED_EDGE('',*,*,#3391,.F.);
#4712=ORIENTED_EDGE('',*,*,#3454,.F.);
#4713=ORIENTED_EDGE('',*,*,#3455,.T.);
#4714=ORIENTED_EDGE('',*,*,#3430,.F.);
#4715=ORIENTED_EDGE('',*,*,#3418,.F.);
#4716=ORIENTED_EDGE('',*,*,#3425,.F.);
#4717=ORIENTED_EDGE('',*,*,#3454,.T.);
#4718=ORIENTED_EDGE('',*,*,#3390,.F.);
#4719=ORIENTED_EDGE('',*,*,#3437,.T.);
#4720=ORIENTED_EDGE('',*,*,#3431,.F.);
#4721=ORIENTED_EDGE('',*,*,#3455,.F.);
#4722=ORIENTED_EDGE('',*,*,#3456,.T.);
#4723=ORIENTED_EDGE('',*,*,#3457,.F.);
#4724=ORIENTED_EDGE('',*,*,#3458,.F.);
#4725=ORIENTED_EDGE('',*,*,#3451,.F.);
#4726=ORIENTED_EDGE('',*,*,#3426,.T.);
#4727=ORIENTED_EDGE('',*,*,#3413,.F.);
#4728=ORIENTED_EDGE('',*,*,#3422,.F.);
#4729=ORIENTED_EDGE('',*,*,#3450,.T.);
#4730=ORIENTED_EDGE('',*,*,#3453,.T.);
#4731=ORIENTED_EDGE('',*,*,#3459,.T.);
#4732=ORIENTED_EDGE('',*,*,#3460,.F.);
#4733=ORIENTED_EDGE('',*,*,#3461,.F.);
#4734=ORIENTED_EDGE('',*,*,#3380,.F.);
#4735=ORIENTED_EDGE('',*,*,#3381,.F.);
#4736=ORIENTED_EDGE('',*,*,#3461,.T.);
#4737=ORIENTED_EDGE('',*,*,#3462,.F.);
#4738=ORIENTED_EDGE('',*,*,#3463,.F.);
#4739=ORIENTED_EDGE('',*,*,#3443,.F.);
#4740=ORIENTED_EDGE('',*,*,#3382,.F.);
#4741=ORIENTED_EDGE('',*,*,#3445,.F.);
#4742=ORIENTED_EDGE('',*,*,#3463,.T.);
#4743=ORIENTED_EDGE('',*,*,#3464,.F.);
#4744=ORIENTED_EDGE('',*,*,#3456,.F.);
#4745=ORIENTED_EDGE('',*,*,#3449,.F.);
#4746=ORIENTED_EDGE('',*,*,#3448,.F.);
#4747=ORIENTED_EDGE('',*,*,#3447,.T.);
#4748=ORIENTED_EDGE('',*,*,#3446,.F.);
#4749=ORIENTED_EDGE('',*,*,#3452,.T.);
#4750=ORIENTED_EDGE('',*,*,#3458,.T.);
#4751=ORIENTED_EDGE('',*,*,#3465,.F.);
#4752=ORIENTED_EDGE('',*,*,#3459,.F.);
#4753=ORIENTED_EDGE('',*,*,#3465,.T.);
#4754=ORIENTED_EDGE('',*,*,#3457,.T.);
#4755=ORIENTED_EDGE('',*,*,#3464,.T.);
#4756=ORIENTED_EDGE('',*,*,#3462,.T.);
#4757=ORIENTED_EDGE('',*,*,#3460,.T.);
#4758=ORIENTED_EDGE('',*,*,#3466,.F.);
#4759=ORIENTED_EDGE('',*,*,#3467,.T.);
#4760=ORIENTED_EDGE('',*,*,#3468,.T.);
#4761=ORIENTED_EDGE('',*,*,#3466,.T.);
#4762=ORIENTED_EDGE('',*,*,#3468,.F.);
#4763=ORIENTED_EDGE('',*,*,#3469,.T.);
#4764=ORIENTED_EDGE('',*,*,#3470,.T.);
#4765=ORIENTED_EDGE('',*,*,#3470,.F.);
#4766=ORIENTED_EDGE('',*,*,#3471,.T.);
#4767=ORIENTED_EDGE('',*,*,#3472,.T.);
#4768=ORIENTED_EDGE('',*,*,#3473,.T.);
#4769=ORIENTED_EDGE('',*,*,#3471,.F.);
#4770=ORIENTED_EDGE('',*,*,#3474,.F.);
#4771=ORIENTED_EDGE('',*,*,#3475,.T.);
#4772=ORIENTED_EDGE('',*,*,#3469,.F.);
#4773=ORIENTED_EDGE('',*,*,#3467,.F.);
#4774=ORIENTED_EDGE('',*,*,#3475,.F.);
#4775=ORIENTED_EDGE('',*,*,#3472,.F.);
#4776=ORIENTED_EDGE('',*,*,#3473,.F.);
#4777=ORIENTED_EDGE('',*,*,#3476,.T.);
#4778=ORIENTED_EDGE('',*,*,#3477,.T.);
#4779=ORIENTED_EDGE('',*,*,#3476,.F.);
#4780=ORIENTED_EDGE('',*,*,#3477,.F.);
#4781=ORIENTED_EDGE('',*,*,#3478,.T.);
#4782=ORIENTED_EDGE('',*,*,#3474,.T.);
#4783=ORIENTED_EDGE('',*,*,#3478,.F.);
#4784=ORIENTED_EDGE('',*,*,#3479,.F.);
#4785=ORIENTED_EDGE('',*,*,#3480,.F.);
#4786=ORIENTED_EDGE('',*,*,#3481,.T.);
#4787=ORIENTED_EDGE('',*,*,#3482,.T.);
#4788=ORIENTED_EDGE('',*,*,#3483,.F.);
#4789=ORIENTED_EDGE('',*,*,#3484,.F.);
#4790=ORIENTED_EDGE('',*,*,#3485,.F.);
#4791=ORIENTED_EDGE('',*,*,#3486,.F.);
#4792=ORIENTED_EDGE('',*,*,#3487,.T.);
#4793=ORIENTED_EDGE('',*,*,#3488,.T.);
#4794=ORIENTED_EDGE('',*,*,#3489,.T.);
#4795=ORIENTED_EDGE('',*,*,#3490,.T.);
#4796=ORIENTED_EDGE('',*,*,#3491,.T.);
#4797=ORIENTED_EDGE('',*,*,#3492,.T.);
#4798=ORIENTED_EDGE('',*,*,#3493,.T.);
#4799=ORIENTED_EDGE('',*,*,#3494,.T.);
#4800=ORIENTED_EDGE('',*,*,#3495,.T.);
#4801=ORIENTED_EDGE('',*,*,#3496,.T.);
#4802=ORIENTED_EDGE('',*,*,#3497,.T.);
#4803=ORIENTED_EDGE('',*,*,#3498,.T.);
#4804=ORIENTED_EDGE('',*,*,#3499,.T.);
#4805=ORIENTED_EDGE('',*,*,#3500,.T.);
#4806=ORIENTED_EDGE('',*,*,#3501,.T.);
#4807=ORIENTED_EDGE('',*,*,#3502,.T.);
#4808=ORIENTED_EDGE('',*,*,#3503,.T.);
#4809=ORIENTED_EDGE('',*,*,#3504,.T.);
#4810=ORIENTED_EDGE('',*,*,#3505,.T.);
#4811=ORIENTED_EDGE('',*,*,#3506,.T.);
#4812=ORIENTED_EDGE('',*,*,#3507,.T.);
#4813=ORIENTED_EDGE('',*,*,#3508,.T.);
#4814=ORIENTED_EDGE('',*,*,#3509,.T.);
#4815=ORIENTED_EDGE('',*,*,#3510,.T.);
#4816=ORIENTED_EDGE('',*,*,#3511,.T.);
#4817=ORIENTED_EDGE('',*,*,#3512,.T.);
#4818=ORIENTED_EDGE('',*,*,#3513,.T.);
#4819=ORIENTED_EDGE('',*,*,#3514,.T.);
#4820=ORIENTED_EDGE('',*,*,#3515,.T.);
#4821=ORIENTED_EDGE('',*,*,#3516,.T.);
#4822=ORIENTED_EDGE('',*,*,#3517,.T.);
#4823=ORIENTED_EDGE('',*,*,#3518,.T.);
#4824=ORIENTED_EDGE('',*,*,#3519,.T.);
#4825=ORIENTED_EDGE('',*,*,#3520,.T.);
#4826=ORIENTED_EDGE('',*,*,#3521,.T.);
#4827=ORIENTED_EDGE('',*,*,#3522,.T.);
#4828=ORIENTED_EDGE('',*,*,#3523,.T.);
#4829=ORIENTED_EDGE('',*,*,#3524,.T.);
#4830=ORIENTED_EDGE('',*,*,#3525,.T.);
#4831=ORIENTED_EDGE('',*,*,#3526,.T.);
#4832=ORIENTED_EDGE('',*,*,#3527,.T.);
#4833=ORIENTED_EDGE('',*,*,#3528,.T.);
#4834=ORIENTED_EDGE('',*,*,#3529,.T.);
#4835=ORIENTED_EDGE('',*,*,#3530,.T.);
#4836=ORIENTED_EDGE('',*,*,#3531,.T.);
#4837=ORIENTED_EDGE('',*,*,#3532,.T.);
#4838=ORIENTED_EDGE('',*,*,#3533,.T.);
#4839=ORIENTED_EDGE('',*,*,#3534,.T.);
#4840=ORIENTED_EDGE('',*,*,#3535,.T.);
#4841=ORIENTED_EDGE('',*,*,#3536,.T.);
#4842=ORIENTED_EDGE('',*,*,#3537,.T.);
#4843=ORIENTED_EDGE('',*,*,#3538,.T.);
#4844=ORIENTED_EDGE('',*,*,#3539,.T.);
#4845=ORIENTED_EDGE('',*,*,#3540,.T.);
#4846=ORIENTED_EDGE('',*,*,#3541,.T.);
#4847=ORIENTED_EDGE('',*,*,#3542,.T.);
#4848=ORIENTED_EDGE('',*,*,#3543,.T.);
#4849=ORIENTED_EDGE('',*,*,#3544,.T.);
#4850=ORIENTED_EDGE('',*,*,#3545,.T.);
#4851=ORIENTED_EDGE('',*,*,#3546,.T.);
#4852=ORIENTED_EDGE('',*,*,#3547,.T.);
#4853=ORIENTED_EDGE('',*,*,#3548,.T.);
#4854=ORIENTED_EDGE('',*,*,#3549,.T.);
#4855=ORIENTED_EDGE('',*,*,#3550,.T.);
#4856=ORIENTED_EDGE('',*,*,#3551,.T.);
#4857=ORIENTED_EDGE('',*,*,#3552,.T.);
#4858=ORIENTED_EDGE('',*,*,#3553,.T.);
#4859=ORIENTED_EDGE('',*,*,#3554,.T.);
#4860=ORIENTED_EDGE('',*,*,#3555,.T.);
#4861=ORIENTED_EDGE('',*,*,#3556,.T.);
#4862=ORIENTED_EDGE('',*,*,#3557,.F.);
#4863=ORIENTED_EDGE('',*,*,#3558,.T.);
#4864=ORIENTED_EDGE('',*,*,#3559,.T.);
#4865=ORIENTED_EDGE('',*,*,#3560,.T.);
#4866=ORIENTED_EDGE('',*,*,#3561,.T.);
#4867=ORIENTED_EDGE('',*,*,#3562,.T.);
#4868=ORIENTED_EDGE('',*,*,#3563,.T.);
#4869=ORIENTED_EDGE('',*,*,#3564,.T.);
#4870=ORIENTED_EDGE('',*,*,#3565,.F.);
#4871=ORIENTED_EDGE('',*,*,#3566,.T.);
#4872=ORIENTED_EDGE('',*,*,#3567,.T.);
#4873=ORIENTED_EDGE('',*,*,#3568,.T.);
#4874=ORIENTED_EDGE('',*,*,#3569,.T.);
#4875=ORIENTED_EDGE('',*,*,#3480,.T.);
#4876=ORIENTED_EDGE('',*,*,#3570,.T.);
#4877=ORIENTED_EDGE('',*,*,#3566,.F.);
#4878=ORIENTED_EDGE('',*,*,#3571,.T.);
#4879=ORIENTED_EDGE('',*,*,#3572,.T.);
#4880=ORIENTED_EDGE('',*,*,#3573,.T.);
#4881=ORIENTED_EDGE('',*,*,#3574,.F.);
#4882=ORIENTED_EDGE('',*,*,#3575,.F.);
#4883=ORIENTED_EDGE('',*,*,#3576,.F.);
#4884=ORIENTED_EDGE('',*,*,#3577,.T.);
#4885=ORIENTED_EDGE('',*,*,#3578,.T.);
#4886=ORIENTED_EDGE('',*,*,#3579,.T.);
#4887=ORIENTED_EDGE('',*,*,#3560,.F.);
#4888=ORIENTED_EDGE('',*,*,#3485,.T.);
#4889=ORIENTED_EDGE('',*,*,#3580,.T.);
#4890=ORIENTED_EDGE('',*,*,#3581,.T.);
#4891=ORIENTED_EDGE('',*,*,#3582,.F.);
#4892=ORIENTED_EDGE('',*,*,#3583,.T.);
#4893=ORIENTED_EDGE('',*,*,#3584,.T.);
#4894=ORIENTED_EDGE('',*,*,#3585,.F.);
#4895=ORIENTED_EDGE('',*,*,#3586,.F.);
#4896=ORIENTED_EDGE('',*,*,#3587,.T.);
#4897=ORIENTED_EDGE('',*,*,#3588,.T.);
#4898=ORIENTED_EDGE('',*,*,#3589,.F.);
#4899=ORIENTED_EDGE('',*,*,#3590,.F.);
#4900=ORIENTED_EDGE('',*,*,#3591,.F.);
#4901=ORIENTED_EDGE('',*,*,#3592,.F.);
#4902=ORIENTED_EDGE('',*,*,#3593,.T.);
#4903=ORIENTED_EDGE('',*,*,#3590,.T.);
#4904=ORIENTED_EDGE('',*,*,#3594,.T.);
#4905=ORIENTED_EDGE('',*,*,#3592,.T.);
#4906=ORIENTED_EDGE('',*,*,#3595,.F.);
#4907=ORIENTED_EDGE('',*,*,#3596,.F.);
#4908=ORIENTED_EDGE('',*,*,#3597,.T.);
#4909=ORIENTED_EDGE('',*,*,#3598,.T.);
#4910=ORIENTED_EDGE('',*,*,#3599,.F.);
#4911=ORIENTED_EDGE('',*,*,#3600,.F.);
#4912=ORIENTED_EDGE('',*,*,#3601,.F.);
#4913=ORIENTED_EDGE('',*,*,#3598,.F.);
#4914=ORIENTED_EDGE('',*,*,#3602,.T.);
#4915=ORIENTED_EDGE('',*,*,#3603,.T.);
#4916=ORIENTED_EDGE('',*,*,#3604,.T.);
#4917=ORIENTED_EDGE('',*,*,#3605,.T.);
#4918=ORIENTED_EDGE('',*,*,#3606,.F.);
#4919=ORIENTED_EDGE('',*,*,#3603,.F.);
#4920=ORIENTED_EDGE('',*,*,#3607,.T.);
#4921=ORIENTED_EDGE('',*,*,#3608,.T.);
#4922=ORIENTED_EDGE('',*,*,#3609,.F.);
#4923=ORIENTED_EDGE('',*,*,#3610,.F.);
#4924=ORIENTED_EDGE('',*,*,#3611,.F.);
#4925=ORIENTED_EDGE('',*,*,#3612,.F.);
#4926=ORIENTED_EDGE('',*,*,#3613,.T.);
#4927=ORIENTED_EDGE('',*,*,#3596,.T.);
#4928=ORIENTED_EDGE('',*,*,#3614,.F.);
#4929=ORIENTED_EDGE('',*,*,#3600,.T.);
#4930=ORIENTED_EDGE('',*,*,#3615,.T.);
#4931=ORIENTED_EDGE('',*,*,#3612,.T.);
#4932=ORIENTED_EDGE('',*,*,#3616,.F.);
#4933=ORIENTED_EDGE('',*,*,#3617,.T.);
#4934=ORIENTED_EDGE('',*,*,#3618,.T.);
#4935=ORIENTED_EDGE('',*,*,#3617,.F.);
#4936=ORIENTED_EDGE('',*,*,#3619,.F.);
#4937=ORIENTED_EDGE('',*,*,#3620,.T.);
#4938=ORIENTED_EDGE('',*,*,#3621,.T.);
#4939=ORIENTED_EDGE('',*,*,#3620,.F.);
#4940=ORIENTED_EDGE('',*,*,#3622,.F.);
#4941=ORIENTED_EDGE('',*,*,#3623,.T.);
#4942=ORIENTED_EDGE('',*,*,#3607,.F.);
#4943=ORIENTED_EDGE('',*,*,#3624,.T.);
#4944=ORIENTED_EDGE('',*,*,#3625,.F.);
#4945=ORIENTED_EDGE('',*,*,#3626,.T.);
#4946=ORIENTED_EDGE('',*,*,#3627,.T.);
#4947=ORIENTED_EDGE('',*,*,#3545,.F.);
#4948=ORIENTED_EDGE('',*,*,#3628,.T.);
#4949=ORIENTED_EDGE('',*,*,#3629,.F.);
#4950=ORIENTED_EDGE('',*,*,#3630,.F.);
#4951=ORIENTED_EDGE('',*,*,#3631,.T.);
#4952=ORIENTED_EDGE('',*,*,#3554,.F.);
#4953=ORIENTED_EDGE('',*,*,#3632,.F.);
#4954=ORIENTED_EDGE('',*,*,#3633,.F.);
#4955=ORIENTED_EDGE('',*,*,#3634,.F.);
#4956=ORIENTED_EDGE('',*,*,#3555,.F.);
#4957=ORIENTED_EDGE('',*,*,#3631,.F.);
#4958=ORIENTED_EDGE('',*,*,#3635,.F.);
#4959=ORIENTED_EDGE('',*,*,#3636,.T.);
#4960=ORIENTED_EDGE('',*,*,#3538,.F.);
#4961=ORIENTED_EDGE('',*,*,#3637,.F.);
#4962=ORIENTED_EDGE('',*,*,#3638,.F.);
#4963=ORIENTED_EDGE('',*,*,#3639,.T.);
#4964=ORIENTED_EDGE('',*,*,#3539,.F.);
#4965=ORIENTED_EDGE('',*,*,#3636,.F.);
#4966=ORIENTED_EDGE('',*,*,#3640,.F.);
#4967=ORIENTED_EDGE('',*,*,#3641,.F.);
#4968=ORIENTED_EDGE('',*,*,#3540,.F.);
#4969=ORIENTED_EDGE('',*,*,#3639,.F.);
#4970=ORIENTED_EDGE('',*,*,#3642,.F.);
#4971=ORIENTED_EDGE('',*,*,#3643,.T.);
#4972=ORIENTED_EDGE('',*,*,#3522,.F.);
#4973=ORIENTED_EDGE('',*,*,#3644,.F.);
#4974=ORIENTED_EDGE('',*,*,#3645,.F.);
#4975=ORIENTED_EDGE('',*,*,#3646,.T.);
#4976=ORIENTED_EDGE('',*,*,#3523,.F.);
#4977=ORIENTED_EDGE('',*,*,#3643,.F.);
#4978=ORIENTED_EDGE('',*,*,#3647,.F.);
#4979=ORIENTED_EDGE('',*,*,#3648,.F.);
#4980=ORIENTED_EDGE('',*,*,#3524,.F.);
#4981=ORIENTED_EDGE('',*,*,#3646,.F.);
#4982=ORIENTED_EDGE('',*,*,#3649,.F.);
#4983=ORIENTED_EDGE('',*,*,#3650,.T.);
#4984=ORIENTED_EDGE('',*,*,#3506,.F.);
#4985=ORIENTED_EDGE('',*,*,#3651,.F.);
#4986=ORIENTED_EDGE('',*,*,#3652,.F.);
#4987=ORIENTED_EDGE('',*,*,#3653,.T.);
#4988=ORIENTED_EDGE('',*,*,#3507,.F.);
#4989=ORIENTED_EDGE('',*,*,#3650,.F.);
#4990=ORIENTED_EDGE('',*,*,#3654,.F.);
#4991=ORIENTED_EDGE('',*,*,#3655,.F.);
#4992=ORIENTED_EDGE('',*,*,#3508,.F.);
#4993=ORIENTED_EDGE('',*,*,#3653,.F.);
#4994=ORIENTED_EDGE('',*,*,#3656,.F.);
#4995=ORIENTED_EDGE('',*,*,#3657,.T.);
#4996=ORIENTED_EDGE('',*,*,#3498,.F.);
#4997=ORIENTED_EDGE('',*,*,#3658,.F.);
#4998=ORIENTED_EDGE('',*,*,#3659,.F.);
#4999=ORIENTED_EDGE('',*,*,#3660,.T.);
#5000=ORIENTED_EDGE('',*,*,#3499,.F.);
#5001=ORIENTED_EDGE('',*,*,#3657,.F.);
#5002=ORIENTED_EDGE('',*,*,#3661,.F.);
#5003=ORIENTED_EDGE('',*,*,#3662,.F.);
#5004=ORIENTED_EDGE('',*,*,#3500,.F.);
#5005=ORIENTED_EDGE('',*,*,#3660,.F.);
#5006=ORIENTED_EDGE('',*,*,#3663,.F.);
#5007=ORIENTED_EDGE('',*,*,#3664,.T.);
#5008=ORIENTED_EDGE('',*,*,#3502,.F.);
#5009=ORIENTED_EDGE('',*,*,#3665,.F.);
#5010=ORIENTED_EDGE('',*,*,#3666,.F.);
#5011=ORIENTED_EDGE('',*,*,#3667,.T.);
#5012=ORIENTED_EDGE('',*,*,#3503,.F.);
#5013=ORIENTED_EDGE('',*,*,#3664,.F.);
#5014=ORIENTED_EDGE('',*,*,#3668,.F.);
#5015=ORIENTED_EDGE('',*,*,#3669,.F.);
#5016=ORIENTED_EDGE('',*,*,#3504,.F.);
#5017=ORIENTED_EDGE('',*,*,#3667,.F.);
#5018=ORIENTED_EDGE('',*,*,#3670,.F.);
#5019=ORIENTED_EDGE('',*,*,#3671,.T.);
#5020=ORIENTED_EDGE('',*,*,#3518,.F.);
#5021=ORIENTED_EDGE('',*,*,#3672,.F.);
#5022=ORIENTED_EDGE('',*,*,#3673,.F.);
#5023=ORIENTED_EDGE('',*,*,#3674,.T.);
#5024=ORIENTED_EDGE('',*,*,#3519,.F.);
#5025=ORIENTED_EDGE('',*,*,#3671,.F.);
#5026=ORIENTED_EDGE('',*,*,#3675,.F.);
#5027=ORIENTED_EDGE('',*,*,#3676,.F.);
#5028=ORIENTED_EDGE('',*,*,#3520,.F.);
#5029=ORIENTED_EDGE('',*,*,#3674,.F.);
#5030=ORIENTED_EDGE('',*,*,#3677,.F.);
#5031=ORIENTED_EDGE('',*,*,#3678,.T.);
#5032=ORIENTED_EDGE('',*,*,#3534,.F.);
#5033=ORIENTED_EDGE('',*,*,#3679,.F.);
#5034=ORIENTED_EDGE('',*,*,#3680,.F.);
#5035=ORIENTED_EDGE('',*,*,#3681,.T.);
#5036=ORIENTED_EDGE('',*,*,#3535,.F.);
#5037=ORIENTED_EDGE('',*,*,#3678,.F.);
#5038=ORIENTED_EDGE('',*,*,#3682,.F.);
#5039=ORIENTED_EDGE('',*,*,#3683,.F.);
#5040=ORIENTED_EDGE('',*,*,#3536,.F.);
#5041=ORIENTED_EDGE('',*,*,#3681,.F.);
#5042=ORIENTED_EDGE('',*,*,#3684,.F.);
#5043=ORIENTED_EDGE('',*,*,#3685,.T.);
#5044=ORIENTED_EDGE('',*,*,#3550,.F.);
#5045=ORIENTED_EDGE('',*,*,#3686,.F.);
#5046=ORIENTED_EDGE('',*,*,#3687,.F.);
#5047=ORIENTED_EDGE('',*,*,#3688,.T.);
#5048=ORIENTED_EDGE('',*,*,#3551,.F.);
#5049=ORIENTED_EDGE('',*,*,#3685,.F.);
#5050=ORIENTED_EDGE('',*,*,#3689,.F.);
#5051=ORIENTED_EDGE('',*,*,#3690,.F.);
#5052=ORIENTED_EDGE('',*,*,#3552,.F.);
#5053=ORIENTED_EDGE('',*,*,#3688,.F.);
#5054=ORIENTED_EDGE('',*,*,#3691,.F.);
#5055=ORIENTED_EDGE('',*,*,#3692,.T.);
#5056=ORIENTED_EDGE('',*,*,#3542,.F.);
#5057=ORIENTED_EDGE('',*,*,#3693,.F.);
#5058=ORIENTED_EDGE('',*,*,#3694,.F.);
#5059=ORIENTED_EDGE('',*,*,#3695,.T.);
#5060=ORIENTED_EDGE('',*,*,#3543,.F.);
#5061=ORIENTED_EDGE('',*,*,#3692,.F.);
#5062=ORIENTED_EDGE('',*,*,#3696,.F.);
#5063=ORIENTED_EDGE('',*,*,#3628,.F.);
#5064=ORIENTED_EDGE('',*,*,#3544,.F.);
#5065=ORIENTED_EDGE('',*,*,#3695,.F.);
#5066=ORIENTED_EDGE('',*,*,#3697,.F.);
#5067=ORIENTED_EDGE('',*,*,#3698,.T.);
#5068=ORIENTED_EDGE('',*,*,#3527,.F.);
#5069=ORIENTED_EDGE('',*,*,#3699,.F.);
#5070=ORIENTED_EDGE('',*,*,#3700,.F.);
#5071=ORIENTED_EDGE('',*,*,#3701,.F.);
#5072=ORIENTED_EDGE('',*,*,#3528,.F.);
#5073=ORIENTED_EDGE('',*,*,#3698,.F.);
#5074=ORIENTED_EDGE('',*,*,#3702,.F.);
#5075=ORIENTED_EDGE('',*,*,#3699,.T.);
#5076=ORIENTED_EDGE('',*,*,#3526,.F.);
#5077=ORIENTED_EDGE('',*,*,#3703,.F.);
#5078=ORIENTED_EDGE('',*,*,#3704,.F.);
#5079=ORIENTED_EDGE('',*,*,#3705,.T.);
#5080=ORIENTED_EDGE('',*,*,#3510,.F.);
#5081=ORIENTED_EDGE('',*,*,#3706,.F.);
#5082=ORIENTED_EDGE('',*,*,#3707,.F.);
#5083=ORIENTED_EDGE('',*,*,#3708,.T.);
#5084=ORIENTED_EDGE('',*,*,#3511,.F.);
#5085=ORIENTED_EDGE('',*,*,#3705,.F.);
#5086=ORIENTED_EDGE('',*,*,#3709,.F.);
#5087=ORIENTED_EDGE('',*,*,#3710,.F.);
#5088=ORIENTED_EDGE('',*,*,#3512,.F.);
#5089=ORIENTED_EDGE('',*,*,#3708,.F.);
#5090=ORIENTED_EDGE('',*,*,#3711,.F.);
#5091=ORIENTED_EDGE('',*,*,#3712,.T.);
#5092=ORIENTED_EDGE('',*,*,#3490,.F.);
#5093=ORIENTED_EDGE('',*,*,#3713,.F.);
#5094=ORIENTED_EDGE('',*,*,#3714,.F.);
#5095=ORIENTED_EDGE('',*,*,#3715,.T.);
#5096=ORIENTED_EDGE('',*,*,#3491,.F.);
#5097=ORIENTED_EDGE('',*,*,#3712,.F.);
#5098=ORIENTED_EDGE('',*,*,#3716,.F.);
#5099=ORIENTED_EDGE('',*,*,#3717,.F.);
#5100=ORIENTED_EDGE('',*,*,#3492,.F.);
#5101=ORIENTED_EDGE('',*,*,#3715,.F.);
#5102=ORIENTED_EDGE('',*,*,#3718,.F.);
#5103=ORIENTED_EDGE('',*,*,#3719,.T.);
#5104=ORIENTED_EDGE('',*,*,#3494,.F.);
#5105=ORIENTED_EDGE('',*,*,#3720,.F.);
#5106=ORIENTED_EDGE('',*,*,#3721,.F.);
#5107=ORIENTED_EDGE('',*,*,#3722,.T.);
#5108=ORIENTED_EDGE('',*,*,#3495,.F.);
#5109=ORIENTED_EDGE('',*,*,#3719,.F.);
#5110=ORIENTED_EDGE('',*,*,#3723,.F.);
#5111=ORIENTED_EDGE('',*,*,#3724,.F.);
#5112=ORIENTED_EDGE('',*,*,#3496,.F.);
#5113=ORIENTED_EDGE('',*,*,#3722,.F.);
#5114=ORIENTED_EDGE('',*,*,#3725,.F.);
#5115=ORIENTED_EDGE('',*,*,#3726,.T.);
#5116=ORIENTED_EDGE('',*,*,#3514,.F.);
#5117=ORIENTED_EDGE('',*,*,#3727,.F.);
#5118=ORIENTED_EDGE('',*,*,#3728,.F.);
#5119=ORIENTED_EDGE('',*,*,#3729,.T.);
#5120=ORIENTED_EDGE('',*,*,#3515,.F.);
#5121=ORIENTED_EDGE('',*,*,#3726,.F.);
#5122=ORIENTED_EDGE('',*,*,#3730,.F.);
#5123=ORIENTED_EDGE('',*,*,#3731,.F.);
#5124=ORIENTED_EDGE('',*,*,#3516,.F.);
#5125=ORIENTED_EDGE('',*,*,#3729,.F.);
#5126=ORIENTED_EDGE('',*,*,#3732,.F.);
#5127=ORIENTED_EDGE('',*,*,#3733,.T.);
#5128=ORIENTED_EDGE('',*,*,#3530,.F.);
#5129=ORIENTED_EDGE('',*,*,#3734,.F.);
#5130=ORIENTED_EDGE('',*,*,#3735,.F.);
#5131=ORIENTED_EDGE('',*,*,#3736,.T.);
#5132=ORIENTED_EDGE('',*,*,#3531,.F.);
#5133=ORIENTED_EDGE('',*,*,#3733,.F.);
#5134=ORIENTED_EDGE('',*,*,#3737,.F.);
#5135=ORIENTED_EDGE('',*,*,#3738,.F.);
#5136=ORIENTED_EDGE('',*,*,#3532,.F.);
#5137=ORIENTED_EDGE('',*,*,#3736,.F.);
#5138=ORIENTED_EDGE('',*,*,#3739,.F.);
#5139=ORIENTED_EDGE('',*,*,#3740,.T.);
#5140=ORIENTED_EDGE('',*,*,#3546,.F.);
#5141=ORIENTED_EDGE('',*,*,#3627,.F.);
#5142=ORIENTED_EDGE('',*,*,#3741,.F.);
#5143=ORIENTED_EDGE('',*,*,#3742,.T.);
#5144=ORIENTED_EDGE('',*,*,#3547,.F.);
#5145=ORIENTED_EDGE('',*,*,#3740,.F.);
#5146=ORIENTED_EDGE('',*,*,#3743,.F.);
#5147=ORIENTED_EDGE('',*,*,#3744,.F.);
#5148=ORIENTED_EDGE('',*,*,#3548,.F.);
#5149=ORIENTED_EDGE('',*,*,#3742,.F.);
#5150=ORIENTED_EDGE('',*,*,#3734,.T.);
#5151=ORIENTED_EDGE('',*,*,#3529,.F.);
#5152=ORIENTED_EDGE('',*,*,#3701,.T.);
#5153=ORIENTED_EDGE('',*,*,#3745,.F.);
#5154=ORIENTED_EDGE('',*,*,#3727,.T.);
#5155=ORIENTED_EDGE('',*,*,#3513,.F.);
#5156=ORIENTED_EDGE('',*,*,#3710,.T.);
#5157=ORIENTED_EDGE('',*,*,#3746,.F.);
#5158=ORIENTED_EDGE('',*,*,#3658,.T.);
#5159=ORIENTED_EDGE('',*,*,#3497,.F.);
#5160=ORIENTED_EDGE('',*,*,#3724,.T.);
#5161=ORIENTED_EDGE('',*,*,#3747,.F.);
#5162=ORIENTED_EDGE('',*,*,#3720,.T.);
#5163=ORIENTED_EDGE('',*,*,#3493,.F.);
#5164=ORIENTED_EDGE('',*,*,#3717,.T.);
#5165=ORIENTED_EDGE('',*,*,#3748,.F.);
#5166=ORIENTED_EDGE('',*,*,#3706,.T.);
#5167=ORIENTED_EDGE('',*,*,#3509,.F.);
#5168=ORIENTED_EDGE('',*,*,#3655,.T.);
#5169=ORIENTED_EDGE('',*,*,#3749,.F.);
#5170=ORIENTED_EDGE('',*,*,#3703,.T.);
#5171=ORIENTED_EDGE('',*,*,#3525,.F.);
#5172=ORIENTED_EDGE('',*,*,#3648,.T.);
#5173=ORIENTED_EDGE('',*,*,#3750,.F.);
#5174=ORIENTED_EDGE('',*,*,#3693,.T.);
#5175=ORIENTED_EDGE('',*,*,#3541,.F.);
#5176=ORIENTED_EDGE('',*,*,#3641,.T.);
#5177=ORIENTED_EDGE('',*,*,#3751,.F.);
#5178=ORIENTED_EDGE('',*,*,#3744,.T.);
#5179=ORIENTED_EDGE('',*,*,#3752,.F.);
#5180=ORIENTED_EDGE('',*,*,#3686,.T.);
#5181=ORIENTED_EDGE('',*,*,#3549,.F.);
#5182=ORIENTED_EDGE('',*,*,#3738,.T.);
#5183=ORIENTED_EDGE('',*,*,#3753,.F.);
#5184=ORIENTED_EDGE('',*,*,#3679,.T.);
#5185=ORIENTED_EDGE('',*,*,#3533,.F.);
#5186=ORIENTED_EDGE('',*,*,#3731,.T.);
#5187=ORIENTED_EDGE('',*,*,#3754,.F.);
#5188=ORIENTED_EDGE('',*,*,#3672,.T.);
#5189=ORIENTED_EDGE('',*,*,#3517,.F.);
#5190=ORIENTED_EDGE('',*,*,#3662,.T.);
#5191=ORIENTED_EDGE('',*,*,#3755,.F.);
#5192=ORIENTED_EDGE('',*,*,#3665,.T.);
#5193=ORIENTED_EDGE('',*,*,#3501,.F.);
#5194=ORIENTED_EDGE('',*,*,#3713,.T.);
#5195=ORIENTED_EDGE('',*,*,#3489,.F.);
#5196=ORIENTED_EDGE('',*,*,#3756,.F.);
#5197=ORIENTED_EDGE('',*,*,#3757,.F.);
#5198=ORIENTED_EDGE('',*,*,#3669,.T.);
#5199=ORIENTED_EDGE('',*,*,#3758,.F.);
#5200=ORIENTED_EDGE('',*,*,#3651,.T.);
#5201=ORIENTED_EDGE('',*,*,#3505,.F.);
#5202=ORIENTED_EDGE('',*,*,#3676,.T.);
#5203=ORIENTED_EDGE('',*,*,#3759,.F.);
#5204=ORIENTED_EDGE('',*,*,#3644,.T.);
#5205=ORIENTED_EDGE('',*,*,#3521,.F.);
#5206=ORIENTED_EDGE('',*,*,#3683,.T.);
#5207=ORIENTED_EDGE('',*,*,#3760,.F.);
#5208=ORIENTED_EDGE('',*,*,#3637,.T.);
#5209=ORIENTED_EDGE('',*,*,#3537,.F.);
#5210=ORIENTED_EDGE('',*,*,#3690,.T.);
#5211=ORIENTED_EDGE('',*,*,#3761,.F.);
#5212=ORIENTED_EDGE('',*,*,#3632,.T.);
#5213=ORIENTED_EDGE('',*,*,#3553,.F.);
#5214=ORIENTED_EDGE('',*,*,#3762,.F.);
#5215=ORIENTED_EDGE('',*,*,#3763,.T.);
#5216=ORIENTED_EDGE('',*,*,#3623,.F.);
#5217=ORIENTED_EDGE('',*,*,#3764,.F.);
#5218=ORIENTED_EDGE('',*,*,#3765,.F.);
#5219=ORIENTED_EDGE('',*,*,#3766,.T.);
#5220=ORIENTED_EDGE('',*,*,#3609,.T.);
#5221=ORIENTED_EDGE('',*,*,#3767,.T.);
#5222=ORIENTED_EDGE('',*,*,#3768,.T.);
#5223=ORIENTED_EDGE('',*,*,#3762,.T.);
#5224=ORIENTED_EDGE('',*,*,#3769,.T.);
#5225=ORIENTED_EDGE('',*,*,#3770,.T.);
#5226=ORIENTED_EDGE('',*,*,#3771,.F.);
#5227=ORIENTED_EDGE('',*,*,#3772,.F.);
#5228=ORIENTED_EDGE('',*,*,#3770,.F.);
#5229=ORIENTED_EDGE('',*,*,#3773,.F.);
#5230=ORIENTED_EDGE('',*,*,#3774,.T.);
#5231=ORIENTED_EDGE('',*,*,#3765,.T.);
#5232=ORIENTED_EDGE('',*,*,#3775,.T.);
#5233=ORIENTED_EDGE('',*,*,#3771,.T.);
#5234=ORIENTED_EDGE('',*,*,#3776,.F.);
#5235=ORIENTED_EDGE('',*,*,#3777,.T.);
#5236=ORIENTED_EDGE('',*,*,#3580,.F.);
#5237=ORIENTED_EDGE('',*,*,#3484,.T.);
#5238=ORIENTED_EDGE('',*,*,#3778,.F.);
#5239=ORIENTED_EDGE('',*,*,#3779,.T.);
#5240=ORIENTED_EDGE('',*,*,#3567,.F.);
#5241=ORIENTED_EDGE('',*,*,#3570,.F.);
#5242=ORIENTED_EDGE('',*,*,#3779,.F.);
#5243=ORIENTED_EDGE('',*,*,#3780,.F.);
#5244=ORIENTED_EDGE('',*,*,#3582,.T.);
#5245=ORIENTED_EDGE('',*,*,#3781,.T.);
#5246=ORIENTED_EDGE('',*,*,#3568,.F.);
#5247=ORIENTED_EDGE('',*,*,#3782,.F.);
#5248=ORIENTED_EDGE('',*,*,#3558,.F.);
#5249=ORIENTED_EDGE('',*,*,#3783,.F.);
#5250=ORIENTED_EDGE('',*,*,#3584,.F.);
#5251=ORIENTED_EDGE('',*,*,#3784,.F.);
#5252=ORIENTED_EDGE('',*,*,#3785,.F.);
#5253=ORIENTED_EDGE('',*,*,#3575,.T.);
#5254=ORIENTED_EDGE('',*,*,#3559,.F.);
#5255=ORIENTED_EDGE('',*,*,#3782,.T.);
#5256=ORIENTED_EDGE('',*,*,#3786,.F.);
#5257=ORIENTED_EDGE('',*,*,#3787,.F.);
#5258=ORIENTED_EDGE('',*,*,#3586,.T.);
#5259=ORIENTED_EDGE('',*,*,#3788,.T.);
#5260=ORIENTED_EDGE('',*,*,#3785,.T.);
#5261=ORIENTED_EDGE('',*,*,#3784,.T.);
#5262=ORIENTED_EDGE('',*,*,#3789,.T.);
#5263=ORIENTED_EDGE('',*,*,#3790,.F.);
#5264=ORIENTED_EDGE('',*,*,#3791,.F.);
#5265=ORIENTED_EDGE('',*,*,#3576,.T.);
#5266=ORIENTED_EDGE('',*,*,#3792,.F.);
#5267=ORIENTED_EDGE('',*,*,#3633,.T.);
#5268=ORIENTED_EDGE('',*,*,#3630,.T.);
#5269=ORIENTED_EDGE('',*,*,#3761,.T.);
#5270=ORIENTED_EDGE('',*,*,#3689,.T.);
#5271=ORIENTED_EDGE('',*,*,#3687,.T.);
#5272=ORIENTED_EDGE('',*,*,#3684,.T.);
#5273=ORIENTED_EDGE('',*,*,#3752,.T.);
#5274=ORIENTED_EDGE('',*,*,#3743,.T.);
#5275=ORIENTED_EDGE('',*,*,#3741,.T.);
#5276=ORIENTED_EDGE('',*,*,#3739,.T.);
#5277=ORIENTED_EDGE('',*,*,#3629,.T.);
#5278=ORIENTED_EDGE('',*,*,#3696,.T.);
#5279=ORIENTED_EDGE('',*,*,#3694,.T.);
#5280=ORIENTED_EDGE('',*,*,#3691,.T.);
#5281=ORIENTED_EDGE('',*,*,#3751,.T.);
#5282=ORIENTED_EDGE('',*,*,#3640,.T.);
#5283=ORIENTED_EDGE('',*,*,#3638,.T.);
#5284=ORIENTED_EDGE('',*,*,#3635,.T.);
#5285=ORIENTED_EDGE('',*,*,#3760,.T.);
#5286=ORIENTED_EDGE('',*,*,#3682,.T.);
#5287=ORIENTED_EDGE('',*,*,#3680,.T.);
#5288=ORIENTED_EDGE('',*,*,#3677,.T.);
#5289=ORIENTED_EDGE('',*,*,#3753,.T.);
#5290=ORIENTED_EDGE('',*,*,#3737,.T.);
#5291=ORIENTED_EDGE('',*,*,#3735,.T.);
#5292=ORIENTED_EDGE('',*,*,#3732,.T.);
#5293=ORIENTED_EDGE('',*,*,#3745,.T.);
#5294=ORIENTED_EDGE('',*,*,#3700,.T.);
#5295=ORIENTED_EDGE('',*,*,#3697,.T.);
#5296=ORIENTED_EDGE('',*,*,#3702,.T.);
#5297=ORIENTED_EDGE('',*,*,#3750,.T.);
#5298=ORIENTED_EDGE('',*,*,#3647,.T.);
#5299=ORIENTED_EDGE('',*,*,#3645,.T.);
#5300=ORIENTED_EDGE('',*,*,#3642,.T.);
#5301=ORIENTED_EDGE('',*,*,#3759,.T.);
#5302=ORIENTED_EDGE('',*,*,#3675,.T.);
#5303=ORIENTED_EDGE('',*,*,#3673,.T.);
#5304=ORIENTED_EDGE('',*,*,#3670,.T.);
#5305=ORIENTED_EDGE('',*,*,#3754,.T.);
#5306=ORIENTED_EDGE('',*,*,#3730,.T.);
#5307=ORIENTED_EDGE('',*,*,#3728,.T.);
#5308=ORIENTED_EDGE('',*,*,#3725,.T.);
#5309=ORIENTED_EDGE('',*,*,#3746,.T.);
#5310=ORIENTED_EDGE('',*,*,#3709,.T.);
#5311=ORIENTED_EDGE('',*,*,#3707,.T.);
#5312=ORIENTED_EDGE('',*,*,#3704,.T.);
#5313=ORIENTED_EDGE('',*,*,#3749,.T.);
#5314=ORIENTED_EDGE('',*,*,#3654,.T.);
#5315=ORIENTED_EDGE('',*,*,#3652,.T.);
#5316=ORIENTED_EDGE('',*,*,#3649,.T.);
#5317=ORIENTED_EDGE('',*,*,#3758,.T.);
#5318=ORIENTED_EDGE('',*,*,#3668,.T.);
#5319=ORIENTED_EDGE('',*,*,#3666,.T.);
#5320=ORIENTED_EDGE('',*,*,#3663,.T.);
#5321=ORIENTED_EDGE('',*,*,#3755,.T.);
#5322=ORIENTED_EDGE('',*,*,#3661,.T.);
#5323=ORIENTED_EDGE('',*,*,#3659,.T.);
#5324=ORIENTED_EDGE('',*,*,#3656,.T.);
#5325=ORIENTED_EDGE('',*,*,#3747,.T.);
#5326=ORIENTED_EDGE('',*,*,#3723,.T.);
#5327=ORIENTED_EDGE('',*,*,#3721,.T.);
#5328=ORIENTED_EDGE('',*,*,#3718,.T.);
#5329=ORIENTED_EDGE('',*,*,#3748,.T.);
#5330=ORIENTED_EDGE('',*,*,#3716,.T.);
#5331=ORIENTED_EDGE('',*,*,#3714,.T.);
#5332=ORIENTED_EDGE('',*,*,#3711,.T.);
#5333=ORIENTED_EDGE('',*,*,#3757,.T.);
#5334=ORIENTED_EDGE('',*,*,#3793,.F.);
#5335=ORIENTED_EDGE('',*,*,#3794,.F.);
#5336=ORIENTED_EDGE('',*,*,#3789,.F.);
#5337=ORIENTED_EDGE('',*,*,#3583,.F.);
#5338=ORIENTED_EDGE('',*,*,#3787,.T.);
#5339=ORIENTED_EDGE('',*,*,#3795,.F.);
#5340=ORIENTED_EDGE('',*,*,#3795,.T.);
#5341=ORIENTED_EDGE('',*,*,#3796,.T.);
#5342=ORIENTED_EDGE('',*,*,#3797,.F.);
#5343=ORIENTED_EDGE('',*,*,#3796,.F.);
#5344=ORIENTED_EDGE('',*,*,#3797,.T.);
#5345=ORIENTED_EDGE('',*,*,#3798,.T.);
#5346=ORIENTED_EDGE('',*,*,#3799,.F.);
#5347=ORIENTED_EDGE('',*,*,#3798,.F.);
#5348=ORIENTED_EDGE('',*,*,#3799,.T.);
#5349=ORIENTED_EDGE('',*,*,#3800,.T.);
#5350=ORIENTED_EDGE('',*,*,#3801,.F.);
#5351=ORIENTED_EDGE('',*,*,#3800,.F.);
#5352=ORIENTED_EDGE('',*,*,#3791,.T.);
#5353=ORIENTED_EDGE('',*,*,#3802,.T.);
#5354=ORIENTED_EDGE('',*,*,#3803,.T.);
#5355=ORIENTED_EDGE('',*,*,#3577,.F.);
#5356=ORIENTED_EDGE('',*,*,#3801,.T.);
#5357=ORIENTED_EDGE('',*,*,#3802,.F.);
#5358=ORIENTED_EDGE('',*,*,#3790,.T.);
#5359=ORIENTED_EDGE('',*,*,#3794,.T.);
#5360=ORIENTED_EDGE('',*,*,#3804,.F.);
#5361=ORIENTED_EDGE('',*,*,#3780,.T.);
#5362=ORIENTED_EDGE('',*,*,#3778,.T.);
#5363=ORIENTED_EDGE('',*,*,#3574,.T.);
#5364=ORIENTED_EDGE('',*,*,#3805,.T.);
#5365=ORIENTED_EDGE('',*,*,#3806,.T.);
#5366=ORIENTED_EDGE('',*,*,#3486,.T.);
#5367=ORIENTED_EDGE('',*,*,#3807,.T.);
#5368=ORIENTED_EDGE('',*,*,#3808,.T.);
#5369=ORIENTED_EDGE('',*,*,#3487,.F.);
#5370=ORIENTED_EDGE('',*,*,#3806,.F.);
#5371=ORIENTED_EDGE('',*,*,#3805,.F.);
#5372=ORIENTED_EDGE('',*,*,#3573,.F.);
#5373=ORIENTED_EDGE('',*,*,#3809,.F.);
#5374=ORIENTED_EDGE('',*,*,#3807,.F.);
#5375=ORIENTED_EDGE('',*,*,#3810,.F.);
#5376=ORIENTED_EDGE('',*,*,#3811,.F.);
#5377=ORIENTED_EDGE('',*,*,#3812,.T.);
#5378=ORIENTED_EDGE('',*,*,#3810,.T.);
#5379=ORIENTED_EDGE('',*,*,#3812,.F.);
#5380=ORIENTED_EDGE('',*,*,#3813,.F.);
#5381=ORIENTED_EDGE('',*,*,#3814,.T.);
#5382=ORIENTED_EDGE('',*,*,#3811,.T.);
#5383=ORIENTED_EDGE('',*,*,#3814,.F.);
#5384=ORIENTED_EDGE('',*,*,#3556,.F.);
#5385=ORIENTED_EDGE('',*,*,#3815,.T.);
#5386=ORIENTED_EDGE('',*,*,#3813,.T.);
#5387=ORIENTED_EDGE('',*,*,#3815,.F.);
#5388=ORIENTED_EDGE('',*,*,#3488,.F.);
#5389=ORIENTED_EDGE('',*,*,#3808,.F.);
#5390=ORIENTED_EDGE('',*,*,#3809,.T.);
#5391=ORIENTED_EDGE('',*,*,#3572,.F.);
#5392=ORIENTED_EDGE('',*,*,#3816,.T.);
#5393=ORIENTED_EDGE('',*,*,#3625,.T.);
#5394=ORIENTED_EDGE('',*,*,#3817,.T.);
#5395=ORIENTED_EDGE('',*,*,#3578,.F.);
#5396=ORIENTED_EDGE('',*,*,#3803,.F.);
#5397=ORIENTED_EDGE('',*,*,#3804,.T.);
#5398=ORIENTED_EDGE('',*,*,#3793,.T.);
#5399=ORIENTED_EDGE('',*,*,#3756,.T.);
#5400=ORIENTED_EDGE('',*,*,#3818,.F.);
#5401=ORIENTED_EDGE('',*,*,#3561,.F.);
#5402=ORIENTED_EDGE('',*,*,#3579,.F.);
#5403=ORIENTED_EDGE('',*,*,#3817,.F.);
#5404=ORIENTED_EDGE('',*,*,#3624,.F.);
#5405=ORIENTED_EDGE('',*,*,#3610,.T.);
#5406=ORIENTED_EDGE('',*,*,#3766,.F.);
#5407=ORIENTED_EDGE('',*,*,#3774,.F.);
#5408=ORIENTED_EDGE('',*,*,#3773,.T.);
#5409=ORIENTED_EDGE('',*,*,#3769,.F.);
#5410=ORIENTED_EDGE('',*,*,#3764,.T.);
#5411=ORIENTED_EDGE('',*,*,#3622,.T.);
#5412=ORIENTED_EDGE('',*,*,#3619,.T.);
#5413=ORIENTED_EDGE('',*,*,#3616,.T.);
#5414=ORIENTED_EDGE('',*,*,#3611,.T.);
#5415=ORIENTED_EDGE('',*,*,#3819,.F.);
#5416=ORIENTED_EDGE('',*,*,#3820,.T.);
#5417=ORIENTED_EDGE('',*,*,#3821,.F.);
#5418=ORIENTED_EDGE('',*,*,#3822,.T.);
#5419=ORIENTED_EDGE('',*,*,#3823,.T.);
#5420=ORIENTED_EDGE('',*,*,#3824,.T.);
#5421=ORIENTED_EDGE('',*,*,#3825,.F.);
#5422=ORIENTED_EDGE('',*,*,#3826,.T.);
#5423=ORIENTED_EDGE('',*,*,#3827,.T.);
#5424=ORIENTED_EDGE('',*,*,#3828,.T.);
#5425=ORIENTED_EDGE('',*,*,#3829,.T.);
#5426=ORIENTED_EDGE('',*,*,#3830,.F.);
#5427=ORIENTED_EDGE('',*,*,#3831,.T.);
#5428=ORIENTED_EDGE('',*,*,#3832,.T.);
#5429=ORIENTED_EDGE('',*,*,#3833,.F.);
#5430=ORIENTED_EDGE('',*,*,#3834,.T.);
#5431=ORIENTED_EDGE('',*,*,#3835,.F.);
#5432=ORIENTED_EDGE('',*,*,#3836,.T.);
#5433=ORIENTED_EDGE('',*,*,#3837,.F.);
#5434=ORIENTED_EDGE('',*,*,#3838,.T.);
#5435=ORIENTED_EDGE('',*,*,#3839,.F.);
#5436=ORIENTED_EDGE('',*,*,#3840,.T.);
#5437=ORIENTED_EDGE('',*,*,#3841,.F.);
#5438=ORIENTED_EDGE('',*,*,#3842,.F.);
#5439=ORIENTED_EDGE('',*,*,#3843,.F.);
#5440=ORIENTED_EDGE('',*,*,#3844,.T.);
#5441=ORIENTED_EDGE('',*,*,#3845,.T.);
#5442=ORIENTED_EDGE('',*,*,#3846,.T.);
#5443=ORIENTED_EDGE('',*,*,#3847,.T.);
#5444=ORIENTED_EDGE('',*,*,#3818,.T.);
#5445=ORIENTED_EDGE('',*,*,#3599,.T.);
#5446=ORIENTED_EDGE('',*,*,#3601,.T.);
#5447=ORIENTED_EDGE('',*,*,#3606,.T.);
#5448=ORIENTED_EDGE('',*,*,#3848,.F.);
#5449=ORIENTED_EDGE('',*,*,#3849,.T.);
#5450=ORIENTED_EDGE('',*,*,#3850,.F.);
#5451=ORIENTED_EDGE('',*,*,#3851,.F.);
#5452=ORIENTED_EDGE('',*,*,#3852,.F.);
#5453=ORIENTED_EDGE('',*,*,#3853,.F.);
#5454=ORIENTED_EDGE('',*,*,#3854,.F.);
#5455=ORIENTED_EDGE('',*,*,#3855,.F.);
#5456=ORIENTED_EDGE('',*,*,#3856,.F.);
#5457=ORIENTED_EDGE('',*,*,#3857,.F.);
#5458=ORIENTED_EDGE('',*,*,#3858,.F.);
#5459=ORIENTED_EDGE('',*,*,#3859,.F.);
#5460=ORIENTED_EDGE('',*,*,#3860,.F.);
#5461=ORIENTED_EDGE('',*,*,#3861,.T.);
#5462=ORIENTED_EDGE('',*,*,#3819,.T.);
#5463=ORIENTED_EDGE('',*,*,#3605,.F.);
#5464=ORIENTED_EDGE('',*,*,#3862,.T.);
#5465=ORIENTED_EDGE('',*,*,#3863,.T.);
#5466=ORIENTED_EDGE('',*,*,#3864,.F.);
#5467=ORIENTED_EDGE('',*,*,#3865,.F.);
#5468=ORIENTED_EDGE('',*,*,#3866,.F.);
#5469=ORIENTED_EDGE('',*,*,#3867,.T.);
#5470=ORIENTED_EDGE('',*,*,#3868,.T.);
#5471=ORIENTED_EDGE('',*,*,#3869,.T.);
#5472=ORIENTED_EDGE('',*,*,#3870,.F.);
#5473=ORIENTED_EDGE('',*,*,#3871,.T.);
#5474=ORIENTED_EDGE('',*,*,#3872,.F.);
#5475=ORIENTED_EDGE('',*,*,#3873,.T.);
#5476=ORIENTED_EDGE('',*,*,#3874,.F.);
#5477=ORIENTED_EDGE('',*,*,#3875,.T.);
#5478=ORIENTED_EDGE('',*,*,#3876,.F.);
#5479=ORIENTED_EDGE('',*,*,#3877,.T.);
#5480=ORIENTED_EDGE('',*,*,#3878,.F.);
#5481=ORIENTED_EDGE('',*,*,#3879,.F.);
#5482=ORIENTED_EDGE('',*,*,#3880,.T.);
#5483=ORIENTED_EDGE('',*,*,#3881,.F.);
#5484=ORIENTED_EDGE('',*,*,#3882,.F.);
#5485=ORIENTED_EDGE('',*,*,#3883,.F.);
#5486=ORIENTED_EDGE('',*,*,#3884,.F.);
#5487=ORIENTED_EDGE('',*,*,#3885,.T.);
#5488=ORIENTED_EDGE('',*,*,#3886,.F.);
#5489=ORIENTED_EDGE('',*,*,#3887,.F.);
#5490=ORIENTED_EDGE('',*,*,#3888,.F.);
#5491=ORIENTED_EDGE('',*,*,#3889,.T.);
#5492=ORIENTED_EDGE('',*,*,#3890,.F.);
#5493=ORIENTED_EDGE('',*,*,#3860,.T.);
#5494=ORIENTED_EDGE('',*,*,#3604,.F.);
#5495=ORIENTED_EDGE('',*,*,#3602,.F.);
#5496=ORIENTED_EDGE('',*,*,#3597,.F.);
#5497=ORIENTED_EDGE('',*,*,#3891,.T.);
#5498=ORIENTED_EDGE('',*,*,#3892,.T.);
#5499=ORIENTED_EDGE('',*,*,#3893,.T.);
#5500=ORIENTED_EDGE('',*,*,#3894,.T.);
#5501=ORIENTED_EDGE('',*,*,#3895,.T.);
#5502=ORIENTED_EDGE('',*,*,#3896,.T.);
#5503=ORIENTED_EDGE('',*,*,#3897,.T.);
#5504=ORIENTED_EDGE('',*,*,#3898,.T.);
#5505=ORIENTED_EDGE('',*,*,#3899,.T.);
#5506=ORIENTED_EDGE('',*,*,#3900,.T.);
#5507=ORIENTED_EDGE('',*,*,#3901,.T.);
#5508=ORIENTED_EDGE('',*,*,#3902,.F.);
#5509=ORIENTED_EDGE('',*,*,#3903,.F.);
#5510=ORIENTED_EDGE('',*,*,#3563,.F.);
#5511=ORIENTED_EDGE('',*,*,#3862,.F.);
#5512=ORIENTED_EDGE('',*,*,#3614,.T.);
#5513=ORIENTED_EDGE('',*,*,#3904,.F.);
#5514=ORIENTED_EDGE('',*,*,#3905,.F.);
#5515=ORIENTED_EDGE('',*,*,#3565,.T.);
#5516=ORIENTED_EDGE('',*,*,#3906,.F.);
#5517=ORIENTED_EDGE('',*,*,#3613,.F.);
#5518=ORIENTED_EDGE('',*,*,#3615,.F.);
#5519=ORIENTED_EDGE('',*,*,#3618,.F.);
#5520=ORIENTED_EDGE('',*,*,#3621,.F.);
#5521=ORIENTED_EDGE('',*,*,#3763,.F.);
#5522=ORIENTED_EDGE('',*,*,#3768,.F.);
#5523=ORIENTED_EDGE('',*,*,#3772,.T.);
#5524=ORIENTED_EDGE('',*,*,#3775,.F.);
#5525=ORIENTED_EDGE('',*,*,#3767,.F.);
#5526=ORIENTED_EDGE('',*,*,#3608,.F.);
#5527=ORIENTED_EDGE('',*,*,#3626,.F.);
#5528=ORIENTED_EDGE('',*,*,#3816,.F.);
#5529=ORIENTED_EDGE('',*,*,#3571,.F.);
#5530=ORIENTED_EDGE('',*,*,#3854,.T.);
#5531=ORIENTED_EDGE('',*,*,#3907,.T.);
#5532=ORIENTED_EDGE('',*,*,#3897,.F.);
#5533=ORIENTED_EDGE('',*,*,#3908,.F.);
#5534=ORIENTED_EDGE('',*,*,#3855,.T.);
#5535=ORIENTED_EDGE('',*,*,#3908,.T.);
#5536=ORIENTED_EDGE('',*,*,#3896,.F.);
#5537=ORIENTED_EDGE('',*,*,#3909,.F.);
#5538=ORIENTED_EDGE('',*,*,#3853,.T.);
#5539=ORIENTED_EDGE('',*,*,#3910,.T.);
#5540=ORIENTED_EDGE('',*,*,#3898,.F.);
#5541=ORIENTED_EDGE('',*,*,#3907,.F.);
#5542=ORIENTED_EDGE('',*,*,#3856,.T.);
#5543=ORIENTED_EDGE('',*,*,#3909,.T.);
#5544=ORIENTED_EDGE('',*,*,#3895,.F.);
#5545=ORIENTED_EDGE('',*,*,#3911,.F.);
#5546=ORIENTED_EDGE('',*,*,#3852,.T.);
#5547=ORIENTED_EDGE('',*,*,#3912,.T.);
#5548=ORIENTED_EDGE('',*,*,#3899,.F.);
#5549=ORIENTED_EDGE('',*,*,#3910,.F.);
#5550=ORIENTED_EDGE('',*,*,#3857,.T.);
#5551=ORIENTED_EDGE('',*,*,#3911,.T.);
#5552=ORIENTED_EDGE('',*,*,#3894,.F.);
#5553=ORIENTED_EDGE('',*,*,#3913,.F.);
#5554=ORIENTED_EDGE('',*,*,#3851,.T.);
#5555=ORIENTED_EDGE('',*,*,#3914,.T.);
#5556=ORIENTED_EDGE('',*,*,#3900,.F.);
#5557=ORIENTED_EDGE('',*,*,#3912,.F.);
#5558=ORIENTED_EDGE('',*,*,#3858,.T.);
#5559=ORIENTED_EDGE('',*,*,#3913,.T.);
#5560=ORIENTED_EDGE('',*,*,#3893,.F.);
#5561=ORIENTED_EDGE('',*,*,#3915,.F.);
#5562=ORIENTED_EDGE('',*,*,#3850,.T.);
#5563=ORIENTED_EDGE('',*,*,#3916,.T.);
#5564=ORIENTED_EDGE('',*,*,#3901,.F.);
#5565=ORIENTED_EDGE('',*,*,#3914,.F.);
#5566=ORIENTED_EDGE('',*,*,#3859,.T.);
#5567=ORIENTED_EDGE('',*,*,#3915,.T.);
#5568=ORIENTED_EDGE('',*,*,#3892,.F.);
#5569=ORIENTED_EDGE('',*,*,#3917,.F.);
#5570=ORIENTED_EDGE('',*,*,#3849,.F.);
#5571=ORIENTED_EDGE('',*,*,#3918,.T.);
#5572=ORIENTED_EDGE('',*,*,#3902,.T.);
#5573=ORIENTED_EDGE('',*,*,#3916,.F.);
#5574=ORIENTED_EDGE('',*,*,#3848,.T.);
#5575=ORIENTED_EDGE('',*,*,#3917,.T.);
#5576=ORIENTED_EDGE('',*,*,#3891,.F.);
#5577=ORIENTED_EDGE('',*,*,#3918,.F.);
#5578=ORIENTED_EDGE('',*,*,#3866,.T.);
#5579=ORIENTED_EDGE('',*,*,#3919,.T.);
#5580=ORIENTED_EDGE('',*,*,#3844,.F.);
#5581=ORIENTED_EDGE('',*,*,#3920,.F.);
#5582=ORIENTED_EDGE('',*,*,#3865,.T.);
#5583=ORIENTED_EDGE('',*,*,#3921,.T.);
#5584=ORIENTED_EDGE('',*,*,#3845,.F.);
#5585=ORIENTED_EDGE('',*,*,#3919,.F.);
#5586=ORIENTED_EDGE('',*,*,#3864,.T.);
#5587=ORIENTED_EDGE('',*,*,#3922,.T.);
#5588=ORIENTED_EDGE('',*,*,#3846,.F.);
#5589=ORIENTED_EDGE('',*,*,#3921,.F.);
#5590=ORIENTED_EDGE('',*,*,#3562,.F.);
#5591=ORIENTED_EDGE('',*,*,#3847,.F.);
#5592=ORIENTED_EDGE('',*,*,#3922,.F.);
#5593=ORIENTED_EDGE('',*,*,#3863,.F.);
#5594=ORIENTED_EDGE('',*,*,#3861,.F.);
#5595=ORIENTED_EDGE('',*,*,#3890,.T.);
#5596=ORIENTED_EDGE('',*,*,#3923,.T.);
#5597=ORIENTED_EDGE('',*,*,#3820,.F.);
#5598=ORIENTED_EDGE('',*,*,#3924,.T.);
#5599=ORIENTED_EDGE('',*,*,#3821,.T.);
#5600=ORIENTED_EDGE('',*,*,#3923,.F.);
#5601=ORIENTED_EDGE('',*,*,#3889,.F.);
#5602=ORIENTED_EDGE('',*,*,#3924,.F.);
#5603=ORIENTED_EDGE('',*,*,#3888,.T.);
#5604=ORIENTED_EDGE('',*,*,#3925,.T.);
#5605=ORIENTED_EDGE('',*,*,#3822,.F.);
#5606=ORIENTED_EDGE('',*,*,#3925,.F.);
#5607=ORIENTED_EDGE('',*,*,#3887,.T.);
#5608=ORIENTED_EDGE('',*,*,#3926,.T.);
#5609=ORIENTED_EDGE('',*,*,#3823,.F.);
#5610=ORIENTED_EDGE('',*,*,#3926,.F.);
#5611=ORIENTED_EDGE('',*,*,#3886,.T.);
#5612=ORIENTED_EDGE('',*,*,#3927,.T.);
#5613=ORIENTED_EDGE('',*,*,#3824,.F.);
#5614=ORIENTED_EDGE('',*,*,#3928,.T.);
#5615=ORIENTED_EDGE('',*,*,#3825,.T.);
#5616=ORIENTED_EDGE('',*,*,#3927,.F.);
#5617=ORIENTED_EDGE('',*,*,#3885,.F.);
#5618=ORIENTED_EDGE('',*,*,#3928,.F.);
#5619=ORIENTED_EDGE('',*,*,#3884,.T.);
#5620=ORIENTED_EDGE('',*,*,#3929,.T.);
#5621=ORIENTED_EDGE('',*,*,#3826,.F.);
#5622=ORIENTED_EDGE('',*,*,#3929,.F.);
#5623=ORIENTED_EDGE('',*,*,#3883,.T.);
#5624=ORIENTED_EDGE('',*,*,#3930,.T.);
#5625=ORIENTED_EDGE('',*,*,#3827,.F.);
#5626=ORIENTED_EDGE('',*,*,#3930,.F.);
#5627=ORIENTED_EDGE('',*,*,#3882,.T.);
#5628=ORIENTED_EDGE('',*,*,#3931,.T.);
#5629=ORIENTED_EDGE('',*,*,#3828,.F.);
#5630=ORIENTED_EDGE('',*,*,#3931,.F.);
#5631=ORIENTED_EDGE('',*,*,#3881,.T.);
#5632=ORIENTED_EDGE('',*,*,#3932,.T.);
#5633=ORIENTED_EDGE('',*,*,#3829,.F.);
#5634=ORIENTED_EDGE('',*,*,#3933,.T.);
#5635=ORIENTED_EDGE('',*,*,#3830,.T.);
#5636=ORIENTED_EDGE('',*,*,#3932,.F.);
#5637=ORIENTED_EDGE('',*,*,#3880,.F.);
#5638=ORIENTED_EDGE('',*,*,#3933,.F.);
#5639=ORIENTED_EDGE('',*,*,#3879,.T.);
#5640=ORIENTED_EDGE('',*,*,#3934,.T.);
#5641=ORIENTED_EDGE('',*,*,#3831,.F.);
#5642=ORIENTED_EDGE('',*,*,#3878,.T.);
#5643=ORIENTED_EDGE('',*,*,#3935,.T.);
#5644=ORIENTED_EDGE('',*,*,#3832,.F.);
#5645=ORIENTED_EDGE('',*,*,#3934,.F.);
#5646=ORIENTED_EDGE('',*,*,#3877,.F.);
#5647=ORIENTED_EDGE('',*,*,#3936,.T.);
#5648=ORIENTED_EDGE('',*,*,#3833,.T.);
#5649=ORIENTED_EDGE('',*,*,#3935,.F.);
#5650=ORIENTED_EDGE('',*,*,#3876,.T.);
#5651=ORIENTED_EDGE('',*,*,#3937,.T.);
#5652=ORIENTED_EDGE('',*,*,#3834,.F.);
#5653=ORIENTED_EDGE('',*,*,#3936,.F.);
#5654=ORIENTED_EDGE('',*,*,#3938,.T.);
#5655=ORIENTED_EDGE('',*,*,#3835,.T.);
#5656=ORIENTED_EDGE('',*,*,#3937,.F.);
#5657=ORIENTED_EDGE('',*,*,#3875,.F.);
#5658=ORIENTED_EDGE('',*,*,#3874,.T.);
#5659=ORIENTED_EDGE('',*,*,#3939,.T.);
#5660=ORIENTED_EDGE('',*,*,#3836,.F.);
#5661=ORIENTED_EDGE('',*,*,#3938,.F.);
#5662=ORIENTED_EDGE('',*,*,#3873,.F.);
#5663=ORIENTED_EDGE('',*,*,#3940,.T.);
#5664=ORIENTED_EDGE('',*,*,#3837,.T.);
#5665=ORIENTED_EDGE('',*,*,#3939,.F.);
#5666=ORIENTED_EDGE('',*,*,#3872,.T.);
#5667=ORIENTED_EDGE('',*,*,#3941,.T.);
#5668=ORIENTED_EDGE('',*,*,#3838,.F.);
#5669=ORIENTED_EDGE('',*,*,#3940,.F.);
#5670=ORIENTED_EDGE('',*,*,#3871,.F.);
#5671=ORIENTED_EDGE('',*,*,#3942,.T.);
#5672=ORIENTED_EDGE('',*,*,#3839,.T.);
#5673=ORIENTED_EDGE('',*,*,#3941,.F.);
#5674=ORIENTED_EDGE('',*,*,#3870,.T.);
#5675=ORIENTED_EDGE('',*,*,#3943,.T.);
#5676=ORIENTED_EDGE('',*,*,#3840,.F.);
#5677=ORIENTED_EDGE('',*,*,#3942,.F.);
#5678=ORIENTED_EDGE('',*,*,#3944,.T.);
#5679=ORIENTED_EDGE('',*,*,#3841,.T.);
#5680=ORIENTED_EDGE('',*,*,#3943,.F.);
#5681=ORIENTED_EDGE('',*,*,#3869,.F.);
#5682=ORIENTED_EDGE('',*,*,#3868,.F.);
#5683=ORIENTED_EDGE('',*,*,#3945,.T.);
#5684=ORIENTED_EDGE('',*,*,#3842,.T.);
#5685=ORIENTED_EDGE('',*,*,#3944,.F.);
#5686=ORIENTED_EDGE('',*,*,#3867,.F.);
#5687=ORIENTED_EDGE('',*,*,#3920,.T.);
#5688=ORIENTED_EDGE('',*,*,#3843,.T.);
#5689=ORIENTED_EDGE('',*,*,#3945,.F.);
#5690=ORIENTED_EDGE('',*,*,#3564,.F.);
#5691=ORIENTED_EDGE('',*,*,#3946,.F.);
#5692=ORIENTED_EDGE('',*,*,#3947,.F.);
#5693=ORIENTED_EDGE('',*,*,#3948,.T.);
#5694=ORIENTED_EDGE('',*,*,#3949,.F.);
#5695=ORIENTED_EDGE('',*,*,#3950,.T.);
#5696=ORIENTED_EDGE('',*,*,#3951,.F.);
#5697=ORIENTED_EDGE('',*,*,#3952,.T.);
#5698=ORIENTED_EDGE('',*,*,#3953,.T.);
#5699=ORIENTED_EDGE('',*,*,#3954,.T.);
#5700=ORIENTED_EDGE('',*,*,#3955,.F.);
#5701=ORIENTED_EDGE('',*,*,#3956,.T.);
#5702=ORIENTED_EDGE('',*,*,#3957,.T.);
#5703=ORIENTED_EDGE('',*,*,#3958,.T.);
#5704=ORIENTED_EDGE('',*,*,#3959,.T.);
#5705=ORIENTED_EDGE('',*,*,#3960,.F.);
#5706=ORIENTED_EDGE('',*,*,#3961,.T.);
#5707=ORIENTED_EDGE('',*,*,#3962,.T.);
#5708=ORIENTED_EDGE('',*,*,#3963,.F.);
#5709=ORIENTED_EDGE('',*,*,#3964,.T.);
#5710=ORIENTED_EDGE('',*,*,#3965,.F.);
#5711=ORIENTED_EDGE('',*,*,#3966,.T.);
#5712=ORIENTED_EDGE('',*,*,#3967,.F.);
#5713=ORIENTED_EDGE('',*,*,#3968,.T.);
#5714=ORIENTED_EDGE('',*,*,#3969,.F.);
#5715=ORIENTED_EDGE('',*,*,#3970,.T.);
#5716=ORIENTED_EDGE('',*,*,#3971,.F.);
#5717=ORIENTED_EDGE('',*,*,#3972,.F.);
#5718=ORIENTED_EDGE('',*,*,#3973,.F.);
#5719=ORIENTED_EDGE('',*,*,#3974,.T.);
#5720=ORIENTED_EDGE('',*,*,#3975,.T.);
#5721=ORIENTED_EDGE('',*,*,#3976,.T.);
#5722=ORIENTED_EDGE('',*,*,#3946,.T.);
#5723=ORIENTED_EDGE('',*,*,#3903,.T.);
#5724=ORIENTED_EDGE('',*,*,#3905,.T.);
#5725=ORIENTED_EDGE('',*,*,#3904,.T.);
#5726=ORIENTED_EDGE('',*,*,#3595,.T.);
#5727=ORIENTED_EDGE('',*,*,#3591,.T.);
#5728=ORIENTED_EDGE('',*,*,#3589,.T.);
#5729=ORIENTED_EDGE('',*,*,#3977,.F.);
#5730=ORIENTED_EDGE('',*,*,#3978,.T.);
#5731=ORIENTED_EDGE('',*,*,#3979,.F.);
#5732=ORIENTED_EDGE('',*,*,#3980,.F.);
#5733=ORIENTED_EDGE('',*,*,#3981,.F.);
#5734=ORIENTED_EDGE('',*,*,#3982,.F.);
#5735=ORIENTED_EDGE('',*,*,#3983,.F.);
#5736=ORIENTED_EDGE('',*,*,#3984,.F.);
#5737=ORIENTED_EDGE('',*,*,#3985,.F.);
#5738=ORIENTED_EDGE('',*,*,#3986,.F.);
#5739=ORIENTED_EDGE('',*,*,#3987,.F.);
#5740=ORIENTED_EDGE('',*,*,#3988,.F.);
#5741=ORIENTED_EDGE('',*,*,#3906,.T.);
#5742=ORIENTED_EDGE('',*,*,#3948,.F.);
#5743=ORIENTED_EDGE('',*,*,#3989,.F.);
#5744=ORIENTED_EDGE('',*,*,#3990,.F.);
#5745=ORIENTED_EDGE('',*,*,#3991,.F.);
#5746=ORIENTED_EDGE('',*,*,#3992,.T.);
#5747=ORIENTED_EDGE('',*,*,#3993,.T.);
#5748=ORIENTED_EDGE('',*,*,#3994,.T.);
#5749=ORIENTED_EDGE('',*,*,#3995,.F.);
#5750=ORIENTED_EDGE('',*,*,#3996,.T.);
#5751=ORIENTED_EDGE('',*,*,#3997,.F.);
#5752=ORIENTED_EDGE('',*,*,#3998,.T.);
#5753=ORIENTED_EDGE('',*,*,#3999,.F.);
#5754=ORIENTED_EDGE('',*,*,#4000,.T.);
#5755=ORIENTED_EDGE('',*,*,#4001,.F.);
#5756=ORIENTED_EDGE('',*,*,#4002,.T.);
#5757=ORIENTED_EDGE('',*,*,#4003,.F.);
#5758=ORIENTED_EDGE('',*,*,#4004,.F.);
#5759=ORIENTED_EDGE('',*,*,#4005,.T.);
#5760=ORIENTED_EDGE('',*,*,#4006,.F.);
#5761=ORIENTED_EDGE('',*,*,#4007,.F.);
#5762=ORIENTED_EDGE('',*,*,#4008,.F.);
#5763=ORIENTED_EDGE('',*,*,#4009,.F.);
#5764=ORIENTED_EDGE('',*,*,#4010,.T.);
#5765=ORIENTED_EDGE('',*,*,#4011,.F.);
#5766=ORIENTED_EDGE('',*,*,#4012,.F.);
#5767=ORIENTED_EDGE('',*,*,#4013,.F.);
#5768=ORIENTED_EDGE('',*,*,#4014,.T.);
#5769=ORIENTED_EDGE('',*,*,#4015,.F.);
#5770=ORIENTED_EDGE('',*,*,#4016,.T.);
#5771=ORIENTED_EDGE('',*,*,#3587,.F.);
#5772=ORIENTED_EDGE('',*,*,#3593,.F.);
#5773=ORIENTED_EDGE('',*,*,#3594,.F.);
#5774=ORIENTED_EDGE('',*,*,#4017,.T.);
#5775=ORIENTED_EDGE('',*,*,#4018,.T.);
#5776=ORIENTED_EDGE('',*,*,#4019,.T.);
#5777=ORIENTED_EDGE('',*,*,#4020,.T.);
#5778=ORIENTED_EDGE('',*,*,#4021,.T.);
#5779=ORIENTED_EDGE('',*,*,#4022,.T.);
#5780=ORIENTED_EDGE('',*,*,#4023,.T.);
#5781=ORIENTED_EDGE('',*,*,#4024,.T.);
#5782=ORIENTED_EDGE('',*,*,#4025,.T.);
#5783=ORIENTED_EDGE('',*,*,#4026,.T.);
#5784=ORIENTED_EDGE('',*,*,#4027,.T.);
#5785=ORIENTED_EDGE('',*,*,#4028,.F.);
#5786=ORIENTED_EDGE('',*,*,#3992,.F.);
#5787=ORIENTED_EDGE('',*,*,#4029,.T.);
#5788=ORIENTED_EDGE('',*,*,#3973,.T.);
#5789=ORIENTED_EDGE('',*,*,#4030,.F.);
#5790=ORIENTED_EDGE('',*,*,#3993,.F.);
#5791=ORIENTED_EDGE('',*,*,#4030,.T.);
#5792=ORIENTED_EDGE('',*,*,#3972,.T.);
#5793=ORIENTED_EDGE('',*,*,#4031,.F.);
#5794=ORIENTED_EDGE('',*,*,#4031,.T.);
#5795=ORIENTED_EDGE('',*,*,#3971,.T.);
#5796=ORIENTED_EDGE('',*,*,#4032,.F.);
#5797=ORIENTED_EDGE('',*,*,#3994,.F.);
#5798=ORIENTED_EDGE('',*,*,#3995,.T.);
#5799=ORIENTED_EDGE('',*,*,#4032,.T.);
#5800=ORIENTED_EDGE('',*,*,#3970,.F.);
#5801=ORIENTED_EDGE('',*,*,#4033,.F.);
#5802=ORIENTED_EDGE('',*,*,#3996,.F.);
#5803=ORIENTED_EDGE('',*,*,#4033,.T.);
#5804=ORIENTED_EDGE('',*,*,#3969,.T.);
#5805=ORIENTED_EDGE('',*,*,#4034,.F.);
#5806=ORIENTED_EDGE('',*,*,#3997,.T.);
#5807=ORIENTED_EDGE('',*,*,#4034,.T.);
#5808=ORIENTED_EDGE('',*,*,#3968,.F.);
#5809=ORIENTED_EDGE('',*,*,#4035,.F.);
#5810=ORIENTED_EDGE('',*,*,#3998,.F.);
#5811=ORIENTED_EDGE('',*,*,#4035,.T.);
#5812=ORIENTED_EDGE('',*,*,#3967,.T.);
#5813=ORIENTED_EDGE('',*,*,#4036,.F.);
#5814=ORIENTED_EDGE('',*,*,#3999,.T.);
#5815=ORIENTED_EDGE('',*,*,#4036,.T.);
#5816=ORIENTED_EDGE('',*,*,#3966,.F.);
#5817=ORIENTED_EDGE('',*,*,#4037,.F.);
#5818=ORIENTED_EDGE('',*,*,#4037,.T.);
#5819=ORIENTED_EDGE('',*,*,#3965,.T.);
#5820=ORIENTED_EDGE('',*,*,#4038,.F.);
#5821=ORIENTED_EDGE('',*,*,#4000,.F.);
#5822=ORIENTED_EDGE('',*,*,#4001,.T.);
#5823=ORIENTED_EDGE('',*,*,#4038,.T.);
#5824=ORIENTED_EDGE('',*,*,#3964,.F.);
#5825=ORIENTED_EDGE('',*,*,#4039,.F.);
#5826=ORIENTED_EDGE('',*,*,#4002,.F.);
#5827=ORIENTED_EDGE('',*,*,#4039,.T.);
#5828=ORIENTED_EDGE('',*,*,#3963,.T.);
#5829=ORIENTED_EDGE('',*,*,#4040,.F.);
#5830=ORIENTED_EDGE('',*,*,#4003,.T.);
#5831=ORIENTED_EDGE('',*,*,#4040,.T.);
#5832=ORIENTED_EDGE('',*,*,#3962,.F.);
#5833=ORIENTED_EDGE('',*,*,#4041,.F.);
#5834=ORIENTED_EDGE('',*,*,#4042,.F.);
#5835=ORIENTED_EDGE('',*,*,#4004,.T.);
#5836=ORIENTED_EDGE('',*,*,#4041,.T.);
#5837=ORIENTED_EDGE('',*,*,#3961,.F.);
#5838=ORIENTED_EDGE('',*,*,#4042,.T.);
#5839=ORIENTED_EDGE('',*,*,#3960,.T.);
#5840=ORIENTED_EDGE('',*,*,#4043,.F.);
#5841=ORIENTED_EDGE('',*,*,#4005,.F.);
#5842=ORIENTED_EDGE('',*,*,#4044,.F.);
#5843=ORIENTED_EDGE('',*,*,#4006,.T.);
#5844=ORIENTED_EDGE('',*,*,#4043,.T.);
#5845=ORIENTED_EDGE('',*,*,#3959,.F.);
#5846=ORIENTED_EDGE('',*,*,#4045,.F.);
#5847=ORIENTED_EDGE('',*,*,#4007,.T.);
#5848=ORIENTED_EDGE('',*,*,#4044,.T.);
#5849=ORIENTED_EDGE('',*,*,#3958,.F.);
#5850=ORIENTED_EDGE('',*,*,#4046,.F.);
#5851=ORIENTED_EDGE('',*,*,#4008,.T.);
#5852=ORIENTED_EDGE('',*,*,#4045,.T.);
#5853=ORIENTED_EDGE('',*,*,#3957,.F.);
#5854=ORIENTED_EDGE('',*,*,#4047,.F.);
#5855=ORIENTED_EDGE('',*,*,#4009,.T.);
#5856=ORIENTED_EDGE('',*,*,#4046,.T.);
#5857=ORIENTED_EDGE('',*,*,#3956,.F.);
#5858=ORIENTED_EDGE('',*,*,#4047,.T.);
#5859=ORIENTED_EDGE('',*,*,#3955,.T.);
#5860=ORIENTED_EDGE('',*,*,#4048,.F.);
#5861=ORIENTED_EDGE('',*,*,#4010,.F.);
#5862=ORIENTED_EDGE('',*,*,#4049,.F.);
#5863=ORIENTED_EDGE('',*,*,#4011,.T.);
#5864=ORIENTED_EDGE('',*,*,#4048,.T.);
#5865=ORIENTED_EDGE('',*,*,#3954,.F.);
#5866=ORIENTED_EDGE('',*,*,#4050,.F.);
#5867=ORIENTED_EDGE('',*,*,#4012,.T.);
#5868=ORIENTED_EDGE('',*,*,#4049,.T.);
#5869=ORIENTED_EDGE('',*,*,#3953,.F.);
#5870=ORIENTED_EDGE('',*,*,#4051,.F.);
#5871=ORIENTED_EDGE('',*,*,#4013,.T.);
#5872=ORIENTED_EDGE('',*,*,#4050,.T.);
#5873=ORIENTED_EDGE('',*,*,#3952,.F.);
#5874=ORIENTED_EDGE('',*,*,#4051,.T.);
#5875=ORIENTED_EDGE('',*,*,#3951,.T.);
#5876=ORIENTED_EDGE('',*,*,#4052,.F.);
#5877=ORIENTED_EDGE('',*,*,#4014,.F.);
#5878=ORIENTED_EDGE('',*,*,#4053,.F.);
#5879=ORIENTED_EDGE('',*,*,#4015,.T.);
#5880=ORIENTED_EDGE('',*,*,#4052,.T.);
#5881=ORIENTED_EDGE('',*,*,#3950,.F.);
#5882=ORIENTED_EDGE('',*,*,#4016,.F.);
#5883=ORIENTED_EDGE('',*,*,#4053,.T.);
#5884=ORIENTED_EDGE('',*,*,#3949,.T.);
#5885=ORIENTED_EDGE('',*,*,#3588,.F.);
#5886=ORIENTED_EDGE('',*,*,#3989,.T.);
#5887=ORIENTED_EDGE('',*,*,#3947,.T.);
#5888=ORIENTED_EDGE('',*,*,#3976,.F.);
#5889=ORIENTED_EDGE('',*,*,#4054,.F.);
#5890=ORIENTED_EDGE('',*,*,#3990,.T.);
#5891=ORIENTED_EDGE('',*,*,#4054,.T.);
#5892=ORIENTED_EDGE('',*,*,#3975,.F.);
#5893=ORIENTED_EDGE('',*,*,#4055,.F.);
#5894=ORIENTED_EDGE('',*,*,#3991,.T.);
#5895=ORIENTED_EDGE('',*,*,#4055,.T.);
#5896=ORIENTED_EDGE('',*,*,#3974,.F.);
#5897=ORIENTED_EDGE('',*,*,#4029,.F.);
#5898=ORIENTED_EDGE('',*,*,#3977,.T.);
#5899=ORIENTED_EDGE('',*,*,#4056,.T.);
#5900=ORIENTED_EDGE('',*,*,#4017,.F.);
#5901=ORIENTED_EDGE('',*,*,#4057,.F.);
#5902=ORIENTED_EDGE('',*,*,#3978,.F.);
#5903=ORIENTED_EDGE('',*,*,#4057,.T.);
#5904=ORIENTED_EDGE('',*,*,#4028,.T.);
#5905=ORIENTED_EDGE('',*,*,#4058,.F.);
#5906=ORIENTED_EDGE('',*,*,#3988,.T.);
#5907=ORIENTED_EDGE('',*,*,#4059,.T.);
#5908=ORIENTED_EDGE('',*,*,#4018,.F.);
#5909=ORIENTED_EDGE('',*,*,#4056,.F.);
#5910=ORIENTED_EDGE('',*,*,#3979,.T.);
#5911=ORIENTED_EDGE('',*,*,#4058,.T.);
#5912=ORIENTED_EDGE('',*,*,#4027,.F.);
#5913=ORIENTED_EDGE('',*,*,#4060,.F.);
#5914=ORIENTED_EDGE('',*,*,#3987,.T.);
#5915=ORIENTED_EDGE('',*,*,#4061,.T.);
#5916=ORIENTED_EDGE('',*,*,#4019,.F.);
#5917=ORIENTED_EDGE('',*,*,#4059,.F.);
#5918=ORIENTED_EDGE('',*,*,#3980,.T.);
#5919=ORIENTED_EDGE('',*,*,#4060,.T.);
#5920=ORIENTED_EDGE('',*,*,#4026,.F.);
#5921=ORIENTED_EDGE('',*,*,#4062,.F.);
#5922=ORIENTED_EDGE('',*,*,#3986,.T.);
#5923=ORIENTED_EDGE('',*,*,#4063,.T.);
#5924=ORIENTED_EDGE('',*,*,#4020,.F.);
#5925=ORIENTED_EDGE('',*,*,#4061,.F.);
#5926=ORIENTED_EDGE('',*,*,#3981,.T.);
#5927=ORIENTED_EDGE('',*,*,#4062,.T.);
#5928=ORIENTED_EDGE('',*,*,#4025,.F.);
#5929=ORIENTED_EDGE('',*,*,#4064,.F.);
#5930=ORIENTED_EDGE('',*,*,#3985,.T.);
#5931=ORIENTED_EDGE('',*,*,#4065,.T.);
#5932=ORIENTED_EDGE('',*,*,#4021,.F.);
#5933=ORIENTED_EDGE('',*,*,#4063,.F.);
#5934=ORIENTED_EDGE('',*,*,#3982,.T.);
#5935=ORIENTED_EDGE('',*,*,#4064,.T.);
#5936=ORIENTED_EDGE('',*,*,#4024,.F.);
#5937=ORIENTED_EDGE('',*,*,#4066,.F.);
#5938=ORIENTED_EDGE('',*,*,#3984,.T.);
#5939=ORIENTED_EDGE('',*,*,#4067,.T.);
#5940=ORIENTED_EDGE('',*,*,#4022,.F.);
#5941=ORIENTED_EDGE('',*,*,#4065,.F.);
#5942=ORIENTED_EDGE('',*,*,#3983,.T.);
#5943=ORIENTED_EDGE('',*,*,#4066,.T.);
#5944=ORIENTED_EDGE('',*,*,#4023,.F.);
#5945=ORIENTED_EDGE('',*,*,#4067,.F.);
#5946=ORIENTED_EDGE('',*,*,#3569,.F.);
#5947=ORIENTED_EDGE('',*,*,#3781,.F.);
#5948=ORIENTED_EDGE('',*,*,#3581,.F.);
#5949=ORIENTED_EDGE('',*,*,#3777,.F.);
#5950=ORIENTED_EDGE('',*,*,#4068,.F.);
#5951=ORIENTED_EDGE('',*,*,#3481,.F.);
#5952=ORIENTED_EDGE('',*,*,#3792,.T.);
#5953=ORIENTED_EDGE('',*,*,#3786,.T.);
#5954=ORIENTED_EDGE('',*,*,#4069,.F.);
#5955=ORIENTED_EDGE('',*,*,#3482,.F.);
#5956=ORIENTED_EDGE('',*,*,#4068,.T.);
#5957=ORIENTED_EDGE('',*,*,#3776,.T.);
#5958=ORIENTED_EDGE('',*,*,#3483,.T.);
#5959=ORIENTED_EDGE('',*,*,#3634,.T.);
#5960=ORIENTED_EDGE('',*,*,#3557,.T.);
#5961=ORIENTED_EDGE('',*,*,#3479,.T.);
#5962=ORIENTED_EDGE('',*,*,#4069,.T.);
#5963=ORIENTED_EDGE('',*,*,#3788,.F.);
#5964=ORIENTED_EDGE('',*,*,#3585,.T.);
#5965=ORIENTED_EDGE('',*,*,#3783,.T.);
#5966=PLANE('',#6548);
#5967=PLANE('',#6549);
#5968=PLANE('',#6550);
#5969=PLANE('',#6551);
#5970=PLANE('',#6552);
#5971=PLANE('',#6553);
#5972=PLANE('',#6554);
#5973=PLANE('',#6555);
#5974=PLANE('',#6559);
#5975=PLANE('',#6560);
#5976=PLANE('',#6567);
#5977=PLANE('',#6568);
#5978=PLANE('',#6572);
#5979=PLANE('',#6574);
#5980=PLANE('',#6576);
#5981=PLANE('',#6578);
#5982=PLANE('',#6579);
#5983=PLANE('',#6580);
#5984=PLANE('',#6581);
#5985=PLANE('',#6582);
#5986=PLANE('',#6583);
#5987=PLANE('',#6584);
#5988=PLANE('',#6585);
#5989=PLANE('',#6586);
#5990=PLANE('',#6587);
#5991=PLANE('',#6588);
#5992=PLANE('',#6589);
#5993=PLANE('',#6590);
#5994=PLANE('',#6591);
#5995=PLANE('',#6592);
#5996=PLANE('',#6593);
#5997=PLANE('',#6594);
#5998=PLANE('',#6595);
#5999=PLANE('',#6596);
#6000=PLANE('',#6597);
#6001=PLANE('',#6598);
#6002=PLANE('',#6599);
#6003=PLANE('',#6600);
#6004=PLANE('',#6601);
#6005=PLANE('',#6602);
#6006=PLANE('',#6603);
#6007=PLANE('',#6604);
#6008=PLANE('',#6605);
#6009=PLANE('',#6606);
#6010=PLANE('',#6607);
#6011=PLANE('',#6608);
#6012=PLANE('',#6609);
#6013=PLANE('',#6610);
#6014=PLANE('',#6611);
#6015=PLANE('',#6612);
#6016=PLANE('',#6613);
#6017=PLANE('',#6614);
#6018=PLANE('',#6615);
#6019=PLANE('',#6616);
#6020=PLANE('',#6617);
#6021=PLANE('',#6618);
#6022=PLANE('',#6619);
#6023=PLANE('',#6620);
#6024=PLANE('',#6621);
#6025=PLANE('',#6622);
#6026=PLANE('',#6623);
#6027=PLANE('',#6624);
#6028=PLANE('',#6625);
#6029=PLANE('',#6626);
#6030=PLANE('',#6627);
#6031=PLANE('',#6628);
#6032=PLANE('',#6629);
#6033=PLANE('',#6630);
#6034=PLANE('',#6631);
#6035=PLANE('',#6632);
#6036=PLANE('',#6633);
#6037=PLANE('',#6634);
#6038=PLANE('',#6635);
#6039=PLANE('',#6636);
#6040=PLANE('',#6637);
#6041=PLANE('',#6638);
#6042=PLANE('',#6639);
#6043=PLANE('',#6640);
#6044=PLANE('',#6641);
#6045=PLANE('',#6642);
#6046=PLANE('',#6643);
#6047=PLANE('',#6644);
#6048=PLANE('',#6645);
#6049=PLANE('',#6646);
#6050=PLANE('',#6649);
#6051=PLANE('',#6661);
#6052=PLANE('',#6664);
#6053=PLANE('',#6669);
#6054=PLANE('',#6670);
#6055=PLANE('',#6677);
#6056=PLANE('',#6682);
#6057=PLANE('',#6692);
#6058=PLANE('',#6693);
#6059=PLANE('',#6703);
#6060=PLANE('',#6704);
#6061=PLANE('',#6705);
#6062=PLANE('',#6706);
#6063=PLANE('',#6707);
#6064=PLANE('',#6711);
#6065=PLANE('',#6712);
#6066=PLANE('',#6716);
#6067=PLANE('',#6717);
#6068=PLANE('',#6718);
#6069=PLANE('',#6722);
#6070=PLANE('',#6726);
#6071=PLANE('',#6727);
#6072=PLANE('',#6728);
#6073=PLANE('',#6729);
#6074=PLANE('',#6730);
#6075=PLANE('',#6731);
#6076=PLANE('',#6732);
#6077=PLANE('',#6733);
#6078=PLANE('',#6734);
#6079=PLANE('',#6735);
#6080=PLANE('',#6736);
#6081=PLANE('',#6737);
#6082=PLANE('',#6738);
#6083=PLANE('',#6739);
#6084=PLANE('',#6740);
#6085=PLANE('',#6741);
#6086=PLANE('',#6742);
#6087=PLANE('',#6743);
#6088=PLANE('',#6744);
#6089=PLANE('',#6745);
#6090=PLANE('',#6746);
#6091=PLANE('',#6747);
#6092=PLANE('',#6748);
#6093=PLANE('',#6749);
#6094=PLANE('',#6750);
#6095=PLANE('',#6751);
#6096=PLANE('',#6752);
#6097=PLANE('',#6753);
#6098=PLANE('',#6754);
#6099=PLANE('',#6755);
#6100=PLANE('',#6756);
#6101=PLANE('',#6757);
#6102=PLANE('',#6758);
#6103=PLANE('',#6759);
#6104=PLANE('',#6760);
#6105=PLANE('',#6761);
#6106=PLANE('',#6762);
#6107=PLANE('',#6763);
#6108=PLANE('',#6764);
#6109=PLANE('',#6765);
#6110=PLANE('',#6766);
#6111=PLANE('',#6767);
#6112=PLANE('',#6768);
#6113=PLANE('',#6769);
#6114=PLANE('',#6770);
#6115=PLANE('',#6771);
#6116=PLANE('',#6772);
#6117=PLANE('',#6773);
#6118=PLANE('',#6774);
#6119=PLANE('',#6775);
#6120=PLANE('',#6776);
#6121=PLANE('',#6777);
#6122=PLANE('',#6778);
#6123=PLANE('',#6779);
#6124=PLANE('',#6780);
#6125=PLANE('',#6781);
#6126=PLANE('',#6782);
#6127=PLANE('',#6783);
#6128=PLANE('',#6784);
#6129=PLANE('',#6785);
#6130=PLANE('',#6786);
#6131=PLANE('',#6787);
#6132=PLANE('',#6788);
#6133=PLANE('',#6789);
#6134=PLANE('',#6790);
#6135=PLANE('',#6791);
#6136=PLANE('',#6792);
#6137=PLANE('',#6793);
#6138=PLANE('',#6794);
#6139=PLANE('',#6795);
#6140=PLANE('',#6799);
#6141=PLANE('',#6803);
#6142=PLANE('',#6804);
#6143=PLANE('',#6805);
#6144=PLANE('',#6806);
#6145=PLANE('',#6807);
#6146=PLANE('',#6808);
#6147=PLANE('',#6809);
#6148=PLANE('',#6810);
#6149=PLANE('',#6819);
#6150=PLANE('',#6822);
#6151=PLANE('',#6825);
#6152=PLANE('',#6832);
#6153=PLANE('',#6833);
#6154=PLANE('',#6834);
#6155=PLANE('',#6858);
#6156=PLANE('',#6879);
#6157=PLANE('',#6880);
#6158=PLANE('',#6881);
#6159=PLANE('',#6884);
#6160=PLANE('',#6885);
#6161=PLANE('',#6888);
#6162=PLANE('',#6889);
#6163=PLANE('',#6892);
#6164=PLANE('',#6893);
#6165=PLANE('',#6896);
#6166=PLANE('',#6897);
#6167=PLANE('',#6899);
#6168=PLANE('',#6901);
#6169=PLANE('',#6903);
#6170=PLANE('',#6905);
#6171=PLANE('',#6906);
#6172=PLANE('',#6908);
#6173=PLANE('',#6909);
#6174=PLANE('',#6911);
#6175=PLANE('',#6913);
#6176=PLANE('',#6915);
#6177=PLANE('',#6917);
#6178=PLANE('',#6921);
#6179=PLANE('',#6922);
#6180=PLANE('',#6944);
#6181=PLANE('',#6969);
#6182=PLANE('',#6971);
#6183=PLANE('',#6973);
#6184=PLANE('',#6975);
#6185=PLANE('',#6977);
#6186=PLANE('',#6978);
#6187=PLANE('',#6980);
#6188=PLANE('',#6981);
#6189=PLANE('',#6983);
#6190=PLANE('',#6985);
#6191=PLANE('',#6987);
#6192=PLANE('',#6989);
#6193=PLANE('',#6993);
#6194=PLANE('',#6994);
#6195=PLANE('',#6997);
#6196=PLANE('',#6998);
#6197=PLANE('',#7001);
#6198=PLANE('',#7002);
#6199=PLANE('',#7005);
#6200=PLANE('',#7006);
#6201=PLANE('',#7007);
#6202=PLANE('',#7008);
#6203=ADVANCED_FACE('',(#311),#5966,.F.);
#6204=ADVANCED_FACE('',(#312),#5967,.F.);
#6205=ADVANCED_FACE('',(#313),#5968,.F.);
#6206=ADVANCED_FACE('',(#314),#5969,.T.);
#6207=ADVANCED_FACE('',(#315),#5970,.F.);
#6208=ADVANCED_FACE('',(#316),#5971,.F.);
#6209=ADVANCED_FACE('',(#317),#5972,.F.);
#6210=ADVANCED_FACE('',(#318),#5973,.T.);
#6211=ADVANCED_FACE('',(#319),#243,.T.);
#6212=ADVANCED_FACE('',(#320),#5974,.F.);
#6213=ADVANCED_FACE('',(#321),#5975,.F.);
#6214=ADVANCED_FACE('',(#322),#244,.T.);
#6215=ADVANCED_FACE('',(#323),#5976,.T.);
#6216=ADVANCED_FACE('',(#324),#5977,.T.);
#6217=ADVANCED_FACE('',(#325),#5978,.T.);
#6218=ADVANCED_FACE('',(#326),#245,.T.);
#6219=ADVANCED_FACE('',(#327),#5979,.T.);
#6220=ADVANCED_FACE('',(#328),#246,.T.);
#6221=ADVANCED_FACE('',(#329),#5980,.F.);
#6222=ADVANCED_FACE('',(#330),#247,.T.);
#6223=ADVANCED_FACE('',(#331),#5981,.T.);
#6224=ADVANCED_FACE('',(#332),#5982,.T.);
#6225=ADVANCED_FACE('',(#333),#5983,.T.);
#6226=ADVANCED_FACE('',(#334),#5984,.T.);
#6227=ADVANCED_FACE('',(#335),#5985,.T.);
#6228=ADVANCED_FACE('',(#336),#5986,.T.);
#6229=ADVANCED_FACE('',(#337),#5987,.T.);
#6230=ADVANCED_FACE('',(#338),#5988,.T.);
#6231=ADVANCED_FACE('',(#339),#5989,.T.);
#6232=ADVANCED_FACE('',(#340),#5990,.T.);
#6233=ADVANCED_FACE('',(#341),#5991,.T.);
#6234=ADVANCED_FACE('',(#342),#5992,.T.);
#6235=ADVANCED_FACE('',(#343),#5993,.T.);
#6236=ADVANCED_FACE('',(#344),#5994,.T.);
#6237=ADVANCED_FACE('',(#345),#5995,.T.);
#6238=ADVANCED_FACE('',(#346),#5996,.T.);
#6239=ADVANCED_FACE('',(#347),#5997,.T.);
#6240=ADVANCED_FACE('',(#348),#5998,.T.);
#6241=ADVANCED_FACE('',(#349),#5999,.T.);
#6242=ADVANCED_FACE('',(#350),#6000,.T.);
#6243=ADVANCED_FACE('',(#351),#6001,.T.);
#6244=ADVANCED_FACE('',(#352),#6002,.T.);
#6245=ADVANCED_FACE('',(#353),#6003,.T.);
#6246=ADVANCED_FACE('',(#354),#6004,.T.);
#6247=ADVANCED_FACE('',(#355),#6005,.T.);
#6248=ADVANCED_FACE('',(#356),#6006,.T.);
#6249=ADVANCED_FACE('',(#357),#6007,.T.);
#6250=ADVANCED_FACE('',(#358),#6008,.T.);
#6251=ADVANCED_FACE('',(#359),#6009,.T.);
#6252=ADVANCED_FACE('',(#360),#6010,.T.);
#6253=ADVANCED_FACE('',(#361),#6011,.T.);
#6254=ADVANCED_FACE('',(#362),#6012,.T.);
#6255=ADVANCED_FACE('',(#363),#6013,.T.);
#6256=ADVANCED_FACE('',(#364),#6014,.T.);
#6257=ADVANCED_FACE('',(#365),#6015,.T.);
#6258=ADVANCED_FACE('',(#366),#6016,.T.);
#6259=ADVANCED_FACE('',(#367),#6017,.T.);
#6260=ADVANCED_FACE('',(#368),#6018,.T.);
#6261=ADVANCED_FACE('',(#369),#6019,.T.);
#6262=ADVANCED_FACE('',(#370),#6020,.T.);
#6263=ADVANCED_FACE('',(#371),#6021,.T.);
#6264=ADVANCED_FACE('',(#372),#6022,.T.);
#6265=ADVANCED_FACE('',(#373),#6023,.T.);
#6266=ADVANCED_FACE('',(#374),#6024,.T.);
#6267=ADVANCED_FACE('',(#375),#6025,.T.);
#6268=ADVANCED_FACE('',(#376),#6026,.T.);
#6269=ADVANCED_FACE('',(#377),#6027,.T.);
#6270=ADVANCED_FACE('',(#378),#6028,.T.);
#6271=ADVANCED_FACE('',(#379),#6029,.T.);
#6272=ADVANCED_FACE('',(#380),#6030,.T.);
#6273=ADVANCED_FACE('',(#381),#6031,.T.);
#6274=ADVANCED_FACE('',(#382),#6032,.T.);
#6275=ADVANCED_FACE('',(#383),#6033,.T.);
#6276=ADVANCED_FACE('',(#384),#6034,.T.);
#6277=ADVANCED_FACE('',(#385),#6035,.T.);
#6278=ADVANCED_FACE('',(#386),#6036,.T.);
#6279=ADVANCED_FACE('',(#387),#6037,.T.);
#6280=ADVANCED_FACE('',(#388),#6038,.T.);
#6281=ADVANCED_FACE('',(#389),#6039,.T.);
#6282=ADVANCED_FACE('',(#390),#6040,.T.);
#6283=ADVANCED_FACE('',(#391),#6041,.T.);
#6284=ADVANCED_FACE('',(#392),#6042,.T.);
#6285=ADVANCED_FACE('',(#393),#6043,.T.);
#6286=ADVANCED_FACE('',(#394),#6044,.T.);
#6287=ADVANCED_FACE('',(#395),#6045,.T.);
#6288=ADVANCED_FACE('',(#396),#6046,.T.);
#6289=ADVANCED_FACE('',(#397),#6047,.T.);
#6290=ADVANCED_FACE('',(#398),#6048,.T.);
#6291=ADVANCED_FACE('',(#399),#6049,.T.);
#6292=ADVANCED_FACE('',(#400),#48,.F.);
#6293=ADVANCED_FACE('',(#401),#6050,.F.);
#6294=ADVANCED_FACE('',(#402),#248,.T.);
#6295=ADVANCED_FACE('',(#403),#40,.T.);
#6296=ADVANCED_FACE('',(#404),#41,.T.);
#6297=ADVANCED_FACE('',(#405),#249,.T.);
#6298=ADVANCED_FACE('',(#406),#6051,.T.);
#6299=ADVANCED_FACE('',(#407),#250,.T.);
#6300=ADVANCED_FACE('',(#408,#30),#6052,.T.);
#6301=ADVANCED_FACE('',(#409),#251,.T.);
#6302=ADVANCED_FACE('',(#410),#15,.T.);
#6303=ADVANCED_FACE('',(#411),#16,.T.);
#6304=ADVANCED_FACE('',(#412),#17,.T.);
#6305=ADVANCED_FACE('',(#413),#6053,.F.);
#6306=ADVANCED_FACE('',(#414),#6054,.F.);
#6307=ADVANCED_FACE('',(#415),#18,.T.);
#6308=ADVANCED_FACE('',(#416),#252,.T.);
#6309=ADVANCED_FACE('',(#417),#19,.T.);
#6310=ADVANCED_FACE('',(#418),#20,.T.);
#6311=ADVANCED_FACE('',(#419),#21,.T.);
#6312=ADVANCED_FACE('',(#420),#22,.T.);
#6313=ADVANCED_FACE('',(#421),#23,.T.);
#6314=ADVANCED_FACE('',(#422),#24,.T.);
#6315=ADVANCED_FACE('',(#423),#25,.T.);
#6316=ADVANCED_FACE('',(#424),#26,.T.);
#6317=ADVANCED_FACE('',(#425),#253,.T.);
#6318=ADVANCED_FACE('',(#426),#254,.T.);
#6319=ADVANCED_FACE('',(#427),#27,.T.);
#6320=ADVANCED_FACE('',(#428),#28,.T.);
#6321=ADVANCED_FACE('',(#429),#29,.T.);
#6322=ADVANCED_FACE('',(#430,#31),#6055,.T.);
#6323=ADVANCED_FACE('',(#431),#255,.T.);
#6324=ADVANCED_FACE('',(#432),#6056,.F.);
#6325=ADVANCED_FACE('',(#433),#256,.T.);
#6326=ADVANCED_FACE('',(#434),#42,.T.);
#6327=ADVANCED_FACE('',(#435),#43,.T.);
#6328=ADVANCED_FACE('',(#436),#257,.T.);
#6329=ADVANCED_FACE('',(#437),#6057,.T.);
#6330=ADVANCED_FACE('',(#438,#32),#6058,.F.);
#6331=ADVANCED_FACE('',(#439),#258,.F.);
#6332=ADVANCED_FACE('',(#440),#6059,.T.);
#6333=ADVANCED_FACE('',(#441),#6060,.T.);
#6334=ADVANCED_FACE('',(#442),#6061,.F.);
#6335=ADVANCED_FACE('',(#443),#6062,.T.);
#6336=ADVANCED_FACE('',(#444),#6063,.F.);
#6337=ADVANCED_FACE('',(#445),#259,.T.);
#6338=ADVANCED_FACE('',(#446),#6064,.F.);
#6339=ADVANCED_FACE('',(#447),#6065,.F.);
#6340=ADVANCED_FACE('',(#448),#260,.T.);
#6341=ADVANCED_FACE('',(#449),#6066,.F.);
#6342=ADVANCED_FACE('',(#450),#6067,.F.);
#6343=ADVANCED_FACE('',(#451),#6068,.F.);
#6344=ADVANCED_FACE('',(#452),#261,.T.);
#6345=ADVANCED_FACE('',(#453),#6069,.T.);
#6346=ADVANCED_FACE('',(#454),#262,.T.);
#6347=ADVANCED_FACE('',(#455),#6070,.F.);
#6348=ADVANCED_FACE('',(#456),#6071,.F.);
#6349=ADVANCED_FACE('',(#457),#6072,.T.);
#6350=ADVANCED_FACE('',(#458),#6073,.T.);
#6351=ADVANCED_FACE('',(#459),#6074,.T.);
#6352=ADVANCED_FACE('',(#460),#6075,.T.);
#6353=ADVANCED_FACE('',(#461),#6076,.T.);
#6354=ADVANCED_FACE('',(#462),#6077,.T.);
#6355=ADVANCED_FACE('',(#463),#6078,.T.);
#6356=ADVANCED_FACE('',(#464),#6079,.T.);
#6357=ADVANCED_FACE('',(#465),#6080,.T.);
#6358=ADVANCED_FACE('',(#466),#6081,.T.);
#6359=ADVANCED_FACE('',(#467),#6082,.T.);
#6360=ADVANCED_FACE('',(#468),#6083,.T.);
#6361=ADVANCED_FACE('',(#469),#6084,.T.);
#6362=ADVANCED_FACE('',(#470),#6085,.T.);
#6363=ADVANCED_FACE('',(#471),#6086,.T.);
#6364=ADVANCED_FACE('',(#472),#6087,.T.);
#6365=ADVANCED_FACE('',(#473),#6088,.T.);
#6366=ADVANCED_FACE('',(#474),#6089,.T.);
#6367=ADVANCED_FACE('',(#475),#6090,.T.);
#6368=ADVANCED_FACE('',(#476),#6091,.T.);
#6369=ADVANCED_FACE('',(#477),#6092,.T.);
#6370=ADVANCED_FACE('',(#478),#6093,.T.);
#6371=ADVANCED_FACE('',(#479),#6094,.T.);
#6372=ADVANCED_FACE('',(#480),#6095,.T.);
#6373=ADVANCED_FACE('',(#481),#6096,.T.);
#6374=ADVANCED_FACE('',(#482),#6097,.T.);
#6375=ADVANCED_FACE('',(#483),#6098,.T.);
#6376=ADVANCED_FACE('',(#484),#6099,.T.);
#6377=ADVANCED_FACE('',(#485),#6100,.T.);
#6378=ADVANCED_FACE('',(#486),#6101,.T.);
#6379=ADVANCED_FACE('',(#487),#6102,.T.);
#6380=ADVANCED_FACE('',(#488),#6103,.T.);
#6381=ADVANCED_FACE('',(#489),#6104,.T.);
#6382=ADVANCED_FACE('',(#490),#6105,.T.);
#6383=ADVANCED_FACE('',(#491),#6106,.T.);
#6384=ADVANCED_FACE('',(#492),#6107,.T.);
#6385=ADVANCED_FACE('',(#493),#6108,.T.);
#6386=ADVANCED_FACE('',(#494),#6109,.T.);
#6387=ADVANCED_FACE('',(#495),#6110,.T.);
#6388=ADVANCED_FACE('',(#496),#6111,.T.);
#6389=ADVANCED_FACE('',(#497),#6112,.T.);
#6390=ADVANCED_FACE('',(#498),#6113,.T.);
#6391=ADVANCED_FACE('',(#499),#6114,.T.);
#6392=ADVANCED_FACE('',(#500),#6115,.T.);
#6393=ADVANCED_FACE('',(#501),#6116,.T.);
#6394=ADVANCED_FACE('',(#502),#6117,.T.);
#6395=ADVANCED_FACE('',(#503),#6118,.T.);
#6396=ADVANCED_FACE('',(#504),#6119,.T.);
#6397=ADVANCED_FACE('',(#505),#6120,.T.);
#6398=ADVANCED_FACE('',(#506),#6121,.T.);
#6399=ADVANCED_FACE('',(#507),#6122,.F.);
#6400=ADVANCED_FACE('',(#508),#6123,.F.);
#6401=ADVANCED_FACE('',(#509),#6124,.F.);
#6402=ADVANCED_FACE('',(#510),#6125,.F.);
#6403=ADVANCED_FACE('',(#511),#6126,.F.);
#6404=ADVANCED_FACE('',(#512),#6127,.F.);
#6405=ADVANCED_FACE('',(#513),#6128,.F.);
#6406=ADVANCED_FACE('',(#514),#6129,.F.);
#6407=ADVANCED_FACE('',(#515),#6130,.F.);
#6408=ADVANCED_FACE('',(#516),#6131,.F.);
#6409=ADVANCED_FACE('',(#517),#6132,.F.);
#6410=ADVANCED_FACE('',(#518),#6133,.F.);
#6411=ADVANCED_FACE('',(#519),#6134,.F.);
#6412=ADVANCED_FACE('',(#520),#6135,.F.);
#6413=ADVANCED_FACE('',(#521),#6136,.F.);
#6414=ADVANCED_FACE('',(#522),#6137,.F.);
#6415=ADVANCED_FACE('',(#523),#6138,.F.);
#6416=ADVANCED_FACE('',(#524),#6139,.F.);
#6417=ADVANCED_FACE('',(#525),#263,.T.);
#6418=ADVANCED_FACE('',(#526),#6140,.F.);
#6419=ADVANCED_FACE('',(#527),#264,.T.);
#6420=ADVANCED_FACE('',(#528),#6141,.F.);
#6421=ADVANCED_FACE('',(#529),#6142,.F.);
#6422=ADVANCED_FACE('',(#530),#6143,.F.);
#6423=ADVANCED_FACE('',(#531),#6144,.T.);
#6424=ADVANCED_FACE('',(#532),#6145,.T.);
#6425=ADVANCED_FACE('',(#533),#6146,.T.);
#6426=ADVANCED_FACE('',(#534),#6147,.T.);
#6427=ADVANCED_FACE('',(#535,#33),#6148,.T.);
#6428=ADVANCED_FACE('',(#536),#44,.F.);
#6429=ADVANCED_FACE('',(#537),#265,.F.);
#6430=ADVANCED_FACE('',(#538),#45,.F.);
#6431=ADVANCED_FACE('',(#539,#34),#6149,.F.);
#6432=ADVANCED_FACE('',(#540),#266,.T.);
#6433=ADVANCED_FACE('',(#541),#6150,.T.);
#6434=ADVANCED_FACE('',(#542),#267,.T.);
#6435=ADVANCED_FACE('',(#543,#35),#6151,.T.);
#6436=ADVANCED_FACE('',(#544),#46,.F.);
#6437=ADVANCED_FACE('',(#545),#268,.F.);
#6438=ADVANCED_FACE('',(#546),#47,.F.);
#6439=ADVANCED_FACE('',(#547),#6152,.T.);
#6440=ADVANCED_FACE('',(#548),#6153,.T.);
#6441=ADVANCED_FACE('',(#549,#36),#6154,.T.);
#6442=ADVANCED_FACE('',(#550),#269,.F.);
#6443=ADVANCED_FACE('',(#551,#37),#6155,.F.);
#6444=ADVANCED_FACE('',(#552),#6156,.T.);
#6445=ADVANCED_FACE('',(#553),#6157,.F.);
#6446=ADVANCED_FACE('',(#554),#6158,.F.);
#6447=ADVANCED_FACE('',(#555),#270,.F.);
#6448=ADVANCED_FACE('',(#556),#271,.F.);
#6449=ADVANCED_FACE('',(#557),#6159,.F.);
#6450=ADVANCED_FACE('',(#558),#6160,.F.);
#6451=ADVANCED_FACE('',(#559),#272,.T.);
#6452=ADVANCED_FACE('',(#560),#273,.F.);
#6453=ADVANCED_FACE('',(#561),#6161,.F.);
#6454=ADVANCED_FACE('',(#562),#6162,.F.);
#6455=ADVANCED_FACE('',(#563),#274,.F.);
#6456=ADVANCED_FACE('',(#564),#275,.F.);
#6457=ADVANCED_FACE('',(#565),#6163,.F.);
#6458=ADVANCED_FACE('',(#566),#6164,.F.);
#6459=ADVANCED_FACE('',(#567),#276,.T.);
#6460=ADVANCED_FACE('',(#568),#277,.T.);
#6461=ADVANCED_FACE('',(#569),#6165,.F.);
#6462=ADVANCED_FACE('',(#570),#6166,.F.);
#6463=ADVANCED_FACE('',(#571),#278,.F.);
#6464=ADVANCED_FACE('',(#572),#6167,.F.);
#6465=ADVANCED_FACE('',(#573),#279,.T.);
#6466=ADVANCED_FACE('',(#574),#6168,.F.);
#6467=ADVANCED_FACE('',(#575),#280,.F.);
#6468=ADVANCED_FACE('',(#576),#6169,.F.);
#6469=ADVANCED_FACE('',(#577),#281,.T.);
#6470=ADVANCED_FACE('',(#578),#6170,.F.);
#6471=ADVANCED_FACE('',(#579),#6171,.F.);
#6472=ADVANCED_FACE('',(#580),#282,.F.);
#6473=ADVANCED_FACE('',(#581),#6172,.F.);
#6474=ADVANCED_FACE('',(#582),#6173,.F.);
#6475=ADVANCED_FACE('',(#583),#283,.T.);
#6476=ADVANCED_FACE('',(#584),#6174,.F.);
#6477=ADVANCED_FACE('',(#585),#284,.F.);
#6478=ADVANCED_FACE('',(#586),#6175,.F.);
#6479=ADVANCED_FACE('',(#587),#285,.T.);
#6480=ADVANCED_FACE('',(#588),#6176,.F.);
#6481=ADVANCED_FACE('',(#589),#286,.T.);
#6482=ADVANCED_FACE('',(#590),#6177,.F.);
#6483=ADVANCED_FACE('',(#591),#287,.F.);
#6484=ADVANCED_FACE('',(#592),#288,.F.);
#6485=ADVANCED_FACE('',(#593),#289,.T.);
#6486=ADVANCED_FACE('',(#594),#6178,.F.);
#6487=ADVANCED_FACE('',(#595,#38),#6179,.T.);
#6488=ADVANCED_FACE('',(#596,#39),#6180,.F.);
#6489=ADVANCED_FACE('',(#597),#290,.T.);
#6490=ADVANCED_FACE('',(#598),#291,.F.);
#6491=ADVANCED_FACE('',(#599),#292,.F.);
#6492=ADVANCED_FACE('',(#600),#6181,.F.);
#6493=ADVANCED_FACE('',(#601),#293,.T.);
#6494=ADVANCED_FACE('',(#602),#6182,.F.);
#6495=ADVANCED_FACE('',(#603),#294,.T.);
#6496=ADVANCED_FACE('',(#604),#6183,.F.);
#6497=ADVANCED_FACE('',(#605),#295,.F.);
#6498=ADVANCED_FACE('',(#606),#6184,.F.);
#6499=ADVANCED_FACE('',(#607),#296,.T.);
#6500=ADVANCED_FACE('',(#608),#6185,.F.);
#6501=ADVANCED_FACE('',(#609),#6186,.F.);
#6502=ADVANCED_FACE('',(#610),#297,.F.);
#6503=ADVANCED_FACE('',(#611),#6187,.F.);
#6504=ADVANCED_FACE('',(#612),#6188,.F.);
#6505=ADVANCED_FACE('',(#613),#298,.T.);
#6506=ADVANCED_FACE('',(#614),#6189,.F.);
#6507=ADVANCED_FACE('',(#615),#299,.F.);
#6508=ADVANCED_FACE('',(#616),#6190,.F.);
#6509=ADVANCED_FACE('',(#617),#300,.T.);
#6510=ADVANCED_FACE('',(#618),#6191,.F.);
#6511=ADVANCED_FACE('',(#619),#301,.F.);
#6512=ADVANCED_FACE('',(#620),#6192,.F.);
#6513=ADVANCED_FACE('',(#621),#302,.F.);
#6514=ADVANCED_FACE('',(#622),#303,.T.);
#6515=ADVANCED_FACE('',(#623),#304,.T.);
#6516=ADVANCED_FACE('',(#624),#6193,.F.);
#6517=ADVANCED_FACE('',(#625),#6194,.F.);
#6518=ADVANCED_FACE('',(#626),#305,.F.);
#6519=ADVANCED_FACE('',(#627),#306,.F.);
#6520=ADVANCED_FACE('',(#628),#6195,.F.);
#6521=ADVANCED_FACE('',(#629),#6196,.F.);
#6522=ADVANCED_FACE('',(#630),#307,.F.);
#6523=ADVANCED_FACE('',(#631),#308,.T.);
#6524=ADVANCED_FACE('',(#632),#6197,.F.);
#6525=ADVANCED_FACE('',(#633),#6198,.F.);
#6526=ADVANCED_FACE('',(#634),#309,.F.);
#6527=ADVANCED_FACE('',(#635),#310,.F.);
#6528=ADVANCED_FACE('',(#636),#6199,.F.);
#6529=ADVANCED_FACE('',(#637),#6200,.F.);
#6530=ADVANCED_FACE('',(#638),#6201,.T.);
#6531=ADVANCED_FACE('',(#639),#6202,.T.);
#6532=CLOSED_SHELL('',(#6203,#6204,#6205,#6206,#6207,#6208,#6209,#6210,
#6211,#6212,#6213,#6214,#6215,#6216,#6217,#6218,#6219,#6220,#6221,#6222,
#6223,#6224,#6225,#6226,#6227,#6228,#6229,#6230,#6231,#6232,#6233,#6234,
#6235,#6236,#6237,#6238,#6239,#6240,#6241,#6242,#6243,#6244,#6245,#6246,
#6247,#6248,#6249,#6250,#6251,#6252,#6253,#6254,#6255,#6256,#6257,#6258,
#6259,#6260,#6261,#6262,#6263,#6264,#6265,#6266,#6267,#6268,#6269,#6270,
#6271,#6272,#6273,#6274,#6275,#6276,#6277,#6278,#6279,#6280,#6281,#6282,
#6283,#6284,#6285,#6286,#6287,#6288,#6289,#6290));
#6533=CLOSED_SHELL('',(#6291,#6292,#6293,#6294,#6295,#6296,#6297,#6298,
#6299,#6300,#6301,#6302,#6303,#6304,#6305,#6306,#6307,#6308,#6309,#6310,
#6311,#6312,#6313,#6314,#6315,#6316,#6317,#6318,#6319,#6320,#6321,#6322,
#6323,#6324,#6325,#6326,#6327,#6328));
#6534=CLOSED_SHELL('',(#6329,#6330,#6331,#6332,#6333,#6334,#6335,#6336,
#6337,#6338,#6339,#6340,#6341,#6342,#6343,#6344,#6345,#6346,#6347,#6348,
#6349,#6350,#6351,#6352,#6353,#6354,#6355,#6356,#6357,#6358,#6359,#6360,
#6361,#6362,#6363,#6364,#6365,#6366,#6367,#6368,#6369,#6370,#6371,#6372,
#6373,#6374,#6375,#6376,#6377,#6378,#6379,#6380,#6381,#6382,#6383,#6384,
#6385,#6386,#6387,#6388,#6389,#6390,#6391,#6392,#6393,#6394,#6395,#6396,
#6397,#6398,#6399,#6400,#6401,#6402,#6403,#6404,#6405,#6406,#6407,#6408,
#6409,#6410,#6411,#6412,#6413,#6414,#6415,#6416,#6417,#6418,#6419,#6420,
#6421,#6422,#6423,#6424,#6425,#6426,#6427,#6428,#6429,#6430,#6431,#6432,
#6433,#6434,#6435,#6436,#6437,#6438,#6439,#6440,#6441,#6442,#6443,#6444,
#6445,#6446,#6447,#6448,#6449,#6450,#6451,#6452,#6453,#6454,#6455,#6456,
#6457,#6458,#6459,#6460,#6461,#6462,#6463,#6464,#6465,#6466,#6467,#6468,
#6469,#6470,#6471,#6472,#6473,#6474,#6475,#6476,#6477,#6478,#6479,#6480,
#6481,#6482,#6483,#6484,#6485,#6486,#6487,#6488,#6489,#6490,#6491,#6492,
#6493,#6494,#6495,#6496,#6497,#6498,#6499,#6500,#6501,#6502,#6503,#6504,
#6505,#6506,#6507,#6508,#6509,#6510,#6511,#6512,#6513,#6514,#6515,#6516,
#6517,#6518,#6519,#6520,#6521,#6522,#6523,#6524,#6525,#6526,#6527,#6528,
#6529,#6530,#6531));
#6535=DERIVED_UNIT_ELEMENT(#6537,1.);
#6536=DERIVED_UNIT_ELEMENT(#11148,-3.);
#6537=(
MASS_UNIT()
NAMED_UNIT(*)
SI_UNIT(.KILO.,.GRAM.)
);
#6538=DERIVED_UNIT((#6535,#6536));
#6539=MEASURE_REPRESENTATION_ITEM('density measure',
POSITIVE_RATIO_MEASURE(7850.),#6538);
#6540=PROPERTY_DEFINITION_REPRESENTATION(#6545,#6542);
#6541=PROPERTY_DEFINITION_REPRESENTATION(#6546,#6543);
#6542=REPRESENTATION('material name',(#6544),#11145);
#6543=REPRESENTATION('density',(#6539),#11145);
#6544=DESCRIPTIVE_REPRESENTATION_ITEM('\X2\94A2\X0\','\X2\94A2\X0\');
#6545=PROPERTY_DEFINITION('material property','material name',#11155);
#6546=PROPERTY_DEFINITION('material property','density of part',#11155);
#6547=AXIS2_PLACEMENT_3D('',#8691,#7009,#7010);
#6548=AXIS2_PLACEMENT_3D('',#8692,#7011,#7012);
#6549=AXIS2_PLACEMENT_3D('',#8701,#7017,#7018);
#6550=AXIS2_PLACEMENT_3D('',#8710,#7023,#7024);
#6551=AXIS2_PLACEMENT_3D('',#8848,#7094,#7095);
#6552=AXIS2_PLACEMENT_3D('',#8857,#7101,#7102);
#6553=AXIS2_PLACEMENT_3D('',#8993,#7171,#7172);
#6554=AXIS2_PLACEMENT_3D('',#8997,#7175,#7176);
#6555=AXIS2_PLACEMENT_3D('',#9001,#7179,#7180);
#6556=AXIS2_PLACEMENT_3D('',#9011,#7186,#7187);
#6557=AXIS2_PLACEMENT_3D('',#9014,#7188,#7189);
#6558=AXIS2_PLACEMENT_3D('',#9018,#7191,#7192);
#6559=AXIS2_PLACEMENT_3D('',#9020,#7194,#7195);
#6560=AXIS2_PLACEMENT_3D('',#9026,#7199,#7200);
#6561=AXIS2_PLACEMENT_3D('',#9031,#7203,#7204);
#6562=AXIS2_PLACEMENT_3D('',#9035,#7206,#7207);
#6563=AXIS2_PLACEMENT_3D('',#9039,#7209,#7210);
#6564=AXIS2_PLACEMENT_3D('',#9042,#7212,#7213);
#6565=AXIS2_PLACEMENT_3D('',#9043,#7214,#7215);
#6566=AXIS2_PLACEMENT_3D('',#9046,#7217,#7218);
#6567=AXIS2_PLACEMENT_3D('',#9047,#7219,#7220);
#6568=AXIS2_PLACEMENT_3D('',#9051,#7223,#7224);
#6569=AXIS2_PLACEMENT_3D('',#9055,#7226,#7227);
#6570=AXIS2_PLACEMENT_3D('',#9059,#7229,#7230);
#6571=AXIS2_PLACEMENT_3D('',#9062,#7232,#7233);
#6572=AXIS2_PLACEMENT_3D('',#9064,#7235,#7236);
#6573=AXIS2_PLACEMENT_3D('',#9066,#7238,#7239);
#6574=AXIS2_PLACEMENT_3D('',#9068,#7241,#7242);
#6575=AXIS2_PLACEMENT_3D('',#9070,#7244,#7245);
#6576=AXIS2_PLACEMENT_3D('',#9072,#7247,#7248);
#6577=AXIS2_PLACEMENT_3D('',#9074,#7250,#7251);
#6578=AXIS2_PLACEMENT_3D('',#9075,#7252,#7253);
#6579=AXIS2_PLACEMENT_3D('',#9077,#7255,#7256);
#6580=AXIS2_PLACEMENT_3D('',#9080,#7259,#7260);
#6581=AXIS2_PLACEMENT_3D('',#9082,#7262,#7263);
#6582=AXIS2_PLACEMENT_3D('',#9084,#7265,#7266);
#6583=AXIS2_PLACEMENT_3D('',#9086,#7268,#7269);
#6584=AXIS2_PLACEMENT_3D('',#9088,#7271,#7272);
#6585=AXIS2_PLACEMENT_3D('',#9090,#7274,#7275);
#6586=AXIS2_PLACEMENT_3D('',#9092,#7277,#7278);
#6587=AXIS2_PLACEMENT_3D('',#9094,#7280,#7281);
#6588=AXIS2_PLACEMENT_3D('',#9096,#7283,#7284);
#6589=AXIS2_PLACEMENT_3D('',#9098,#7286,#7287);
#6590=AXIS2_PLACEMENT_3D('',#9100,#7289,#7290);
#6591=AXIS2_PLACEMENT_3D('',#9102,#7292,#7293);
#6592=AXIS2_PLACEMENT_3D('',#9104,#7295,#7296);
#6593=AXIS2_PLACEMENT_3D('',#9106,#7298,#7299);
#6594=AXIS2_PLACEMENT_3D('',#9108,#7301,#7302);
#6595=AXIS2_PLACEMENT_3D('',#9110,#7304,#7305);
#6596=AXIS2_PLACEMENT_3D('',#9112,#7307,#7308);
#6597=AXIS2_PLACEMENT_3D('',#9114,#7310,#7311);
#6598=AXIS2_PLACEMENT_3D('',#9116,#7313,#7314);
#6599=AXIS2_PLACEMENT_3D('',#9118,#7316,#7317);
#6600=AXIS2_PLACEMENT_3D('',#9120,#7319,#7320);
#6601=AXIS2_PLACEMENT_3D('',#9122,#7322,#7323);
#6602=AXIS2_PLACEMENT_3D('',#9124,#7325,#7326);
#6603=AXIS2_PLACEMENT_3D('',#9126,#7328,#7329);
#6604=AXIS2_PLACEMENT_3D('',#9128,#7331,#7332);
#6605=AXIS2_PLACEMENT_3D('',#9130,#7334,#7335);
#6606=AXIS2_PLACEMENT_3D('',#9132,#7337,#7338);
#6607=AXIS2_PLACEMENT_3D('',#9134,#7340,#7341);
#6608=AXIS2_PLACEMENT_3D('',#9136,#7343,#7344);
#6609=AXIS2_PLACEMENT_3D('',#9138,#7346,#7347);
#6610=AXIS2_PLACEMENT_3D('',#9140,#7349,#7350);
#6611=AXIS2_PLACEMENT_3D('',#9142,#7352,#7353);
#6612=AXIS2_PLACEMENT_3D('',#9144,#7355,#7356);
#6613=AXIS2_PLACEMENT_3D('',#9145,#7357,#7358);
#6614=AXIS2_PLACEMENT_3D('',#9148,#7361,#7362);
#6615=AXIS2_PLACEMENT_3D('',#9150,#7364,#7365);
#6616=AXIS2_PLACEMENT_3D('',#9152,#7367,#7368);
#6617=AXIS2_PLACEMENT_3D('',#9154,#7370,#7371);
#6618=AXIS2_PLACEMENT_3D('',#9156,#7373,#7374);
#6619=AXIS2_PLACEMENT_3D('',#9158,#7376,#7377);
#6620=AXIS2_PLACEMENT_3D('',#9160,#7379,#7380);
#6621=AXIS2_PLACEMENT_3D('',#9162,#7382,#7383);
#6622=AXIS2_PLACEMENT_3D('',#9164,#7385,#7386);
#6623=AXIS2_PLACEMENT_3D('',#9166,#7388,#7389);
#6624=AXIS2_PLACEMENT_3D('',#9168,#7391,#7392);
#6625=AXIS2_PLACEMENT_3D('',#9170,#7394,#7395);
#6626=AXIS2_PLACEMENT_3D('',#9172,#7397,#7398);
#6627=AXIS2_PLACEMENT_3D('',#9174,#7400,#7401);
#6628=AXIS2_PLACEMENT_3D('',#9176,#7403,#7404);
#6629=AXIS2_PLACEMENT_3D('',#9178,#7406,#7407);
#6630=AXIS2_PLACEMENT_3D('',#9180,#7409,#7410);
#6631=AXIS2_PLACEMENT_3D('',#9182,#7412,#7413);
#6632=AXIS2_PLACEMENT_3D('',#9184,#7415,#7416);
#6633=AXIS2_PLACEMENT_3D('',#9186,#7418,#7419);
#6634=AXIS2_PLACEMENT_3D('',#9188,#7421,#7422);
#6635=AXIS2_PLACEMENT_3D('',#9190,#7424,#7425);
#6636=AXIS2_PLACEMENT_3D('',#9192,#7427,#7428);
#6637=AXIS2_PLACEMENT_3D('',#9194,#7430,#7431);
#6638=AXIS2_PLACEMENT_3D('',#9196,#7433,#7434);
#6639=AXIS2_PLACEMENT_3D('',#9198,#7436,#7437);
#6640=AXIS2_PLACEMENT_3D('',#9200,#7439,#7440);
#6641=AXIS2_PLACEMENT_3D('',#9202,#7442,#7443);
#6642=AXIS2_PLACEMENT_3D('',#9204,#7445,#7446);
#6643=AXIS2_PLACEMENT_3D('',#9206,#7448,#7449);
#6644=AXIS2_PLACEMENT_3D('',#9208,#7451,#7452);
#6645=AXIS2_PLACEMENT_3D('',#9209,#7453,#7454);
#6646=AXIS2_PLACEMENT_3D('',#9210,#7455,#7456);
#6647=AXIS2_PLACEMENT_3D('',#9213,#7457,#7458);
#6648=AXIS2_PLACEMENT_3D('',#9293,#7459,#7460);
#6649=AXIS2_PLACEMENT_3D('',#9373,#7463,#7464);
#6650=AXIS2_PLACEMENT_3D('',#9384,#7465,#7466);
#6651=AXIS2_PLACEMENT_3D('',#9386,#7467,#7468);
#6652=AXIS2_PLACEMENT_3D('',#9389,#7470,#7471);
#6653=AXIS2_PLACEMENT_3D('',#9390,#7472,#7473);
#6654=AXIS2_PLACEMENT_3D('',#9393,#7474,#7475);
#6655=AXIS2_PLACEMENT_3D('',#9395,#7477,#7478);
#6656=AXIS2_PLACEMENT_3D('',#9396,#7479,#7480);
#6657=AXIS2_PLACEMENT_3D('',#9400,#7482,#7483);
#6658=AXIS2_PLACEMENT_3D('',#9401,#7484,#7485);
#6659=AXIS2_PLACEMENT_3D('',#9402,#7486,#7487);
#6660=AXIS2_PLACEMENT_3D('',#9404,#7488,#7489);
#6661=AXIS2_PLACEMENT_3D('',#9406,#7491,#7492);
#6662=AXIS2_PLACEMENT_3D('',#9407,#7493,#7494);
#6663=AXIS2_PLACEMENT_3D('',#9409,#7495,#7496);
#6664=AXIS2_PLACEMENT_3D('',#9411,#7498,#7499);
#6665=AXIS2_PLACEMENT_3D('',#9414,#7500,#7501);
#6666=AXIS2_PLACEMENT_3D('',#9434,#7502,#7503);
#6667=AXIS2_PLACEMENT_3D('',#9439,#7504,#7505);
#6668=AXIS2_PLACEMENT_3D('',#9442,#7506,#7507);
#6669=AXIS2_PLACEMENT_3D('',#9520,#7513,#7514);
#6670=AXIS2_PLACEMENT_3D('',#9525,#7515,#7516);
#6671=AXIS2_PLACEMENT_3D('',#9571,#7517,#7518);
#6672=AXIS2_PLACEMENT_3D('',#9630,#7521,#7522);
#6673=AXIS2_PLACEMENT_3D('',#9851,#7532,#7533);
#6674=AXIS2_PLACEMENT_3D('',#9855,#7535,#7536);
#6675=AXIS2_PLACEMENT_3D('',#9857,#7538,#7539);
#6676=AXIS2_PLACEMENT_3D('',#9861,#7541,#7542);
#6677=AXIS2_PLACEMENT_3D('',#9931,#7545,#7546);
#6678=AXIS2_PLACEMENT_3D('',#9933,#7547,#7548);
#6679=AXIS2_PLACEMENT_3D('',#9934,#7549,#7550);
#6680=AXIS2_PLACEMENT_3D('',#9937,#7551,#7552);
#6681=AXIS2_PLACEMENT_3D('',#9939,#7554,#7555);
#6682=AXIS2_PLACEMENT_3D('',#9940,#7556,#7557);
#6683=AXIS2_PLACEMENT_3D('',#9942,#7558,#7559);
#6684=AXIS2_PLACEMENT_3D('',#9943,#7560,#7561);
#6685=AXIS2_PLACEMENT_3D('',#9947,#7563,#7564);
#6686=AXIS2_PLACEMENT_3D('',#9948,#7565,#7566);
#6687=AXIS2_PLACEMENT_3D('',#9949,#7567,#7568);
#6688=AXIS2_PLACEMENT_3D('',#9951,#7569,#7570);
#6689=AXIS2_PLACEMENT_3D('',#9953,#7572,#7573);
#6690=AXIS2_PLACEMENT_3D('',#9956,#7575,#7576);
#6691=AXIS2_PLACEMENT_3D('',#9957,#7577,#7578);
#6692=AXIS2_PLACEMENT_3D('',#9959,#7580,#7581);
#6693=AXIS2_PLACEMENT_3D('',#9968,#7586,#7587);
#6694=AXIS2_PLACEMENT_3D('',#9979,#7592,#7593);
#6695=AXIS2_PLACEMENT_3D('',#10116,#7662,#7663);
#6696=AXIS2_PLACEMENT_3D('',#10117,#7664,#7665);
#6697=AXIS2_PLACEMENT_3D('',#10119,#7666,#7667);
#6698=AXIS2_PLACEMENT_3D('',#10123,#7669,#7670);
#6699=AXIS2_PLACEMENT_3D('',#10127,#7672,#7673);
#6700=AXIS2_PLACEMENT_3D('',#10135,#7677,#7678);
#6701=AXIS2_PLACEMENT_3D('',#10139,#7680,#7681);
#6702=AXIS2_PLACEMENT_3D('',#10142,#7683,#7684);
#6703=AXIS2_PLACEMENT_3D('',#10143,#7685,#7686);
#6704=AXIS2_PLACEMENT_3D('',#10153,#7692,#7693);
#6705=AXIS2_PLACEMENT_3D('',#10163,#7699,#7700);
#6706=AXIS2_PLACEMENT_3D('',#10169,#7704,#7705);
#6707=AXIS2_PLACEMENT_3D('',#10178,#7710,#7711);
#6708=AXIS2_PLACEMENT_3D('',#10187,#7716,#7717);
#6709=AXIS2_PLACEMENT_3D('',#10189,#7718,#7719);
#6710=AXIS2_PLACEMENT_3D('',#10192,#7721,#7722);
#6711=AXIS2_PLACEMENT_3D('',#10193,#7723,#7724);
#6712=AXIS2_PLACEMENT_3D('',#10199,#7728,#7729);
#6713=AXIS2_PLACEMENT_3D('',#10208,#7734,#7735);
#6714=AXIS2_PLACEMENT_3D('',#10210,#7736,#7737);
#6715=AXIS2_PLACEMENT_3D('',#10212,#7738,#7739);
#6716=AXIS2_PLACEMENT_3D('',#10214,#7741,#7742);
#6717=AXIS2_PLACEMENT_3D('',#10220,#7746,#7747);
#6718=AXIS2_PLACEMENT_3D('',#10229,#7752,#7753);
#6719=AXIS2_PLACEMENT_3D('',#10236,#7758,#7759);
#6720=AXIS2_PLACEMENT_3D('',#10238,#7760,#7761);
#6721=AXIS2_PLACEMENT_3D('',#10240,#7762,#7763);
#6722=AXIS2_PLACEMENT_3D('',#10242,#7765,#7766);
#6723=AXIS2_PLACEMENT_3D('',#10248,#7770,#7771);
#6724=AXIS2_PLACEMENT_3D('',#10250,#7772,#7773);
#6725=AXIS2_PLACEMENT_3D('',#10252,#7774,#7775);
#6726=AXIS2_PLACEMENT_3D('',#10254,#7777,#7778);
#6727=AXIS2_PLACEMENT_3D('',#10260,#7782,#7783);
#6728=AXIS2_PLACEMENT_3D('',#10266,#7787,#7788);
#6729=AXIS2_PLACEMENT_3D('',#10272,#7792,#7793);
#6730=AXIS2_PLACEMENT_3D('',#10276,#7796,#7797);
#6731=AXIS2_PLACEMENT_3D('',#10282,#7801,#7802);
#6732=AXIS2_PLACEMENT_3D('',#10286,#7805,#7806);
#6733=AXIS2_PLACEMENT_3D('',#10290,#7809,#7810);
#6734=AXIS2_PLACEMENT_3D('',#10296,#7814,#7815);
#6735=AXIS2_PLACEMENT_3D('',#10300,#7818,#7819);
#6736=AXIS2_PLACEMENT_3D('',#10304,#7822,#7823);
#6737=AXIS2_PLACEMENT_3D('',#10310,#7827,#7828);
#6738=AXIS2_PLACEMENT_3D('',#10314,#7831,#7832);
#6739=AXIS2_PLACEMENT_3D('',#10318,#7835,#7836);
#6740=AXIS2_PLACEMENT_3D('',#10324,#7840,#7841);
#6741=AXIS2_PLACEMENT_3D('',#10328,#7844,#7845);
#6742=AXIS2_PLACEMENT_3D('',#10332,#7848,#7849);
#6743=AXIS2_PLACEMENT_3D('',#10338,#7853,#7854);
#6744=AXIS2_PLACEMENT_3D('',#10342,#7857,#7858);
#6745=AXIS2_PLACEMENT_3D('',#10346,#7861,#7862);
#6746=AXIS2_PLACEMENT_3D('',#10352,#7866,#7867);
#6747=AXIS2_PLACEMENT_3D('',#10356,#7870,#7871);
#6748=AXIS2_PLACEMENT_3D('',#10360,#7874,#7875);
#6749=AXIS2_PLACEMENT_3D('',#10366,#7879,#7880);
#6750=AXIS2_PLACEMENT_3D('',#10370,#7883,#7884);
#6751=AXIS2_PLACEMENT_3D('',#10374,#7887,#7888);
#6752=AXIS2_PLACEMENT_3D('',#10380,#7892,#7893);
#6753=AXIS2_PLACEMENT_3D('',#10384,#7896,#7897);
#6754=AXIS2_PLACEMENT_3D('',#10388,#7900,#7901);
#6755=AXIS2_PLACEMENT_3D('',#10394,#7905,#7906);
#6756=AXIS2_PLACEMENT_3D('',#10398,#7909,#7910);
#6757=AXIS2_PLACEMENT_3D('',#10400,#7912,#7913);
#6758=AXIS2_PLACEMENT_3D('',#10406,#7917,#7918);
#6759=AXIS2_PLACEMENT_3D('',#10410,#7921,#7922);
#6760=AXIS2_PLACEMENT_3D('',#10414,#7925,#7926);
#6761=AXIS2_PLACEMENT_3D('',#10420,#7930,#7931);
#6762=AXIS2_PLACEMENT_3D('',#10424,#7934,#7935);
#6763=AXIS2_PLACEMENT_3D('',#10428,#7938,#7939);
#6764=AXIS2_PLACEMENT_3D('',#10434,#7943,#7944);
#6765=AXIS2_PLACEMENT_3D('',#10438,#7947,#7948);
#6766=AXIS2_PLACEMENT_3D('',#10442,#7951,#7952);
#6767=AXIS2_PLACEMENT_3D('',#10448,#7956,#7957);
#6768=AXIS2_PLACEMENT_3D('',#10452,#7960,#7961);
#6769=AXIS2_PLACEMENT_3D('',#10456,#7964,#7965);
#6770=AXIS2_PLACEMENT_3D('',#10462,#7969,#7970);
#6771=AXIS2_PLACEMENT_3D('',#10466,#7973,#7974);
#6772=AXIS2_PLACEMENT_3D('',#10470,#7977,#7978);
#6773=AXIS2_PLACEMENT_3D('',#10476,#7982,#7983);
#6774=AXIS2_PLACEMENT_3D('',#10480,#7986,#7987);
#6775=AXIS2_PLACEMENT_3D('',#10484,#7990,#7991);
#6776=AXIS2_PLACEMENT_3D('',#10488,#7994,#7995);
#6777=AXIS2_PLACEMENT_3D('',#10492,#7998,#7999);
#6778=AXIS2_PLACEMENT_3D('',#10496,#8002,#8003);
#6779=AXIS2_PLACEMENT_3D('',#10498,#8005,#8006);
#6780=AXIS2_PLACEMENT_3D('',#10500,#8008,#8009);
#6781=AXIS2_PLACEMENT_3D('',#10502,#8011,#8012);
#6782=AXIS2_PLACEMENT_3D('',#10504,#8014,#8015);
#6783=AXIS2_PLACEMENT_3D('',#10506,#8017,#8018);
#6784=AXIS2_PLACEMENT_3D('',#10508,#8020,#8021);
#6785=AXIS2_PLACEMENT_3D('',#10510,#8023,#8024);
#6786=AXIS2_PLACEMENT_3D('',#10512,#8026,#8027);
#6787=AXIS2_PLACEMENT_3D('',#10514,#8029,#8030);
#6788=AXIS2_PLACEMENT_3D('',#10516,#8032,#8033);
#6789=AXIS2_PLACEMENT_3D('',#10518,#8035,#8036);
#6790=AXIS2_PLACEMENT_3D('',#10522,#8039,#8040);
#6791=AXIS2_PLACEMENT_3D('',#10524,#8042,#8043);
#6792=AXIS2_PLACEMENT_3D('',#10526,#8045,#8046);
#6793=AXIS2_PLACEMENT_3D('',#10528,#8048,#8049);
#6794=AXIS2_PLACEMENT_3D('',#10530,#8051,#8052);
#6795=AXIS2_PLACEMENT_3D('',#10536,#8056,#8057);
#6796=AXIS2_PLACEMENT_3D('',#10542,#8061,#8062);
#6797=AXIS2_PLACEMENT_3D('',#10544,#8063,#8064);
#6798=AXIS2_PLACEMENT_3D('',#10546,#8065,#8066);
#6799=AXIS2_PLACEMENT_3D('',#10548,#8068,#8069);
#6800=AXIS2_PLACEMENT_3D('',#10554,#8073,#8074);
#6801=AXIS2_PLACEMENT_3D('',#10555,#8075,#8076);
#6802=AXIS2_PLACEMENT_3D('',#10556,#8077,#8078);
#6803=AXIS2_PLACEMENT_3D('',#10557,#8079,#8080);
#6804=AXIS2_PLACEMENT_3D('',#10561,#8083,#8084);
#6805=AXIS2_PLACEMENT_3D('',#10565,#8087,#8088);
#6806=AXIS2_PLACEMENT_3D('',#10568,#8091,#8092);
#6807=AXIS2_PLACEMENT_3D('',#10573,#8096,#8097);
#6808=AXIS2_PLACEMENT_3D('',#10575,#8099,#8100);
#6809=AXIS2_PLACEMENT_3D('',#10581,#8104,#8105);
#6810=AXIS2_PLACEMENT_3D('',#10587,#8109,#8110);
#6811=AXIS2_PLACEMENT_3D('',#10591,#8113,#8114);
#6812=AXIS2_PLACEMENT_3D('',#10593,#8115,#8116);
#6813=AXIS2_PLACEMENT_3D('',#10594,#8117,#8118);
#6814=AXIS2_PLACEMENT_3D('',#10597,#8120,#8121);
#6815=AXIS2_PLACEMENT_3D('',#10598,#8122,#8123);
#6816=AXIS2_PLACEMENT_3D('',#10601,#8125,#8126);
#6817=AXIS2_PLACEMENT_3D('',#10602,#8127,#8128);
#6818=AXIS2_PLACEMENT_3D('',#10605,#8130,#8131);
#6819=AXIS2_PLACEMENT_3D('',#10606,#8132,#8133);
#6820=AXIS2_PLACEMENT_3D('',#10608,#8134,#8135);
#6821=AXIS2_PLACEMENT_3D('',#10610,#8137,#8138);
#6822=AXIS2_PLACEMENT_3D('',#10612,#8140,#8141);
#6823=AXIS2_PLACEMENT_3D('',#10616,#8144,#8145);
#6824=AXIS2_PLACEMENT_3D('',#10618,#8146,#8147);
#6825=AXIS2_PLACEMENT_3D('',#10620,#8149,#8150);
#6826=AXIS2_PLACEMENT_3D('',#10623,#8152,#8153);
#6827=AXIS2_PLACEMENT_3D('',#10624,#8154,#8155);
#6828=AXIS2_PLACEMENT_3D('',#10626,#8156,#8157);
#6829=AXIS2_PLACEMENT_3D('',#10628,#8159,#8160);
#6830=AXIS2_PLACEMENT_3D('',#10630,#8161,#8162);
#6831=AXIS2_PLACEMENT_3D('',#10632,#8164,#8165);
#6832=AXIS2_PLACEMENT_3D('',#10634,#8167,#8168);
#6833=AXIS2_PLACEMENT_3D('',#10637,#8171,#8172);
#6834=AXIS2_PLACEMENT_3D('',#10639,#8174,#8175);
#6835=AXIS2_PLACEMENT_3D('',#10641,#8176,#8177);
#6836=AXIS2_PLACEMENT_3D('',#10645,#8179,#8180);
#6837=AXIS2_PLACEMENT_3D('',#10649,#8182,#8183);
#6838=AXIS2_PLACEMENT_3D('',#10653,#8185,#8186);
#6839=AXIS2_PLACEMENT_3D('',#10657,#8188,#8189);
#6840=AXIS2_PLACEMENT_3D('',#10663,#8192,#8193);
#6841=AXIS2_PLACEMENT_3D('',#10669,#8196,#8197);
#6842=AXIS2_PLACEMENT_3D('',#10673,#8199,#8200);
#6843=AXIS2_PLACEMENT_3D('',#10677,#8202,#8203);
#6844=AXIS2_PLACEMENT_3D('',#10681,#8205,#8206);
#6845=AXIS2_PLACEMENT_3D('',#10685,#8208,#8209);
#6846=AXIS2_PLACEMENT_3D('',#10687,#8210,#8211);
#6847=AXIS2_PLACEMENT_3D('',#10689,#8212,#8213);
#6848=AXIS2_PLACEMENT_3D('',#10693,#8215,#8216);
#6849=AXIS2_PLACEMENT_3D('',#10695,#8217,#8218);
#6850=AXIS2_PLACEMENT_3D('',#10701,#8221,#8222);
#6851=AXIS2_PLACEMENT_3D('',#10705,#8224,#8225);
#6852=AXIS2_PLACEMENT_3D('',#10709,#8227,#8228);
#6853=AXIS2_PLACEMENT_3D('',#10713,#8230,#8231);
#6854=AXIS2_PLACEMENT_3D('',#10717,#8233,#8234);
#6855=AXIS2_PLACEMENT_3D('',#10720,#8236,#8237);
#6856=AXIS2_PLACEMENT_3D('',#10721,#8238,#8239);
#6857=AXIS2_PLACEMENT_3D('',#10723,#8240,#8241);
#6858=AXIS2_PLACEMENT_3D('',#10725,#8243,#8244);
#6859=AXIS2_PLACEMENT_3D('',#10730,#8247,#8248);
#6860=AXIS2_PLACEMENT_3D('',#10732,#8249,#8250);
#6861=AXIS2_PLACEMENT_3D('',#10736,#8252,#8253);
#6862=AXIS2_PLACEMENT_3D('',#10738,#8254,#8255);
#6863=AXIS2_PLACEMENT_3D('',#10740,#8256,#8257);
#6864=AXIS2_PLACEMENT_3D('',#10744,#8259,#8260);
#6865=AXIS2_PLACEMENT_3D('',#10748,#8262,#8263);
#6866=AXIS2_PLACEMENT_3D('',#10752,#8265,#8266);
#6867=AXIS2_PLACEMENT_3D('',#10756,#8268,#8269);
#6868=AXIS2_PLACEMENT_3D('',#10762,#8272,#8273);
#6869=AXIS2_PLACEMENT_3D('',#10768,#8276,#8277);
#6870=AXIS2_PLACEMENT_3D('',#10772,#8279,#8280);
#6871=AXIS2_PLACEMENT_3D('',#10776,#8282,#8283);
#6872=AXIS2_PLACEMENT_3D('',#10780,#8285,#8286);
#6873=AXIS2_PLACEMENT_3D('',#10786,#8289,#8290);
#6874=AXIS2_PLACEMENT_3D('',#10790,#8292,#8293);
#6875=AXIS2_PLACEMENT_3D('',#10794,#8295,#8296);
#6876=AXIS2_PLACEMENT_3D('',#10798,#8298,#8299);
#6877=AXIS2_PLACEMENT_3D('',#10802,#8301,#8302);
#6878=AXIS2_PLACEMENT_3D('',#10805,#8304,#8305);
#6879=AXIS2_PLACEMENT_3D('',#10806,#8306,#8307);
#6880=AXIS2_PLACEMENT_3D('',#10812,#8311,#8312);
#6881=AXIS2_PLACEMENT_3D('',#10814,#8314,#8315);
#6882=AXIS2_PLACEMENT_3D('',#10817,#8318,#8319);
#6883=AXIS2_PLACEMENT_3D('',#10819,#8321,#8322);
#6884=AXIS2_PLACEMENT_3D('',#10821,#8324,#8325);
#6885=AXIS2_PLACEMENT_3D('',#10823,#8327,#8328);
#6886=AXIS2_PLACEMENT_3D('',#10825,#8330,#8331);
#6887=AXIS2_PLACEMENT_3D('',#10827,#8333,#8334);
#6888=AXIS2_PLACEMENT_3D('',#10829,#8336,#8337);
#6889=AXIS2_PLACEMENT_3D('',#10831,#8339,#8340);
#6890=AXIS2_PLACEMENT_3D('',#10833,#8342,#8343);
#6891=AXIS2_PLACEMENT_3D('',#10835,#8345,#8346);
#6892=AXIS2_PLACEMENT_3D('',#10837,#8348,#8349);
#6893=AXIS2_PLACEMENT_3D('',#10838,#8350,#8351);
#6894=AXIS2_PLACEMENT_3D('',#10841,#8354,#8355);
#6895=AXIS2_PLACEMENT_3D('',#10843,#8357,#8358);
#6896=AXIS2_PLACEMENT_3D('',#10845,#8360,#8361);
#6897=AXIS2_PLACEMENT_3D('',#10846,#8362,#8363);
#6898=AXIS2_PLACEMENT_3D('',#10848,#8365,#8366);
#6899=AXIS2_PLACEMENT_3D('',#10850,#8368,#8369);
#6900=AXIS2_PLACEMENT_3D('',#10852,#8371,#8372);
#6901=AXIS2_PLACEMENT_3D('',#10854,#8374,#8375);
#6902=AXIS2_PLACEMENT_3D('',#10856,#8377,#8378);
#6903=AXIS2_PLACEMENT_3D('',#10858,#8380,#8381);
#6904=AXIS2_PLACEMENT_3D('',#10860,#8383,#8384);
#6905=AXIS2_PLACEMENT_3D('',#10862,#8386,#8387);
#6906=AXIS2_PLACEMENT_3D('',#10864,#8389,#8390);
#6907=AXIS2_PLACEMENT_3D('',#10866,#8392,#8393);
#6908=AXIS2_PLACEMENT_3D('',#10868,#8395,#8396);
#6909=AXIS2_PLACEMENT_3D('',#10870,#8398,#8399);
#6910=AXIS2_PLACEMENT_3D('',#10872,#8401,#8402);
#6911=AXIS2_PLACEMENT_3D('',#10874,#8404,#8405);
#6912=AXIS2_PLACEMENT_3D('',#10876,#8407,#8408);
#6913=AXIS2_PLACEMENT_3D('',#10878,#8410,#8411);
#6914=AXIS2_PLACEMENT_3D('',#10880,#8413,#8414);
#6915=AXIS2_PLACEMENT_3D('',#10882,#8416,#8417);
#6916=AXIS2_PLACEMENT_3D('',#10884,#8419,#8420);
#6917=AXIS2_PLACEMENT_3D('',#10886,#8422,#8423);
#6918=AXIS2_PLACEMENT_3D('',#10888,#8425,#8426);
#6919=AXIS2_PLACEMENT_3D('',#10890,#8428,#8429);
#6920=AXIS2_PLACEMENT_3D('',#10892,#8431,#8432);
#6921=AXIS2_PLACEMENT_3D('',#10893,#8433,#8434);
#6922=AXIS2_PLACEMENT_3D('',#10899,#8438,#8439);
#6923=AXIS2_PLACEMENT_3D('',#10901,#8440,#8441);
#6924=AXIS2_PLACEMENT_3D('',#10905,#8443,#8444);
#6925=AXIS2_PLACEMENT_3D('',#10909,#8446,#8447);
#6926=AXIS2_PLACEMENT_3D('',#10913,#8449,#8450);
#6927=AXIS2_PLACEMENT_3D('',#10917,#8452,#8453);
#6928=AXIS2_PLACEMENT_3D('',#10923,#8456,#8457);
#6929=AXIS2_PLACEMENT_3D('',#10929,#8460,#8461);
#6930=AXIS2_PLACEMENT_3D('',#10933,#8463,#8464);
#6931=AXIS2_PLACEMENT_3D('',#10937,#8466,#8467);
#6932=AXIS2_PLACEMENT_3D('',#10941,#8469,#8470);
#6933=AXIS2_PLACEMENT_3D('',#10945,#8472,#8473);
#6934=AXIS2_PLACEMENT_3D('',#10947,#8474,#8475);
#6935=AXIS2_PLACEMENT_3D('',#10949,#8476,#8477);
#6936=AXIS2_PLACEMENT_3D('',#10953,#8479,#8480);
#6937=AXIS2_PLACEMENT_3D('',#10954,#8481,#8482);
#6938=AXIS2_PLACEMENT_3D('',#10959,#8484,#8485);
#6939=AXIS2_PLACEMENT_3D('',#10963,#8487,#8488);
#6940=AXIS2_PLACEMENT_3D('',#10967,#8490,#8491);
#6941=AXIS2_PLACEMENT_3D('',#10971,#8493,#8494);
#6942=AXIS2_PLACEMENT_3D('',#10975,#8496,#8497);
#6943=AXIS2_PLACEMENT_3D('',#10978,#8499,#8500);
#6944=AXIS2_PLACEMENT_3D('',#10979,#8501,#8502);
#6945=AXIS2_PLACEMENT_3D('',#10981,#8503,#8504);
#6946=AXIS2_PLACEMENT_3D('',#10983,#8505,#8506);
#6947=AXIS2_PLACEMENT_3D('',#10987,#8508,#8509);
#6948=AXIS2_PLACEMENT_3D('',#10989,#8510,#8511);
#6949=AXIS2_PLACEMENT_3D('',#10991,#8512,#8513);
#6950=AXIS2_PLACEMENT_3D('',#10995,#8515,#8516);
#6951=AXIS2_PLACEMENT_3D('',#10999,#8518,#8519);
#6952=AXIS2_PLACEMENT_3D('',#11003,#8521,#8522);
#6953=AXIS2_PLACEMENT_3D('',#11007,#8524,#8525);
#6954=AXIS2_PLACEMENT_3D('',#11013,#8528,#8529);
#6955=AXIS2_PLACEMENT_3D('',#11019,#8532,#8533);
#6956=AXIS2_PLACEMENT_3D('',#11023,#8535,#8536);
#6957=AXIS2_PLACEMENT_3D('',#11027,#8538,#8539);
#6958=AXIS2_PLACEMENT_3D('',#11031,#8541,#8542);
#6959=AXIS2_PLACEMENT_3D('',#11034,#8544,#8545);
#6960=AXIS2_PLACEMENT_3D('',#11039,#8547,#8548);
#6961=AXIS2_PLACEMENT_3D('',#11043,#8550,#8551);
#6962=AXIS2_PLACEMENT_3D('',#11047,#8553,#8554);
#6963=AXIS2_PLACEMENT_3D('',#11051,#8556,#8557);
#6964=AXIS2_PLACEMENT_3D('',#11055,#8559,#8560);
#6965=AXIS2_PLACEMENT_3D('',#11058,#8562,#8563);
#6966=AXIS2_PLACEMENT_3D('',#11059,#8564,#8565);
#6967=AXIS2_PLACEMENT_3D('',#11062,#8568,#8569);
#6968=AXIS2_PLACEMENT_3D('',#11064,#8571,#8572);
#6969=AXIS2_PLACEMENT_3D('',#11066,#8574,#8575);
#6970=AXIS2_PLACEMENT_3D('',#11068,#8577,#8578);
#6971=AXIS2_PLACEMENT_3D('',#11070,#8580,#8581);
#6972=AXIS2_PLACEMENT_3D('',#11072,#8583,#8584);
#6973=AXIS2_PLACEMENT_3D('',#11074,#8586,#8587);
#6974=AXIS2_PLACEMENT_3D('',#11076,#8589,#8590);
#6975=AXIS2_PLACEMENT_3D('',#11078,#8592,#8593);
#6976=AXIS2_PLACEMENT_3D('',#11080,#8595,#8596);
#6977=AXIS2_PLACEMENT_3D('',#11082,#8598,#8599);
#6978=AXIS2_PLACEMENT_3D('',#11084,#8601,#8602);
#6979=AXIS2_PLACEMENT_3D('',#11086,#8604,#8605);
#6980=AXIS2_PLACEMENT_3D('',#11088,#8607,#8608);
#6981=AXIS2_PLACEMENT_3D('',#11090,#8610,#8611);
#6982=AXIS2_PLACEMENT_3D('',#11092,#8613,#8614);
#6983=AXIS2_PLACEMENT_3D('',#11094,#8616,#8617);
#6984=AXIS2_PLACEMENT_3D('',#11096,#8619,#8620);
#6985=AXIS2_PLACEMENT_3D('',#11098,#8622,#8623);
#6986=AXIS2_PLACEMENT_3D('',#11100,#8625,#8626);
#6987=AXIS2_PLACEMENT_3D('',#11102,#8628,#8629);
#6988=AXIS2_PLACEMENT_3D('',#11104,#8631,#8632);
#6989=AXIS2_PLACEMENT_3D('',#11106,#8634,#8635);
#6990=AXIS2_PLACEMENT_3D('',#11108,#8637,#8638);
#6991=AXIS2_PLACEMENT_3D('',#11109,#8639,#8640);
#6992=AXIS2_PLACEMENT_3D('',#11111,#8642,#8643);
#6993=AXIS2_PLACEMENT_3D('',#11113,#8645,#8646);
#6994=AXIS2_PLACEMENT_3D('',#11114,#8647,#8648);
#6995=AXIS2_PLACEMENT_3D('',#11117,#8651,#8652);
#6996=AXIS2_PLACEMENT_3D('',#11119,#8654,#8655);
#6997=AXIS2_PLACEMENT_3D('',#11121,#8657,#8658);
#6998=AXIS2_PLACEMENT_3D('',#11123,#8660,#8661);
#6999=AXIS2_PLACEMENT_3D('',#11125,#8663,#8664);
#7000=AXIS2_PLACEMENT_3D('',#11127,#8666,#8667);
#7001=AXIS2_PLACEMENT_3D('',#11129,#8669,#8670);
#7002=AXIS2_PLACEMENT_3D('',#11131,#8672,#8673);
#7003=AXIS2_PLACEMENT_3D('',#11133,#8675,#8676);
#7004=AXIS2_PLACEMENT_3D('',#11135,#8678,#8679);
#7005=AXIS2_PLACEMENT_3D('',#11137,#8681,#8682);
#7006=AXIS2_PLACEMENT_3D('',#11138,#8683,#8684);
#7007=AXIS2_PLACEMENT_3D('',#11140,#8686,#8687);
#7008=AXIS2_PLACEMENT_3D('',#11142,#8689,#8690);
#7009=DIRECTION('axis',(0.,0.,1.));
#7010=DIRECTION('refdir',(1.,0.,0.));
#7011=DIRECTION('center_axis',(-4.91145033547672E-16,-0.933580426497202,
0.3583679495453));
#7012=DIRECTION('ref_axis',(1.,-4.19502770745015E-16,2.77662826837712E-16));
#7013=DIRECTION('',(-1.08884232521047E-16,0.358367949545414,0.933580426497158));
#7014=DIRECTION('',(1.,-4.19502770745015E-16,2.77662826837712E-16));
#7015=DIRECTION('',(1.08884232521107E-16,-0.3583679495453,-0.933580426497202));
#7016=DIRECTION('',(-1.,4.19502770745015E-16,-2.77662826837712E-16));
#7017=DIRECTION('center_axis',(-4.91145033547672E-16,-0.933580426497202,
0.3583679495453));
#7018=DIRECTION('ref_axis',(1.,-4.19502770745015E-16,2.77662826837712E-16));
#7019=DIRECTION('',(1.,-4.19502770745015E-16,2.77662826837712E-16));
#7020=DIRECTION('',(1.08884232521047E-16,-0.358367949545414,-0.933580426497158));
#7021=DIRECTION('',(-1.,4.19502770745015E-16,-2.77662826837712E-16));
#7022=DIRECTION('',(-1.08884232521107E-16,0.3583679495453,0.933580426497202));
#7023=DIRECTION('center_axis',(1.,-4.19502770745015E-16,2.77662826837712E-16));
#7024=DIRECTION('ref_axis',(4.91145033547672E-16,0.933580426497202,-0.3583679495453));
#7025=DIRECTION('',(4.91145033547672E-16,0.933580426497202,-0.3583679495453));
#7026=DIRECTION('',(1.0888423252111E-16,-0.358367949545294,-0.933580426497204));
#7027=DIRECTION('',(3.99112103389576E-16,0.325568154457108,-0.945518575599333));
#7028=DIRECTION('',(1.08884232521107E-16,-0.3583679495453,-0.933580426497202));
#7029=DIRECTION('',(-2.32291780857432E-16,-0.874619707139371,-0.484809620246382));
#7030=DIRECTION('',(1.08884232521107E-16,-0.3583679495453,-0.933580426497202));
#7031=DIRECTION('',(3.99112103389576E-16,0.325568154457108,-0.945518575599333));
#7032=DIRECTION('',(1.08884232521107E-16,-0.3583679495453,-0.933580426497202));
#7033=DIRECTION('',(-2.32291780857432E-16,-0.874619707139371,-0.484809620246381));
#7034=DIRECTION('',(1.08884232521107E-16,-0.3583679495453,-0.933580426497202));
#7035=DIRECTION('',(3.99112103389576E-16,0.325568154457108,-0.945518575599333));
#7036=DIRECTION('',(1.08884232521107E-16,-0.3583679495453,-0.933580426497202));
#7037=DIRECTION('',(-2.32291780857432E-16,-0.874619707139371,-0.484809620246382));
#7038=DIRECTION('',(1.08884232521107E-16,-0.358367949545299,-0.933580426497202));
#7039=DIRECTION('',(3.99112103389576E-16,0.325568154457109,-0.945518575599333));
#7040=DIRECTION('',(1.08884232521107E-16,-0.3583679495453,-0.933580426497202));
#7041=DIRECTION('',(-2.32291780857432E-16,-0.874619707139371,-0.484809620246382));
#7042=DIRECTION('',(1.08884232521107E-16,-0.358367949545299,-0.933580426497202));
#7043=DIRECTION('',(3.99112103389576E-16,0.325568154457109,-0.945518575599333));
#7044=DIRECTION('',(1.08884232521107E-16,-0.3583679495453,-0.933580426497202));
#7045=DIRECTION('',(-2.32291780857432E-16,-0.874619707139371,-0.484809620246382));
#7046=DIRECTION('',(1.08884232521107E-16,-0.358367949545299,-0.933580426497202));
#7047=DIRECTION('',(3.99112103389576E-16,0.325568154457108,-0.945518575599334));
#7048=DIRECTION('',(1.08884232521107E-16,-0.3583679495453,-0.933580426497202));
#7049=DIRECTION('',(-2.32291780857432E-16,-0.874619707139371,-0.484809620246382));
#7050=DIRECTION('',(1.08884232521107E-16,-0.358367949545299,-0.933580426497202));
#7051=DIRECTION('',(3.99112103389576E-16,0.325568154457108,-0.945518575599334));
#7052=DIRECTION('',(1.08884232521107E-16,-0.3583679495453,-0.933580426497202));
#7053=DIRECTION('',(-2.32291780857432E-16,-0.874619707139371,-0.484809620246382));
#7054=DIRECTION('',(1.08884232521107E-16,-0.358367949545299,-0.933580426497202));
#7055=DIRECTION('',(3.99112103389576E-16,0.325568154457108,-0.945518575599334));
#7056=DIRECTION('',(1.08884232521107E-16,-0.3583679495453,-0.933580426497202));
#7057=DIRECTION('',(-2.32291780857432E-16,-0.874619707139371,-0.484809620246382));
#7058=DIRECTION('',(1.08884232521107E-16,-0.358367949545299,-0.933580426497202));
#7059=DIRECTION('',(3.99112103389576E-16,0.325568154457108,-0.945518575599334));
#7060=DIRECTION('',(1.08884232521107E-16,-0.3583679495453,-0.933580426497202));
#7061=DIRECTION('',(-2.32291780857432E-16,-0.874619707139371,-0.484809620246382));
#7062=DIRECTION('',(1.08884232521107E-16,-0.358367949545299,-0.933580426497202));
#7063=DIRECTION('',(3.99112103389576E-16,0.325568154457108,-0.945518575599334));
#7064=DIRECTION('',(1.08884232521107E-16,-0.3583679495453,-0.933580426497202));
#7065=DIRECTION('',(-2.32291780857433E-16,-0.874619707139372,-0.484809620246379));
#7066=DIRECTION('',(1.08884232521107E-16,-0.3583679495453,-0.933580426497202));
#7067=DIRECTION('',(3.99112103389575E-16,0.325568154457105,-0.945518575599334));
#7068=DIRECTION('',(1.08884232521107E-16,-0.3583679495453,-0.933580426497202));
#7069=DIRECTION('',(-2.32291780857432E-16,-0.874619707139371,-0.484809620246382));
#7070=DIRECTION('',(1.08884232521107E-16,-0.358367949545299,-0.933580426497202));
#7071=DIRECTION('',(3.99112103389576E-16,0.325568154457108,-0.945518575599334));
#7072=DIRECTION('',(1.08884232521107E-16,-0.3583679495453,-0.933580426497202));
#7073=DIRECTION('',(-2.32291780857432E-16,-0.874619707139371,-0.484809620246382));
#7074=DIRECTION('',(1.08884232521107E-16,-0.358367949545299,-0.933580426497202));
#7075=DIRECTION('',(3.99112103389576E-16,0.325568154457108,-0.945518575599334));
#7076=DIRECTION('',(1.08884232521107E-16,-0.3583679495453,-0.933580426497202));
#7077=DIRECTION('',(-2.32291780857432E-16,-0.874619707139371,-0.484809620246382));
#7078=DIRECTION('',(1.08884232521107E-16,-0.358367949545299,-0.933580426497202));
#7079=DIRECTION('',(3.99112103389576E-16,0.325568154457108,-0.945518575599334));
#7080=DIRECTION('',(1.08884232521107E-16,-0.3583679495453,-0.933580426497202));
#7081=DIRECTION('',(-2.32291780857432E-16,-0.874619707139371,-0.484809620246382));
#7082=DIRECTION('',(1.08884232521107E-16,-0.358367949545299,-0.933580426497202));
#7083=DIRECTION('',(3.99112103389576E-16,0.325568154457108,-0.945518575599334));
#7084=DIRECTION('',(1.08884232521107E-16,-0.3583679495453,-0.933580426497202));
#7085=DIRECTION('',(-2.32291780857434E-16,-0.874619707139373,-0.484809620246378));
#7086=DIRECTION('',(1.08884232521112E-16,-0.358367949545291,-0.933580426497205));
#7087=DIRECTION('',(3.99112103389576E-16,0.325568154457108,-0.945518575599334));
#7088=DIRECTION('',(1.08884232521027E-16,-0.358367949545451,-0.933580426497144));
#7089=DIRECTION('',(-2.32291780857432E-16,-0.874619707139371,-0.484809620246381));
#7090=DIRECTION('',(1.08884232521107E-16,-0.358367949545299,-0.933580426497202));
#7091=DIRECTION('',(3.99112103389576E-16,0.325568154457108,-0.945518575599334));
#7092=DIRECTION('',(1.08884232521025E-16,-0.358367949545455,-0.933580426497142));
#7093=DIRECTION('',(-4.91145033547672E-16,-0.933580426497202,0.3583679495453));
#7094=DIRECTION('center_axis',(1.08884232521107E-16,-0.3583679495453,-0.933580426497202));
#7095=DIRECTION('ref_axis',(-2.94311345371661E-15,-0.933580426497202,0.3583679495453));
#7096=DIRECTION('',(4.91145033547672E-16,0.933580426497202,-0.3583679495453));
#7097=DIRECTION('',(-1.,4.19502770745015E-16,-2.77662826837712E-16));
#7098=DIRECTION('',(-4.91145033547672E-16,-0.933580426497202,0.3583679495453));
#7099=DIRECTION('',(-4.91145033547672E-16,-0.933580426497202,0.3583679495453));
#7100=DIRECTION('',(-1.,4.19502770745015E-16,-2.77662826837712E-16));
#7101=DIRECTION('center_axis',(-1.,4.19502770745015E-16,-2.77662826837712E-16));
#7102=DIRECTION('ref_axis',(-4.91145033547672E-16,-0.933580426497202,0.3583679495453));
#7103=DIRECTION('',(4.91145033547672E-16,0.933580426497202,-0.3583679495453));
#7104=DIRECTION('',(-1.08884232521025E-16,0.358367949545455,0.933580426497142));
#7105=DIRECTION('',(-3.99112103389576E-16,-0.325568154457108,0.945518575599334));
#7106=DIRECTION('',(-1.08884232521107E-16,0.358367949545299,0.933580426497202));
#7107=DIRECTION('',(2.32291780857432E-16,0.874619707139371,0.484809620246381));
#7108=DIRECTION('',(-1.08884232521027E-16,0.358367949545451,0.933580426497144));
#7109=DIRECTION('',(-3.99112103389576E-16,-0.325568154457108,0.945518575599334));
#7110=DIRECTION('',(-1.08884232521112E-16,0.358367949545291,0.933580426497205));
#7111=DIRECTION('',(2.32291780857434E-16,0.874619707139373,0.484809620246378));
#7112=DIRECTION('',(-1.08884232521107E-16,0.3583679495453,0.933580426497202));
#7113=DIRECTION('',(-3.99112103389576E-16,-0.325568154457108,0.945518575599334));
#7114=DIRECTION('',(-1.08884232521107E-16,0.358367949545299,0.933580426497202));
#7115=DIRECTION('',(2.32291780857432E-16,0.874619707139371,0.484809620246382));
#7116=DIRECTION('',(-1.08884232521107E-16,0.3583679495453,0.933580426497202));
#7117=DIRECTION('',(-3.99112103389576E-16,-0.325568154457108,0.945518575599334));
#7118=DIRECTION('',(-1.08884232521107E-16,0.358367949545299,0.933580426497202));
#7119=DIRECTION('',(2.32291780857432E-16,0.874619707139371,0.484809620246382));
#7120=DIRECTION('',(-1.08884232521107E-16,0.3583679495453,0.933580426497202));
#7121=DIRECTION('',(-3.99112103389576E-16,-0.325568154457108,0.945518575599334));
#7122=DIRECTION('',(-1.08884232521107E-16,0.358367949545299,0.933580426497202));
#7123=DIRECTION('',(2.32291780857432E-16,0.874619707139371,0.484809620246382));
#7124=DIRECTION('',(-1.08884232521107E-16,0.3583679495453,0.933580426497202));
#7125=DIRECTION('',(-3.99112103389576E-16,-0.325568154457108,0.945518575599334));
#7126=DIRECTION('',(-1.08884232521107E-16,0.358367949545299,0.933580426497202));
#7127=DIRECTION('',(2.32291780857432E-16,0.874619707139371,0.484809620246382));
#7128=DIRECTION('',(-1.08884232521107E-16,0.3583679495453,0.933580426497202));
#7129=DIRECTION('',(-3.99112103389575E-16,-0.325568154457105,0.945518575599334));
#7130=DIRECTION('',(-1.08884232521107E-16,0.3583679495453,0.933580426497202));
#7131=DIRECTION('',(2.32291780857433E-16,0.874619707139372,0.484809620246379));
#7132=DIRECTION('',(-1.08884232521107E-16,0.3583679495453,0.933580426497202));
#7133=DIRECTION('',(-3.99112103389576E-16,-0.325568154457108,0.945518575599334));
#7134=DIRECTION('',(-1.08884232521107E-16,0.358367949545299,0.933580426497202));
#7135=DIRECTION('',(2.32291780857432E-16,0.874619707139371,0.484809620246382));
#7136=DIRECTION('',(-1.08884232521107E-16,0.3583679495453,0.933580426497202));
#7137=DIRECTION('',(-3.99112103389576E-16,-0.325568154457108,0.945518575599334));
#7138=DIRECTION('',(-1.08884232521107E-16,0.358367949545299,0.933580426497202));
#7139=DIRECTION('',(2.32291780857432E-16,0.874619707139371,0.484809620246382));
#7140=DIRECTION('',(-1.08884232521107E-16,0.3583679495453,0.933580426497202));
#7141=DIRECTION('',(-3.99112103389576E-16,-0.325568154457108,0.945518575599334));
#7142=DIRECTION('',(-1.08884232521107E-16,0.358367949545299,0.933580426497202));
#7143=DIRECTION('',(2.32291780857432E-16,0.874619707139371,0.484809620246382));
#7144=DIRECTION('',(-1.08884232521107E-16,0.3583679495453,0.933580426497202));
#7145=DIRECTION('',(-3.99112103389576E-16,-0.325568154457108,0.945518575599334));
#7146=DIRECTION('',(-1.08884232521107E-16,0.358367949545299,0.933580426497202));
#7147=DIRECTION('',(2.32291780857432E-16,0.874619707139371,0.484809620246382));
#7148=DIRECTION('',(-1.08884232521107E-16,0.3583679495453,0.933580426497202));
#7149=DIRECTION('',(-3.99112103389576E-16,-0.325568154457108,0.945518575599334));
#7150=DIRECTION('',(-1.08884232521107E-16,0.358367949545299,0.933580426497202));
#7151=DIRECTION('',(2.32291780857432E-16,0.874619707139371,0.484809620246382));
#7152=DIRECTION('',(-1.08884232521107E-16,0.3583679495453,0.933580426497202));
#7153=DIRECTION('',(-3.99112103389576E-16,-0.325568154457109,0.945518575599333));
#7154=DIRECTION('',(-1.08884232521107E-16,0.358367949545299,0.933580426497202));
#7155=DIRECTION('',(2.32291780857432E-16,0.874619707139371,0.484809620246382));
#7156=DIRECTION('',(-1.08884232521107E-16,0.3583679495453,0.933580426497202));
#7157=DIRECTION('',(-3.99112103389576E-16,-0.325568154457109,0.945518575599333));
#7158=DIRECTION('',(-1.08884232521107E-16,0.358367949545299,0.933580426497202));
#7159=DIRECTION('',(2.32291780857432E-16,0.874619707139371,0.484809620246382));
#7160=DIRECTION('',(-1.08884232521107E-16,0.3583679495453,0.933580426497202));
#7161=DIRECTION('',(-3.99112103389576E-16,-0.325568154457108,0.945518575599333));
#7162=DIRECTION('',(-1.08884232521107E-16,0.3583679495453,0.933580426497202));
#7163=DIRECTION('',(2.32291780857432E-16,0.874619707139371,0.484809620246381));
#7164=DIRECTION('',(-1.08884232521107E-16,0.3583679495453,0.933580426497202));
#7165=DIRECTION('',(-3.99112103389576E-16,-0.325568154457108,0.945518575599333));
#7166=DIRECTION('',(-1.08884232521107E-16,0.3583679495453,0.933580426497202));
#7167=DIRECTION('',(2.32291780857432E-16,0.874619707139371,0.484809620246382));
#7168=DIRECTION('',(-1.08884232521107E-16,0.3583679495453,0.933580426497202));
#7169=DIRECTION('',(-3.99112103389576E-16,-0.325568154457108,0.945518575599333));
#7170=DIRECTION('',(-1.0888423252111E-16,0.358367949545294,0.933580426497204));
#7171=DIRECTION('center_axis',(1.,-4.19502770745015E-16,2.77662826837712E-16));
#7172=DIRECTION('ref_axis',(-1.08884232521047E-16,0.358367949545414,0.933580426497158));
#7173=DIRECTION('',(-1.0888423252103E-16,0.358367949545445,0.933580426497146));
#7174=DIRECTION('',(-4.91145033547672E-16,-0.933580426497202,0.3583679495453));
#7175=DIRECTION('center_axis',(-1.,4.19502770745015E-16,-2.77662826837712E-16));
#7176=DIRECTION('ref_axis',(1.08884232521047E-16,-0.358367949545414,-0.933580426497158));
#7177=DIRECTION('',(1.0888423252103E-16,-0.358367949545445,-0.933580426497146));
#7178=DIRECTION('',(-4.91145033547672E-16,-0.933580426497202,0.3583679495453));
#7179=DIRECTION('center_axis',(4.91145033547689E-16,0.933580426497146,-0.358367949545445));
#7180=DIRECTION('ref_axis',(-1.,4.19502770745015E-16,-2.77662826837712E-16));
#7181=DIRECTION('',(-1.,4.19502770745015E-16,-2.77662826837712E-16));
#7182=DIRECTION('',(9.69919401590761E-17,0.358367949545375,0.933580426497173));
#7183=DIRECTION('',(-1.,4.93282192608648E-16,-8.54608617413782E-17));
#7184=DIRECTION('',(-9.69919401590761E-17,-0.358367949545375,-0.933580426497173));
#7185=DIRECTION('',(-1.,4.19502770745015E-16,-2.77662826837712E-16));
#7186=DIRECTION('center_axis',(-1.,3.41848136189025E-16,-2.47854005477842E-16));
#7187=DIRECTION('ref_axis',(4.24284762947599E-16,0.406736643075727,-0.913545457642633));
#7188=DIRECTION('center_axis',(1.,-4.15627558052658E-16,5.56520403815081E-17));
#7189=DIRECTION('ref_axis',(4.24284762947599E-16,0.406736643075727,-0.913545457642633));
#7190=DIRECTION('',(1.,-3.41848136189025E-16,2.47854005477842E-16));
#7191=DIRECTION('center_axis',(-1.,4.15627558052658E-16,-5.56520403815081E-17));
#7192=DIRECTION('ref_axis',(4.24284762947599E-16,0.406736643075727,-0.913545457642633));
#7193=DIRECTION('',(-1.,3.41848136189025E-16,-2.47854005477842E-16));
#7194=DIRECTION('center_axis',(-1.08884232521067E-16,0.358367949545375,
0.933580426497173));
#7195=DIRECTION('ref_axis',(-4.9114503354768E-16,-0.933580426497173,0.358367949545375));
#7196=DIRECTION('',(4.07965660510316E-16,0.933580426497173,-0.358367949545375));
#7197=DIRECTION('',(1.,-3.41848136189025E-16,2.47854005477842E-16));
#7198=DIRECTION('',(-4.07965660510316E-16,-0.933580426497173,0.358367949545375));
#7199=DIRECTION('center_axis',(-1.,4.15627558052658E-16,-5.56520403815081E-17));
#7200=DIRECTION('ref_axis',(-7.01233312538364E-17,-0.0348994967023408,0.999390827019101));
#7201=DIRECTION('',(9.69919401590761E-17,0.358367949545375,0.933580426497173));
#7202=DIRECTION('',(4.9114503354768E-16,0.933580426497173,-0.358367949545375));
#7203=DIRECTION('center_axis',(-1.,4.15627558052658E-16,-5.56520403815081E-17));
#7204=DIRECTION('ref_axis',(6.62822319258663E-16,0.913545457642633,0.406736643075728));
#7205=DIRECTION('',(4.9114503354768E-16,0.933580426497173,-0.358367949545375));
#7206=DIRECTION('center_axis',(-1.,4.15627558052658E-16,-5.56520403815081E-17));
#7207=DIRECTION('ref_axis',(-4.13432140774402E-16,-0.999390827019101,-0.0348994967023407));
#7208=DIRECTION('',(3.57058943645033E-16,0.913545457642665,0.406736643075655));
#7209=DIRECTION('center_axis',(-1.,4.15627558052658E-16,-5.56520403815081E-17));
#7210=DIRECTION('ref_axis',(-4.13432140774402E-16,-0.999390827019101,-0.0348994967023407));
#7211=DIRECTION('',(9.69919401590761E-17,0.358367949545375,0.933580426497173));
#7212=DIRECTION('center_axis',(-1.,4.15627558052658E-16,-5.56520403815081E-17));
#7213=DIRECTION('ref_axis',(-2.7029920458772E-16,-0.913545457642633,-0.406736643075727));
#7214=DIRECTION('center_axis',(1.,-3.41848136189025E-16,2.47854005477842E-16));
#7215=DIRECTION('ref_axis',(-2.7029920458772E-16,-0.913545457642633,-0.406736643075727));
#7216=DIRECTION('',(-1.,3.41848136189025E-16,-2.47854005477842E-16));
#7217=DIRECTION('center_axis',(1.,-4.15627558052658E-16,5.56520403815081E-17));
#7218=DIRECTION('ref_axis',(-2.7029920458772E-16,-0.913545457642633,-0.406736643075727));
#7219=DIRECTION('center_axis',(4.07965660510316E-16,0.933580426497173,-0.358367949545375));
#7220=DIRECTION('ref_axis',(-9.69919401590762E-17,-0.358367949545375,-0.933580426497173));
#7221=DIRECTION('',(-9.69919401590761E-17,-0.358367949545375,-0.933580426497173));
#7222=DIRECTION('',(-1.,4.15627558052658E-16,-5.56520403815081E-17));
#7223=DIRECTION('center_axis',(-1.,4.15627558052658E-16,-5.56520403815081E-17));
#7224=DIRECTION('ref_axis',(-7.01233312538364E-17,-0.0348994967023408,0.999390827019101));
#7225=DIRECTION('',(9.69919401590761E-17,0.358367949545375,0.933580426497173));
#7226=DIRECTION('center_axis',(-1.,4.15627558052658E-16,-5.56520403815081E-17));
#7227=DIRECTION('ref_axis',(-4.13432140774402E-16,-0.999390827019101,-0.0348994967023407));
#7228=DIRECTION('',(3.57058943645033E-16,0.913545457642665,0.406736643075655));
#7229=DIRECTION('center_axis',(-1.,4.15627558052658E-16,-5.56520403815081E-17));
#7230=DIRECTION('ref_axis',(-4.13432140774402E-16,-0.999390827019101,-0.0348994967023407));
#7231=DIRECTION('',(4.9114503354768E-16,0.933580426497173,-0.358367949545375));
#7232=DIRECTION('center_axis',(1.,-4.15627558052658E-16,5.56520403815081E-17));
#7233=DIRECTION('ref_axis',(6.62822319258663E-16,0.913545457642633,0.406736643075728));
#7234=DIRECTION('',(-4.07965660510316E-16,-0.933580426497173,0.358367949545375));
#7235=DIRECTION('center_axis',(-4.07965660510316E-16,-0.933580426497173,
0.358367949545375));
#7236=DIRECTION('ref_axis',(9.69919401590762E-17,0.358367949545375,0.933580426497173));
#7237=DIRECTION('',(-1.,4.15627558052658E-16,-5.56520403815081E-17));
#7238=DIRECTION('center_axis',(1.,-4.93282192608648E-16,8.54608617413782E-17));
#7239=DIRECTION('ref_axis',(6.62822319258663E-16,0.913545457642633,0.406736643075728));
#7240=DIRECTION('',(1.,-4.93282192608648E-16,8.54608617413782E-17));
#7241=DIRECTION('center_axis',(9.69919401590761E-17,0.358367949545375,0.933580426497173));
#7242=DIRECTION('ref_axis',(4.07965660510316E-16,0.933580426497173,-0.358367949545375));
#7243=DIRECTION('',(1.,-4.15627558052658E-16,5.56520403815081E-17));
#7244=DIRECTION('center_axis',(-1.,4.15627558052658E-16,-5.56520403815081E-17));
#7245=DIRECTION('ref_axis',(-2.19891626431143E-16,-0.406736643075656,0.913545457642665));
#7246=DIRECTION('',(-1.,4.15627558052658E-16,-5.56520403815081E-17));
#7247=DIRECTION('center_axis',(2.19891626431143E-16,0.406736643075656,-0.913545457642665));
#7248=DIRECTION('ref_axis',(-1.,4.15627558052658E-16,-5.56520403815081E-17));
#7249=DIRECTION('',(-1.,4.15627558052658E-16,-5.56520403815081E-17));
#7250=DIRECTION('center_axis',(-1.,4.15627558052658E-16,-5.56520403815081E-17));
#7251=DIRECTION('ref_axis',(-4.07965660510316E-16,-0.933580426497173,0.358367949545375));
#7252=DIRECTION('center_axis',(-9.69919401590761E-17,-0.358367949545375,
-0.933580426497173));
#7253=DIRECTION('ref_axis',(-4.07965660510316E-16,-0.933580426497173,0.358367949545375));
#7254=DIRECTION('',(-1.,4.19502770745015E-16,-2.77662826837712E-16));
#7255=DIRECTION('center_axis',(-3.06249488159903E-16,-0.945518575599334,
-0.325568154457108));
#7256=DIRECTION('ref_axis',(-3.99112103389576E-16,-0.325568154457108,0.945518575599334));
#7257=DIRECTION('',(-1.,4.19502770745015E-16,-2.77662826837712E-16));
#7258=DIRECTION('',(-1.,4.19502770745015E-16,-2.77662826837712E-16));
#7259=DIRECTION('center_axis',(-4.91145033547672E-16,-0.933580426497202,
0.358367949545299));
#7260=DIRECTION('ref_axis',(-1.08884232521107E-16,0.358367949545299,0.933580426497202));
#7261=DIRECTION('',(-1.,4.19502770745015E-16,-2.77662826837712E-16));
#7262=DIRECTION('center_axis',(-4.46228359269485E-16,-0.484809620246382,
0.874619707139371));
#7263=DIRECTION('ref_axis',(2.32291780857432E-16,0.874619707139371,0.484809620246382));
#7264=DIRECTION('',(-1.,4.19502770745015E-16,-2.77662826837712E-16));
#7265=DIRECTION('center_axis',(-4.91145033547672E-16,-0.933580426497202,
0.3583679495453));
#7266=DIRECTION('ref_axis',(-1.08884232521107E-16,0.3583679495453,0.933580426497202));
#7267=DIRECTION('',(-1.,4.19502770745015E-16,-2.77662826837712E-16));
#7268=DIRECTION('center_axis',(-3.06249488159903E-16,-0.945518575599334,
-0.325568154457108));
#7269=DIRECTION('ref_axis',(-3.99112103389576E-16,-0.325568154457108,0.945518575599334));
#7270=DIRECTION('',(-1.,4.19502770745015E-16,-2.77662826837712E-16));
#7271=DIRECTION('center_axis',(-4.91145033547672E-16,-0.933580426497202,
0.358367949545299));
#7272=DIRECTION('ref_axis',(-1.08884232521107E-16,0.358367949545299,0.933580426497202));
#7273=DIRECTION('',(-1.,4.19502770745015E-16,-2.77662826837712E-16));
#7274=DIRECTION('center_axis',(-4.46228359269485E-16,-0.484809620246382,
0.874619707139371));
#7275=DIRECTION('ref_axis',(2.32291780857432E-16,0.874619707139371,0.484809620246382));
#7276=DIRECTION('',(-1.,4.19502770745015E-16,-2.77662826837712E-16));
#7277=DIRECTION('center_axis',(-4.91145033547672E-16,-0.933580426497202,
0.3583679495453));
#7278=DIRECTION('ref_axis',(-1.08884232521107E-16,0.3583679495453,0.933580426497202));
#7279=DIRECTION('',(-1.,4.19502770745015E-16,-2.77662826837712E-16));
#7280=DIRECTION('center_axis',(-3.06249488159903E-16,-0.945518575599334,
-0.325568154457108));
#7281=DIRECTION('ref_axis',(-3.99112103389576E-16,-0.325568154457108,0.945518575599334));
#7282=DIRECTION('',(-1.,4.19502770745015E-16,-2.77662826837712E-16));
#7283=DIRECTION('center_axis',(-4.91145033547672E-16,-0.933580426497202,
0.358367949545299));
#7284=DIRECTION('ref_axis',(-1.08884232521107E-16,0.358367949545299,0.933580426497202));
#7285=DIRECTION('',(-1.,4.19502770745015E-16,-2.77662826837712E-16));
#7286=DIRECTION('center_axis',(-4.46228359269485E-16,-0.484809620246382,
0.874619707139371));
#7287=DIRECTION('ref_axis',(2.32291780857432E-16,0.874619707139371,0.484809620246382));
#7288=DIRECTION('',(-1.,4.19502770745015E-16,-2.77662826837712E-16));
#7289=DIRECTION('center_axis',(-4.91145033547672E-16,-0.933580426497202,
0.3583679495453));
#7290=DIRECTION('ref_axis',(-1.08884232521107E-16,0.3583679495453,0.933580426497202));
#7291=DIRECTION('',(-1.,4.19502770745015E-16,-2.77662826837712E-16));
#7292=DIRECTION('center_axis',(-3.06249488159903E-16,-0.945518575599334,
-0.325568154457108));
#7293=DIRECTION('ref_axis',(-3.99112103389576E-16,-0.325568154457108,0.945518575599334));
#7294=DIRECTION('',(-1.,4.19502770745015E-16,-2.77662826837712E-16));
#7295=DIRECTION('center_axis',(-4.91145033547672E-16,-0.933580426497202,
0.358367949545299));
#7296=DIRECTION('ref_axis',(-1.08884232521107E-16,0.358367949545299,0.933580426497202));
#7297=DIRECTION('',(-1.,4.19502770745015E-16,-2.77662826837712E-16));
#7298=DIRECTION('center_axis',(-4.46228359269485E-16,-0.484809620246382,
0.874619707139371));
#7299=DIRECTION('ref_axis',(2.32291780857432E-16,0.874619707139371,0.484809620246382));
#7300=DIRECTION('',(-1.,4.19502770745015E-16,-2.77662826837712E-16));
#7301=DIRECTION('center_axis',(-4.91145033547672E-16,-0.933580426497202,
0.3583679495453));
#7302=DIRECTION('ref_axis',(-1.08884232521107E-16,0.3583679495453,0.933580426497202));
#7303=DIRECTION('',(-1.,4.19502770745015E-16,-2.77662826837712E-16));
#7304=DIRECTION('center_axis',(-3.06249488159903E-16,-0.945518575599333,
-0.325568154457109));
#7305=DIRECTION('ref_axis',(-3.99112103389576E-16,-0.325568154457109,0.945518575599333));
#7306=DIRECTION('',(-1.,4.19502770745015E-16,-2.77662826837712E-16));
#7307=DIRECTION('center_axis',(-4.91145033547672E-16,-0.933580426497202,
0.358367949545299));
#7308=DIRECTION('ref_axis',(-1.08884232521107E-16,0.358367949545299,0.933580426497202));
#7309=DIRECTION('',(-1.,4.19502770745015E-16,-2.77662826837712E-16));
#7310=DIRECTION('center_axis',(-4.46228359269485E-16,-0.484809620246382,
0.874619707139371));
#7311=DIRECTION('ref_axis',(2.32291780857432E-16,0.874619707139371,0.484809620246382));
#7312=DIRECTION('',(-1.,4.19502770745015E-16,-2.77662826837712E-16));
#7313=DIRECTION('center_axis',(-4.91145033547672E-16,-0.933580426497202,
0.3583679495453));
#7314=DIRECTION('ref_axis',(-1.08884232521107E-16,0.3583679495453,0.933580426497202));
#7315=DIRECTION('',(-1.,4.19502770745015E-16,-2.77662826837712E-16));
#7316=DIRECTION('center_axis',(-3.06249488159903E-16,-0.945518575599333,
-0.325568154457109));
#7317=DIRECTION('ref_axis',(-3.99112103389576E-16,-0.325568154457109,0.945518575599333));
#7318=DIRECTION('',(-1.,4.19502770745015E-16,-2.77662826837712E-16));
#7319=DIRECTION('center_axis',(-4.91145033547672E-16,-0.933580426497202,
0.358367949545299));
#7320=DIRECTION('ref_axis',(-1.08884232521107E-16,0.358367949545299,0.933580426497202));
#7321=DIRECTION('',(-1.,4.19502770745015E-16,-2.77662826837712E-16));
#7322=DIRECTION('center_axis',(-4.46228359269485E-16,-0.484809620246382,
0.874619707139371));
#7323=DIRECTION('ref_axis',(2.32291780857432E-16,0.874619707139371,0.484809620246382));
#7324=DIRECTION('',(-1.,4.19502770745015E-16,-2.77662826837712E-16));
#7325=DIRECTION('center_axis',(-4.91145033547672E-16,-0.933580426497202,
0.3583679495453));
#7326=DIRECTION('ref_axis',(-1.08884232521107E-16,0.3583679495453,0.933580426497202));
#7327=DIRECTION('',(-1.,4.19502770745015E-16,-2.77662826837712E-16));
#7328=DIRECTION('center_axis',(-3.06249488159903E-16,-0.945518575599333,
-0.325568154457108));
#7329=DIRECTION('ref_axis',(-3.99112103389576E-16,-0.325568154457108,0.945518575599333));
#7330=DIRECTION('',(-1.,4.19502770745015E-16,-2.77662826837712E-16));
#7331=DIRECTION('center_axis',(-4.91145033547672E-16,-0.933580426497202,
0.3583679495453));
#7332=DIRECTION('ref_axis',(-1.08884232521107E-16,0.3583679495453,0.933580426497202));
#7333=DIRECTION('',(-1.,4.19502770745015E-16,-2.77662826837712E-16));
#7334=DIRECTION('center_axis',(-4.46228359269485E-16,-0.484809620246382,
0.874619707139371));
#7335=DIRECTION('ref_axis',(2.32291780857432E-16,0.874619707139371,0.484809620246381));
#7336=DIRECTION('',(-1.,4.19502770745015E-16,-2.77662826837712E-16));
#7337=DIRECTION('center_axis',(-4.91145033547672E-16,-0.933580426497202,
0.3583679495453));
#7338=DIRECTION('ref_axis',(-1.08884232521107E-16,0.3583679495453,0.933580426497202));
#7339=DIRECTION('',(-1.,4.19502770745015E-16,-2.77662826837712E-16));
#7340=DIRECTION('center_axis',(-3.06249488159903E-16,-0.945518575599333,
-0.325568154457108));
#7341=DIRECTION('ref_axis',(-3.99112103389576E-16,-0.325568154457108,0.945518575599333));
#7342=DIRECTION('',(-1.,4.19502770745015E-16,-2.77662826837712E-16));
#7343=DIRECTION('center_axis',(-4.91145033547672E-16,-0.933580426497202,
0.3583679495453));
#7344=DIRECTION('ref_axis',(-1.08884232521107E-16,0.3583679495453,0.933580426497202));
#7345=DIRECTION('',(-1.,4.19502770745015E-16,-2.77662826837712E-16));
#7346=DIRECTION('center_axis',(-4.46228359269485E-16,-0.484809620246382,
0.874619707139371));
#7347=DIRECTION('ref_axis',(2.32291780857432E-16,0.874619707139371,0.484809620246382));
#7348=DIRECTION('',(-1.,4.19502770745015E-16,-2.77662826837712E-16));
#7349=DIRECTION('center_axis',(-4.91145033547672E-16,-0.933580426497202,
0.3583679495453));
#7350=DIRECTION('ref_axis',(-1.08884232521107E-16,0.3583679495453,0.933580426497202));
#7351=DIRECTION('',(-1.,4.19502770745015E-16,-2.77662826837712E-16));
#7352=DIRECTION('center_axis',(-3.06249488159903E-16,-0.945518575599333,
-0.325568154457108));
#7353=DIRECTION('ref_axis',(-3.99112103389576E-16,-0.325568154457108,0.945518575599333));
#7354=DIRECTION('',(-1.,4.19502770745015E-16,-2.77662826837712E-16));
#7355=DIRECTION('center_axis',(-4.91145033547671E-16,-0.933580426497204,
0.358367949545294));
#7356=DIRECTION('ref_axis',(-6.02615560795998E-15,0.358367949545294,0.933580426497204));
#7357=DIRECTION('center_axis',(-4.46228359269485E-16,-0.484809620246382,
0.874619707139371));
#7358=DIRECTION('ref_axis',(2.32291780857432E-16,0.874619707139371,0.484809620246382));
#7359=DIRECTION('',(-1.,4.19502770745015E-16,-2.77662826837712E-16));
#7360=DIRECTION('',(-1.,4.19502770745015E-16,-2.77662826837712E-16));
#7361=DIRECTION('center_axis',(-4.91145033547672E-16,-0.933580426497202,
0.358367949545299));
#7362=DIRECTION('ref_axis',(-1.08884232521107E-16,0.358367949545299,0.933580426497202));
#7363=DIRECTION('',(-1.,4.19502770745015E-16,-2.77662826837712E-16));
#7364=DIRECTION('center_axis',(-3.06249488159903E-16,-0.945518575599334,
-0.325568154457108));
#7365=DIRECTION('ref_axis',(-3.99112103389576E-16,-0.325568154457108,0.945518575599334));
#7366=DIRECTION('',(-1.,4.19502770745015E-16,-2.77662826837712E-16));
#7367=DIRECTION('center_axis',(-4.91145033547672E-16,-0.933580426497202,
0.3583679495453));
#7368=DIRECTION('ref_axis',(-1.08884232521107E-16,0.3583679495453,0.933580426497202));
#7369=DIRECTION('',(-1.,4.19502770745015E-16,-2.77662826837712E-16));
#7370=DIRECTION('center_axis',(-4.46228359269485E-16,-0.484809620246379,
0.874619707139372));
#7371=DIRECTION('ref_axis',(2.32291780857433E-16,0.874619707139372,0.484809620246379));
#7372=DIRECTION('',(-1.,4.19502770745015E-16,-2.77662826837712E-16));
#7373=DIRECTION('center_axis',(-4.91145033547672E-16,-0.933580426497202,
0.3583679495453));
#7374=DIRECTION('ref_axis',(-1.08884232521107E-16,0.3583679495453,0.933580426497202));
#7375=DIRECTION('',(-1.,4.19502770745015E-16,-2.77662826837712E-16));
#7376=DIRECTION('center_axis',(-3.06249488159904E-16,-0.945518575599334,
-0.325568154457105));
#7377=DIRECTION('ref_axis',(-3.99112103389575E-16,-0.325568154457105,0.945518575599334));
#7378=DIRECTION('',(-1.,4.19502770745015E-16,-2.77662826837712E-16));
#7379=DIRECTION('center_axis',(-4.91145033547672E-16,-0.933580426497202,
0.3583679495453));
#7380=DIRECTION('ref_axis',(-1.08884232521107E-16,0.3583679495453,0.933580426497202));
#7381=DIRECTION('',(-1.,4.19502770745015E-16,-2.77662826837712E-16));
#7382=DIRECTION('center_axis',(-4.46228359269485E-16,-0.484809620246382,
0.874619707139371));
#7383=DIRECTION('ref_axis',(2.32291780857432E-16,0.874619707139371,0.484809620246382));
#7384=DIRECTION('',(-1.,4.19502770745015E-16,-2.77662826837712E-16));
#7385=DIRECTION('center_axis',(-4.91145033547672E-16,-0.933580426497202,
0.358367949545299));
#7386=DIRECTION('ref_axis',(-1.08884232521107E-16,0.358367949545299,0.933580426497202));
#7387=DIRECTION('',(-1.,4.19502770745015E-16,-2.77662826837712E-16));
#7388=DIRECTION('center_axis',(-3.06249488159903E-16,-0.945518575599334,
-0.325568154457108));
#7389=DIRECTION('ref_axis',(-3.99112103389576E-16,-0.325568154457108,0.945518575599334));
#7390=DIRECTION('',(-1.,4.19502770745015E-16,-2.77662826837712E-16));
#7391=DIRECTION('center_axis',(-4.91145033547672E-16,-0.933580426497202,
0.3583679495453));
#7392=DIRECTION('ref_axis',(-1.08884232521107E-16,0.3583679495453,0.933580426497202));
#7393=DIRECTION('',(-1.,4.19502770745015E-16,-2.77662826837712E-16));
#7394=DIRECTION('center_axis',(-4.46228359269485E-16,-0.484809620246382,
0.874619707139371));
#7395=DIRECTION('ref_axis',(2.32291780857432E-16,0.874619707139371,0.484809620246382));
#7396=DIRECTION('',(-1.,4.19502770745015E-16,-2.77662826837712E-16));
#7397=DIRECTION('center_axis',(-4.91145033547672E-16,-0.933580426497202,
0.358367949545299));
#7398=DIRECTION('ref_axis',(-1.08884232521107E-16,0.358367949545299,0.933580426497202));
#7399=DIRECTION('',(-1.,4.19502770745015E-16,-2.77662826837712E-16));
#7400=DIRECTION('center_axis',(-3.06249488159903E-16,-0.945518575599334,
-0.325568154457108));
#7401=DIRECTION('ref_axis',(-3.99112103389576E-16,-0.325568154457108,0.945518575599334));
#7402=DIRECTION('',(-1.,4.19502770745015E-16,-2.77662826837712E-16));
#7403=DIRECTION('center_axis',(-4.91145033547672E-16,-0.933580426497202,
0.3583679495453));
#7404=DIRECTION('ref_axis',(-1.08884232521107E-16,0.3583679495453,0.933580426497202));
#7405=DIRECTION('',(-1.,4.19502770745015E-16,-2.77662826837712E-16));
#7406=DIRECTION('center_axis',(-4.46228359269485E-16,-0.484809620246382,
0.874619707139371));
#7407=DIRECTION('ref_axis',(2.32291780857432E-16,0.874619707139371,0.484809620246382));
#7408=DIRECTION('',(-1.,4.19502770745015E-16,-2.77662826837712E-16));
#7409=DIRECTION('center_axis',(-4.91145033547672E-16,-0.933580426497202,
0.358367949545299));
#7410=DIRECTION('ref_axis',(-1.08884232521107E-16,0.358367949545299,0.933580426497202));
#7411=DIRECTION('',(-1.,4.19502770745015E-16,-2.77662826837712E-16));
#7412=DIRECTION('center_axis',(-3.06249488159903E-16,-0.945518575599334,
-0.325568154457108));
#7413=DIRECTION('ref_axis',(-3.99112103389576E-16,-0.325568154457108,0.945518575599334));
#7414=DIRECTION('',(-1.,4.19502770745015E-16,-2.77662826837712E-16));
#7415=DIRECTION('center_axis',(-4.91145033547672E-16,-0.933580426497202,
0.3583679495453));
#7416=DIRECTION('ref_axis',(-1.08884232521107E-16,0.3583679495453,0.933580426497202));
#7417=DIRECTION('',(-1.,4.19502770745015E-16,-2.77662826837712E-16));
#7418=DIRECTION('center_axis',(-4.46228359269485E-16,-0.484809620246382,
0.874619707139371));
#7419=DIRECTION('ref_axis',(2.32291780857432E-16,0.874619707139371,0.484809620246382));
#7420=DIRECTION('',(-1.,4.19502770745015E-16,-2.77662826837712E-16));
#7421=DIRECTION('center_axis',(-4.91145033547672E-16,-0.933580426497202,
0.358367949545299));
#7422=DIRECTION('ref_axis',(-1.08884232521107E-16,0.358367949545299,0.933580426497202));
#7423=DIRECTION('',(-1.,4.19502770745015E-16,-2.77662826837712E-16));
#7424=DIRECTION('center_axis',(-3.06249488159903E-16,-0.945518575599334,
-0.325568154457108));
#7425=DIRECTION('ref_axis',(-3.99112103389576E-16,-0.325568154457108,0.945518575599334));
#7426=DIRECTION('',(-1.,4.19502770745015E-16,-2.77662826837712E-16));
#7427=DIRECTION('center_axis',(-4.91145033547672E-16,-0.933580426497202,
0.3583679495453));
#7428=DIRECTION('ref_axis',(-1.08884232521107E-16,0.3583679495453,0.933580426497202));
#7429=DIRECTION('',(-1.,4.19502770745015E-16,-2.77662826837712E-16));
#7430=DIRECTION('center_axis',(-4.46228359269484E-16,-0.484809620246378,
0.874619707139373));
#7431=DIRECTION('ref_axis',(2.32291780857434E-16,0.874619707139373,0.484809620246378));
#7432=DIRECTION('',(-1.,4.19502770745015E-16,-2.77662826837712E-16));
#7433=DIRECTION('center_axis',(-4.91145033547671E-16,-0.933580426497205,
0.358367949545291));
#7434=DIRECTION('ref_axis',(-1.08884232521112E-16,0.358367949545291,0.933580426497205));
#7435=DIRECTION('',(-1.,4.19502770745015E-16,-2.77662826837712E-16));
#7436=DIRECTION('center_axis',(-3.06249488159903E-16,-0.945518575599334,
-0.325568154457108));
#7437=DIRECTION('ref_axis',(-3.99112103389576E-16,-0.325568154457108,0.945518575599334));
#7438=DIRECTION('',(-1.,4.19502770745015E-16,-2.77662826837712E-16));
#7439=DIRECTION('center_axis',(-4.91145033547689E-16,-0.933580426497144,
0.358367949545451));
#7440=DIRECTION('ref_axis',(-1.08884232521027E-16,0.358367949545451,0.933580426497144));
#7441=DIRECTION('',(-1.,4.19502770745015E-16,-2.77662826837712E-16));
#7442=DIRECTION('center_axis',(-4.46228359269485E-16,-0.484809620246381,
0.874619707139371));
#7443=DIRECTION('ref_axis',(2.32291780857432E-16,0.874619707139371,0.484809620246381));
#7444=DIRECTION('',(-1.,4.19502770745015E-16,-2.77662826837712E-16));
#7445=DIRECTION('center_axis',(-4.91145033547672E-16,-0.933580426497202,
0.358367949545299));
#7446=DIRECTION('ref_axis',(-1.08884232521107E-16,0.358367949545299,0.933580426497202));
#7447=DIRECTION('',(-1.,4.19502770745015E-16,-2.77662826837712E-16));
#7448=DIRECTION('center_axis',(-3.06249488159903E-16,-0.945518575599334,
-0.325568154457108));
#7449=DIRECTION('ref_axis',(-3.99112103389576E-16,-0.325568154457108,0.945518575599334));
#7450=DIRECTION('',(-1.,4.19502770745015E-16,-2.77662826837712E-16));
#7451=DIRECTION('center_axis',(-4.9114503354769E-16,-0.933580426497142,
0.358367949545456));
#7452=DIRECTION('ref_axis',(-2.04671267513018E-14,0.358367949545455,0.933580426497142));
#7453=DIRECTION('center_axis',(-4.91145033547672E-16,-0.933580426497202,
0.3583679495453));
#7454=DIRECTION('ref_axis',(-1.08884232521107E-16,0.3583679495453,0.933580426497202));
#7455=DIRECTION('center_axis',(-1.,4.19502770745015E-16,-2.77662826837712E-16));
#7456=DIRECTION('ref_axis',(-4.91145033547672E-16,-0.933580426497202,0.3583679495453));
#7457=DIRECTION('center_axis',(1.,-4.19502770745015E-16,2.77662826837712E-16));
#7458=DIRECTION('ref_axis',(-1.7429316018131E-17,-0.999847695156391,0.0174524064372834));
#7459=DIRECTION('center_axis',(-1.,4.19502770745015E-16,-2.77662826837712E-16));
#7460=DIRECTION('ref_axis',(4.7596428070146E-16,0.610229344941584,-0.792224808101946));
#7461=DIRECTION('',(-1.,4.19502770745015E-16,-2.77662826837712E-16));
#7462=DIRECTION('',(-1.,4.19502770745015E-16,-2.77662826837712E-16));
#7463=DIRECTION('center_axis',(1.,-7.3585989932734E-18,5.77103095284898E-16));
#7464=DIRECTION('ref_axis',(1.7429316018131E-17,0.999847695156391,-0.0174524064372834));
#7465=DIRECTION('center_axis',(-1.,-3.91826391442128E-19,-1.3308152237249E-16));
#7466=DIRECTION('ref_axis',(-4.73263508453609E-17,-0.933580426497202,0.3583679495453));
#7467=DIRECTION('center_axis',(-1.,-3.91826391442128E-19,-1.3308152237249E-16));
#7468=DIRECTION('ref_axis',(-4.73263508453609E-17,-0.933580426497202,0.3583679495453));
#7469=DIRECTION('',(-1.,-3.91826391442128E-19,-1.3308152237249E-16));
#7470=DIRECTION('center_axis',(-1.,-3.91826391442128E-19,-1.3308152237249E-16));
#7471=DIRECTION('ref_axis',(-4.73263508453609E-17,-0.933580426497202,0.3583679495453));
#7472=DIRECTION('center_axis',(-1.,-3.91826391442128E-19,-1.3308152237249E-16));
#7473=DIRECTION('ref_axis',(-4.7326350845361E-17,-0.933580426497202,0.358367949545299));
#7474=DIRECTION('center_axis',(-1.,-3.91826391442128E-19,-1.3308152237249E-16));
#7475=DIRECTION('ref_axis',(-1.24382722435885E-16,0.3583679495453,0.933580426497202));
#7476=DIRECTION('',(-0.960899565635622,0.258505747732509,-0.0992310594044481));
#7477=DIRECTION('center_axis',(-1.,-3.91826391442128E-19,-1.3308152237249E-16));
#7478=DIRECTION('ref_axis',(-1.24382722435885E-16,0.3583679495453,0.933580426497202));
#7479=DIRECTION('center_axis',(1.,3.91826391442128E-19,1.3308152237249E-16));
#7480=DIRECTION('ref_axis',(-4.7326350845361E-17,-0.933580426497202,0.358367949545299));
#7481=DIRECTION('',(-0.960899565635622,-0.258505747732509,0.0992310594044479));
#7482=DIRECTION('center_axis',(1.,3.91826391442128E-19,1.3308152237249E-16));
#7483=DIRECTION('ref_axis',(-1.24382722435885E-16,0.3583679495453,0.933580426497202));
#7484=DIRECTION('center_axis',(1.,3.91826391442128E-19,1.3308152237249E-16));
#7485=DIRECTION('ref_axis',(-1.24382722435885E-16,0.3583679495453,0.933580426497202));
#7486=DIRECTION('center_axis',(-1.,-3.91826391442128E-19,-1.3308152237249E-16));
#7487=DIRECTION('ref_axis',(-1.24382722435885E-16,0.3583679495453,0.933580426497202));
#7488=DIRECTION('center_axis',(-1.,-3.91826391442128E-19,-1.3308152237249E-16));
#7489=DIRECTION('ref_axis',(-1.24382722435885E-16,0.3583679495453,0.933580426497202));
#7490=DIRECTION('',(-1.,-3.91826391442128E-19,-1.3308152237249E-16));
#7491=DIRECTION('center_axis',(1.,3.91826391442128E-19,1.3308152237249E-16));
#7492=DIRECTION('ref_axis',(-1.24382722435885E-16,0.3583679495453,0.933580426497202));
#7493=DIRECTION('center_axis',(-1.,7.3585989932734E-18,-5.77103095284898E-16));
#7494=DIRECTION('ref_axis',(-5.36135067796185E-16,0.3583679495453,0.933580426497202));
#7495=DIRECTION('center_axis',(1.,-7.3585989932734E-18,5.77103095284898E-16));
#7496=DIRECTION('ref_axis',(-5.36135067796185E-16,0.3583679495453,0.933580426497202));
#7497=DIRECTION('',(1.,-7.3585989932734E-18,5.77103095284898E-16));
#7498=DIRECTION('center_axis',(1.,-7.3585989932734E-18,5.77103095284898E-16));
#7499=DIRECTION('ref_axis',(1.7429316018131E-17,0.999847695156391,-0.0174524064372834));
#7500=DIRECTION('center_axis',(1.,-7.3585989932734E-18,5.77103095284898E-16));
#7501=DIRECTION('ref_axis',(1.7429316018131E-17,0.999847695156391,-0.0174524064372833));
#7502=DIRECTION('center_axis',(1.,-7.3585989932734E-18,5.77103095284898E-16));
#7503=DIRECTION('ref_axis',(1.7429316018131E-17,0.999847695156391,-0.0174524064372833));
#7504=DIRECTION('center_axis',(1.,-7.3585989932734E-18,5.77103095284898E-16));
#7505=DIRECTION('ref_axis',(1.7429316018131E-17,0.999847695156391,-0.0174524064372833));
#7506=DIRECTION('center_axis',(-1.,4.19502770745015E-16,-2.77662826837712E-16));
#7507=DIRECTION('ref_axis',(1.7429316018131E-17,0.999847695156391,-0.0174524064372833));
#7508=DIRECTION('',(1.,-7.3585989932734E-18,5.77103095284898E-16));
#7509=DIRECTION('',(1.,-7.3585989932734E-18,5.77103095284898E-16));
#7510=DIRECTION('',(1.,-7.3585989932734E-18,5.77103095284898E-16));
#7511=DIRECTION('',(1.,-7.3585989932734E-18,5.77103095284898E-16));
#7512=DIRECTION('',(1.,-7.3585989932734E-18,5.77103095284898E-16));
#7513=DIRECTION('center_axis',(1.,-7.3585989932734E-18,5.77103095284898E-16));
#7514=DIRECTION('ref_axis',(1.7429316018131E-17,0.999847695156391,-0.0174524064372834));
#7515=DIRECTION('center_axis',(-1.,4.19502770745015E-16,-2.77662826837712E-16));
#7516=DIRECTION('ref_axis',(-4.91145033547672E-16,-0.933580426497202,0.3583679495453));
#7517=DIRECTION('center_axis',(1.,-4.19502770745015E-16,2.77662826837712E-16));
#7518=DIRECTION('ref_axis',(4.7596428070146E-16,0.610229344941584,-0.792224808101946));
#7519=DIRECTION('',(1.,-4.19502770745015E-16,2.77662826837712E-16));
#7520=DIRECTION('',(-1.,4.19502770745015E-16,-2.77662826837712E-16));
#7521=DIRECTION('center_axis',(-1.,4.19502770745015E-16,-2.77662826837712E-16));
#7522=DIRECTION('ref_axis',(4.7596428070146E-16,0.610229344941584,-0.792224808101946));
#7523=DIRECTION('',(-1.,4.19502770745015E-16,-2.77662826837712E-16));
#7524=DIRECTION('',(-1.,4.19502770745015E-16,-2.77662826837712E-16));
#7525=DIRECTION('',(-1.,4.19502770745015E-16,-2.77662826837712E-16));
#7526=DIRECTION('',(-1.,4.19502770745015E-16,-2.77662826837712E-16));
#7527=DIRECTION('',(-1.,4.19502770745015E-16,-2.77662826837712E-16));
#7528=DIRECTION('',(-1.,4.19502770745015E-16,-2.77662826837712E-16));
#7529=DIRECTION('',(-1.,4.19502770745015E-16,-2.77662826837712E-16));
#7530=DIRECTION('',(-1.,4.19502770745015E-16,-2.77662826837712E-16));
#7531=DIRECTION('',(1.,-4.19502770745015E-16,2.77662826837712E-16));
#7532=DIRECTION('center_axis',(-1.,7.3585989932734E-18,-5.77103095284898E-16));
#7533=DIRECTION('ref_axis',(5.36135067796185E-16,-0.3583679495453,-0.933580426497202));
#7534=DIRECTION('',(-1.,7.3585989932734E-18,-5.77103095284898E-16));
#7535=DIRECTION('center_axis',(-1.,7.3585989932734E-18,-5.77103095284898E-16));
#7536=DIRECTION('ref_axis',(-1.7429316018131E-17,-0.999847695156391,0.0174524064372834));
#7537=DIRECTION('',(-1.,7.3585989932734E-18,-5.77103095284898E-16));
#7538=DIRECTION('center_axis',(-1.,7.3585989932734E-18,-5.77103095284898E-16));
#7539=DIRECTION('ref_axis',(-1.7429316018131E-17,-0.999847695156391,0.0174524064372834));
#7540=DIRECTION('',(-1.,7.3585989932734E-18,-5.77103095284898E-16));
#7541=DIRECTION('center_axis',(-1.,7.3585989932734E-18,-5.77103095284898E-16));
#7542=DIRECTION('ref_axis',(-1.7429316018131E-17,-0.999847695156391,0.0174524064372834));
#7543=DIRECTION('',(-1.,7.3585989932734E-18,-5.77103095284898E-16));
#7544=DIRECTION('',(-1.,7.3585989932734E-18,-5.77103095284898E-16));
#7545=DIRECTION('center_axis',(-1.,7.3585989932734E-18,-5.77103095284898E-16));
#7546=DIRECTION('ref_axis',(-1.7429316018131E-17,-0.999847695156391,0.0174524064372834));
#7547=DIRECTION('center_axis',(-1.,7.3585989932734E-18,-5.77103095284898E-16));
#7548=DIRECTION('ref_axis',(-5.36135067796185E-16,0.3583679495453,0.933580426497202));
#7549=DIRECTION('center_axis',(-1.,7.3585989932734E-18,-5.77103095284898E-16));
#7550=DIRECTION('ref_axis',(-5.36135067796185E-16,0.3583679495453,0.933580426497202));
#7551=DIRECTION('center_axis',(1.,-7.3585989932734E-18,5.77103095284898E-16));
#7552=DIRECTION('ref_axis',(-5.36135067796185E-16,0.3583679495453,0.933580426497202));
#7553=DIRECTION('',(1.,-7.3585989932734E-18,5.77103095284898E-16));
#7554=DIRECTION('center_axis',(1.,-7.3585989932734E-18,5.77103095284898E-16));
#7555=DIRECTION('ref_axis',(-5.36135067796185E-16,0.3583679495453,0.933580426497202));
#7556=DIRECTION('center_axis',(1.,-7.3585989932734E-18,5.77103095284898E-16));
#7557=DIRECTION('ref_axis',(-5.36135067796185E-16,0.3583679495453,0.933580426497202));
#7558=DIRECTION('center_axis',(-1.,7.3585989932734E-18,-5.77103095284898E-16));
#7559=DIRECTION('ref_axis',(-5.36135067796185E-16,0.3583679495453,0.933580426497202));
#7560=DIRECTION('center_axis',(-1.,7.3585989932734E-18,-5.77103095284898E-16));
#7561=DIRECTION('ref_axis',(-5.36135067796185E-16,0.3583679495453,0.933580426497202));
#7562=DIRECTION('',(1.,-7.3585989932734E-18,5.77103095284898E-16));
#7563=DIRECTION('center_axis',(-1.,7.3585989932734E-18,-5.77103095284898E-16));
#7564=DIRECTION('ref_axis',(-5.36135067796185E-16,0.3583679495453,0.933580426497202));
#7565=DIRECTION('center_axis',(-1.,7.3585989932734E-18,-5.77103095284898E-16));
#7566=DIRECTION('ref_axis',(-5.36135067796185E-16,0.3583679495453,0.933580426497202));
#7567=DIRECTION('center_axis',(-1.,7.3585989932734E-18,-5.77103095284898E-16));
#7568=DIRECTION('ref_axis',(-2.13685096920057E-16,-0.933580426497202,0.358367949545299));
#7569=DIRECTION('center_axis',(-1.,7.3585989932734E-18,-5.77103095284898E-16));
#7570=DIRECTION('ref_axis',(-2.13685096920057E-16,-0.933580426497202,0.3583679495453));
#7571=DIRECTION('',(0.960899565635622,-0.258505747732509,0.0992310594044486));
#7572=DIRECTION('center_axis',(1.,-7.3585989932734E-18,5.77103095284898E-16));
#7573=DIRECTION('ref_axis',(-2.13685096920057E-16,-0.933580426497202,0.358367949545299));
#7574=DIRECTION('',(0.960899565635622,0.258505747732509,-0.0992310594044474));
#7575=DIRECTION('center_axis',(-1.,7.3585989932734E-18,-5.77103095284898E-16));
#7576=DIRECTION('ref_axis',(-2.13685096920057E-16,-0.933580426497202,0.3583679495453));
#7577=DIRECTION('center_axis',(-1.,7.3585989932734E-18,-5.77103095284898E-16));
#7578=DIRECTION('ref_axis',(-2.13685096920057E-16,-0.933580426497202,0.3583679495453));
#7579=DIRECTION('',(1.,-7.3585989932734E-18,5.77103095284899E-16));
#7580=DIRECTION('center_axis',(4.07965660510316E-16,0.933580426497173,-0.358367949545375));
#7581=DIRECTION('ref_axis',(-1.,3.41848136189023E-16,-2.47854005477848E-16));
#7582=DIRECTION('',(2.10904266261791E-14,0.358367949550949,0.933580426495033));
#7583=DIRECTION('',(1.,-4.15627558052658E-16,5.56520403815081E-17));
#7584=DIRECTION('',(2.10904266261791E-14,0.358367949550949,0.933580426495033));
#7585=DIRECTION('',(1.,-3.41848136189023E-16,2.47854005477848E-16));
#7586=DIRECTION('center_axis',(-1.,4.117523453603E-16,1.66358746074696E-16));
#7587=DIRECTION('ref_axis',(-3.02868112839193E-16,-0.3583679495453,-0.933580426497202));
#7588=DIRECTION('',(-4.91145033547672E-16,-0.933580426497202,0.3583679495453));
#7589=DIRECTION('',(-3.02868112839193E-16,-0.3583679495453,-0.933580426497202));
#7590=DIRECTION('',(-4.91145033547672E-16,-0.933580426497202,0.3583679495453));
#7591=DIRECTION('',(-4.91145033547672E-16,-0.933580426497202,0.3583679495453));
#7592=DIRECTION('center_axis',(1.,-4.19502770745015E-16,2.77662826837712E-16));
#7593=DIRECTION('ref_axis',(1.08884232521107E-16,-0.3583679495453,-0.933580426497202));
#7594=DIRECTION('',(-4.91145033547709E-16,-0.93358042649708,0.358367949545617));
#7595=DIRECTION('',(3.33929440215395E-16,-0.3583679495453,-0.933580426497202));
#7596=DIRECTION('',(5.71506734194349E-16,0.325568154457108,-0.945518575599333));
#7597=DIRECTION('',(3.33929440215401E-16,-0.35836794954529,-0.933580426497206));
#7598=DIRECTION('',(-5.98971500526585E-17,-0.874619707139371,-0.484809620246382));
#7599=DIRECTION('',(3.33929440215395E-16,-0.3583679495453,-0.933580426497202));
#7600=DIRECTION('',(5.71506734194349E-16,0.325568154457108,-0.945518575599333));
#7601=DIRECTION('',(3.33929440215401E-16,-0.35836794954529,-0.933580426497206));
#7602=DIRECTION('',(-5.98971500526585E-17,-0.874619707139371,-0.484809620246382));
#7603=DIRECTION('',(3.33929440215395E-16,-0.3583679495453,-0.933580426497202));
#7604=DIRECTION('',(5.71506734194349E-16,0.325568154457108,-0.945518575599333));
#7605=DIRECTION('',(3.33929440215401E-16,-0.35836794954529,-0.933580426497206));
#7606=DIRECTION('',(-5.98971500526585E-17,-0.874619707139371,-0.484809620246382));
#7607=DIRECTION('',(3.33929440215395E-16,-0.3583679495453,-0.933580426497202));
#7608=DIRECTION('',(5.71506734194349E-16,0.325568154457108,-0.945518575599333));
#7609=DIRECTION('',(3.33929440215401E-16,-0.35836794954529,-0.933580426497206));
#7610=DIRECTION('',(-5.98971500526585E-17,-0.874619707139371,-0.484809620246382));
#7611=DIRECTION('',(3.33929440215395E-16,-0.3583679495453,-0.933580426497202));
#7612=DIRECTION('',(5.71506734194349E-16,0.325568154457108,-0.945518575599333));
#7613=DIRECTION('',(3.33929440215401E-16,-0.35836794954529,-0.933580426497206));
#7614=DIRECTION('',(-5.98971500526585E-17,-0.874619707139371,-0.484809620246382));
#7615=DIRECTION('',(3.33929440215395E-16,-0.3583679495453,-0.933580426497202));
#7616=DIRECTION('',(5.71506734194349E-16,0.325568154457108,-0.945518575599333));
#7617=DIRECTION('',(3.33929440215401E-16,-0.35836794954529,-0.933580426497206));
#7618=DIRECTION('',(-5.98971500526585E-17,-0.874619707139371,-0.484809620246382));
#7619=DIRECTION('',(3.33929440215395E-16,-0.3583679495453,-0.933580426497202));
#7620=DIRECTION('',(5.71506734194349E-16,0.325568154457105,-0.945518575599334));
#7621=DIRECTION('',(3.33929440215401E-16,-0.35836794954529,-0.933580426497206));
#7622=DIRECTION('',(-5.98971500526603E-17,-0.874619707139372,-0.484809620246379));
#7623=DIRECTION('',(3.33929440215395E-16,-0.3583679495453,-0.933580426497202));
#7624=DIRECTION('',(5.71506734194349E-16,0.325568154457108,-0.945518575599333));
#7625=DIRECTION('',(3.33929440215401E-16,-0.35836794954529,-0.933580426497206));
#7626=DIRECTION('',(-5.98971500526585E-17,-0.874619707139371,-0.484809620246382));
#7627=DIRECTION('',(3.33929440215395E-16,-0.3583679495453,-0.933580426497202));
#7628=DIRECTION('',(5.71506734194349E-16,0.325568154457108,-0.945518575599333));
#7629=DIRECTION('',(3.33929440215401E-16,-0.35836794954529,-0.933580426497206));
#7630=DIRECTION('',(-5.98971500526585E-17,-0.874619707139371,-0.484809620246382));
#7631=DIRECTION('',(3.33929440215395E-16,-0.3583679495453,-0.933580426497202));
#7632=DIRECTION('',(5.71506734194349E-16,0.325568154457108,-0.945518575599333));
#7633=DIRECTION('',(3.33929440215401E-16,-0.35836794954529,-0.933580426497206));
#7634=DIRECTION('',(-5.98971500526585E-17,-0.874619707139371,-0.484809620246382));
#7635=DIRECTION('',(3.33929440215395E-16,-0.3583679495453,-0.933580426497202));
#7636=DIRECTION('',(5.71506734194349E-16,0.325568154457108,-0.945518575599333));
#7637=DIRECTION('',(3.33929440215401E-16,-0.35836794954529,-0.933580426497206));
#7638=DIRECTION('',(-5.98971500526585E-17,-0.874619707139371,-0.484809620246382));
#7639=DIRECTION('',(3.33929440215395E-16,-0.3583679495453,-0.933580426497202));
#7640=DIRECTION('',(5.71506734194349E-16,0.325568154457108,-0.945518575599333));
#7641=DIRECTION('',(3.33929440215401E-16,-0.35836794954529,-0.933580426497206));
#7642=DIRECTION('',(-5.98971500526585E-17,-0.874619707139371,-0.484809620246382));
#7643=DIRECTION('',(3.33929440215395E-16,-0.3583679495453,-0.933580426497202));
#7644=DIRECTION('',(5.71506734194349E-16,0.325568154457108,-0.945518575599333));
#7645=DIRECTION('',(3.33929440215401E-16,-0.35836794954529,-0.933580426497206));
#7646=DIRECTION('',(-5.98971500526585E-17,-0.874619707139371,-0.484809620246382));
#7647=DIRECTION('',(3.33929440215395E-16,-0.3583679495453,-0.933580426497202));
#7648=DIRECTION('',(5.71506734194349E-16,0.325568154457108,-0.945518575599333));
#7649=DIRECTION('',(3.33929440215401E-16,-0.35836794954529,-0.933580426497206));
#7650=DIRECTION('',(-5.98971500526585E-17,-0.874619707139371,-0.484809620246382));
#7651=DIRECTION('',(3.33929440215395E-16,-0.3583679495453,-0.933580426497202));
#7652=DIRECTION('',(5.71506734194349E-16,0.325568154457108,-0.945518575599333));
#7653=DIRECTION('',(3.33929440215401E-16,-0.35836794954529,-0.933580426497206));
#7654=DIRECTION('',(-5.98971500526585E-17,-0.874619707139371,-0.484809620246382));
#7655=DIRECTION('',(3.33929440215395E-16,-0.3583679495453,-0.933580426497202));
#7656=DIRECTION('',(5.71506734194349E-16,0.325568154457108,-0.945518575599333));
#7657=DIRECTION('',(3.33929440215401E-16,-0.35836794954529,-0.933580426497206));
#7658=DIRECTION('',(-5.98971500526585E-17,-0.874619707139371,-0.484809620246382));
#7659=DIRECTION('',(3.33929440215395E-16,-0.3583679495453,-0.933580426497202));
#7660=DIRECTION('',(5.71506734194349E-16,0.325568154457108,-0.945518575599333));
#7661=DIRECTION('',(3.33929440215401E-16,-0.35836794954529,-0.933580426497206));
#7662=DIRECTION('center_axis',(-1.,4.117523453603E-16,1.66358746074696E-16));
#7663=DIRECTION('ref_axis',(-4.91145033547672E-16,-0.933580426497202,0.3583679495453));
#7664=DIRECTION('center_axis',(-1.,4.15627558052658E-16,-5.5652040381508E-17));
#7665=DIRECTION('ref_axis',(-2.48686434578239E-16,-0.694658370458998,-0.719339800338651));
#7666=DIRECTION('center_axis',(-1.,-1.79301928707447E-15,-4.65084280501825E-16));
#7667=DIRECTION('ref_axis',(1.82587705566854E-15,-0.996431351514482,-0.0844071188882935));
#7668=DIRECTION('',(1.,-4.15627558052658E-16,5.5652040381508E-17));
#7669=DIRECTION('center_axis',(-0.707106781186546,-0.660141050359202,0.253404407283401));
#7670=DIRECTION('ref_axis',(0.707106781186549,-0.660141050359199,0.2534044072834));
#7671=DIRECTION('',(1.,-4.15627558052658E-16,5.56520403815081E-17));
#7672=DIRECTION('center_axis',(1.,-4.15627558052658E-16,5.5652040381508E-17));
#7673=DIRECTION('ref_axis',(-2.48686434578239E-16,-0.694658370458998,-0.719339800338651));
#7674=DIRECTION('',(-1.,4.15627558052658E-16,-5.56520403815081E-17));
#7675=DIRECTION('',(-1.,4.15627558052658E-16,-5.5652040381508E-17));
#7676=DIRECTION('',(-1.,4.15627558052658E-16,-5.56520403815081E-17));
#7677=DIRECTION('center_axis',(1.,-4.15627558052658E-16,5.5652040381508E-17));
#7678=DIRECTION('ref_axis',(-2.48686434578239E-16,-0.694658370458998,-0.719339800338651));
#7679=DIRECTION('',(1.,-4.15627558052658E-16,5.56520403815081E-17));
#7680=DIRECTION('center_axis',(0.707106781186545,-0.660141050359203,0.253404407283401));
#7681=DIRECTION('ref_axis',(-0.707106781186549,-0.660141050359199,0.2534044072834));
#7682=DIRECTION('',(1.,-4.15627558052658E-16,5.5652040381508E-17));
#7683=DIRECTION('center_axis',(-1.,-1.79301928707447E-15,-4.65084280501825E-16));
#7684=DIRECTION('ref_axis',(1.82587705566854E-15,-0.996431351514482,-0.0844071188882935));
#7685=DIRECTION('center_axis',(4.07965660510316E-16,0.933580426497173,-0.358367949545375));
#7686=DIRECTION('ref_axis',(-1.,3.41848136189023E-16,-2.47854005477848E-16));
#7687=DIRECTION('',(-1.9020647488432E-15,-0.3583679495453,-0.933580426497202));
#7688=DIRECTION('',(9.69919401590761E-17,0.358367949545375,0.933580426497173));
#7689=DIRECTION('',(1.,-4.21421805158257E-16,4.05575106085814E-17));
#7690=DIRECTION('',(1.08884232521067E-16,-0.358367949545375,-0.933580426497173));
#7691=DIRECTION('',(-1.,4.89406979916293E-16,1.36549924714832E-16));
#7692=DIRECTION('center_axis',(4.07965660510316E-16,0.933580426497173,-0.358367949545375));
#7693=DIRECTION('ref_axis',(-1.,3.41848136189023E-16,-2.47854005477848E-16));
#7694=DIRECTION('',(1.70808086852512E-15,-0.3583679495453,-0.933580426497202));
#7695=DIRECTION('',(-1.,4.89406979916293E-16,1.36549924714832E-16));
#7696=DIRECTION('',(3.02868112839219E-16,0.358367949545375,0.933580426497173));
#7697=DIRECTION('',(1.,-4.21421805158257E-16,4.05575106085814E-17));
#7698=DIRECTION('',(-9.69919401590761E-17,-0.358367949545375,-0.933580426497173));
#7699=DIRECTION('center_axis',(-3.02868112839193E-16,-0.3583679495453,-0.933580426497202));
#7700=DIRECTION('ref_axis',(1.76661758675719E-14,-0.933580426497202,0.3583679495453));
#7701=DIRECTION('',(1.,-4.117523453603E-16,-1.66358746074696E-16));
#7702=DIRECTION('',(-1.76661758675719E-14,0.933580426497202,-0.3583679495453));
#7703=DIRECTION('',(1.,-4.117523453603E-16,-1.66358746074696E-16));
#7704=DIRECTION('center_axis',(-1.08884232521107E-16,0.3583679495453,0.933580426497202));
#7705=DIRECTION('ref_axis',(-1.84821071885925E-14,-0.933580426497202,0.3583679495453));
#7706=DIRECTION('',(4.91145033547672E-16,0.933580426497202,-0.3583679495453));
#7707=DIRECTION('',(-1.,4.19502770745015E-16,-2.77662826837712E-16));
#7708=DIRECTION('',(1.84821071885925E-14,0.933580426497202,-0.3583679495453));
#7709=DIRECTION('',(-1.,4.19502770745015E-16,-2.77662826837712E-16));
#7710=DIRECTION('center_axis',(-2.14424785304505E-16,-0.392767673992237,
0.919637729906036));
#7711=DIRECTION('ref_axis',(3.60368461520368E-16,0.919637729906037,0.392767673992237));
#7712=DIRECTION('',(3.60368461520369E-16,0.919637729906037,0.392767673992237));
#7713=DIRECTION('',(1.,-4.15627558052658E-16,5.56520403815081E-17));
#7714=DIRECTION('',(3.60368461520369E-16,0.919637729906037,0.392767673992237));
#7715=DIRECTION('',(1.,-4.15627558052658E-16,5.56520403815081E-17));
#7716=DIRECTION('center_axis',(1.,-4.15627558052658E-16,5.5652040381508E-17));
#7717=DIRECTION('ref_axis',(-2.48686434578239E-16,-0.694658370458998,-0.719339800338651));
#7718=DIRECTION('center_axis',(1.,-4.15627558052658E-16,5.5652040381508E-17));
#7719=DIRECTION('ref_axis',(-3.37636600308977E-16,-0.719339800338651,0.694658370458997));
#7720=DIRECTION('',(1.,-4.15627558052658E-16,5.56520403815081E-17));
#7721=DIRECTION('center_axis',(1.,-4.15627558052658E-16,5.5652040381508E-17));
#7722=DIRECTION('ref_axis',(-3.37636600308977E-16,-0.719339800338651,0.694658370458997));
#7723=DIRECTION('center_axis',(2.48686434578239E-16,0.694658370458997,0.719339800338651));
#7724=DIRECTION('ref_axis',(3.37636600308977E-16,0.719339800338651,-0.694658370458997));
#7725=DIRECTION('',(3.37636600308977E-16,0.719339800338651,-0.694658370458997));
#7726=DIRECTION('',(3.37636600308977E-16,0.719339800338651,-0.694658370458997));
#7727=DIRECTION('',(1.,-4.15627558052658E-16,5.56520403815081E-17));
#7728=DIRECTION('center_axis',(2.48686434578239E-16,0.694658370458997,0.719339800338651));
#7729=DIRECTION('ref_axis',(3.37636600308977E-16,0.719339800338651,-0.694658370458997));
#7730=DIRECTION('',(3.37636600308977E-16,0.719339800338651,-0.694658370458997));
#7731=DIRECTION('',(1.,-4.15627558052658E-16,5.56520403815081E-17));
#7732=DIRECTION('',(3.37636600308977E-16,0.719339800338651,-0.694658370458997));
#7733=DIRECTION('',(1.,-4.15627558052658E-16,5.56520403815081E-17));
#7734=DIRECTION('center_axis',(1.,-4.15627558052658E-16,5.5652040381508E-17));
#7735=DIRECTION('ref_axis',(-2.48686434578239E-16,-0.694658370458998,-0.719339800338651));
#7736=DIRECTION('center_axis',(1.,-4.15627558052658E-16,5.5652040381508E-17));
#7737=DIRECTION('ref_axis',(-3.37636600308977E-16,-0.719339800338651,0.694658370458997));
#7738=DIRECTION('center_axis',(1.,-4.15627558052658E-16,5.5652040381508E-17));
#7739=DIRECTION('ref_axis',(-3.37636600308977E-16,-0.719339800338651,0.694658370458997));
#7740=DIRECTION('',(1.,-4.15627558052658E-16,5.56520403815081E-17));
#7741=DIRECTION('center_axis',(-2.14424785304505E-16,-0.392767673992237,
0.919637729906036));
#7742=DIRECTION('ref_axis',(3.60368461520368E-16,0.919637729906037,0.392767673992237));
#7743=DIRECTION('',(3.60368461520369E-16,0.919637729906037,0.392767673992237));
#7744=DIRECTION('',(1.,-4.15627558052658E-16,5.56520403815081E-17));
#7745=DIRECTION('',(3.60368461520369E-16,0.919637729906037,0.392767673992237));
#7746=DIRECTION('center_axis',(-9.69919401590761E-17,-0.358367949545375,
-0.933580426497173));
#7747=DIRECTION('ref_axis',(-4.07965660510316E-16,-0.933580426497173,0.358367949545375));
#7748=DIRECTION('',(-1.,4.15627558052658E-16,-5.5652040381508E-17));
#7749=DIRECTION('',(-4.07965660510316E-16,-0.933580426497173,0.358367949545375));
#7750=DIRECTION('',(-1.,4.15627558052658E-16,-5.5652040381508E-17));
#7751=DIRECTION('',(-4.07965660510316E-16,-0.933580426497173,0.358367949545374));
#7752=DIRECTION('center_axis',(9.69919401590761E-17,0.358367949545375,0.933580426497173));
#7753=DIRECTION('ref_axis',(4.07965660510316E-16,0.933580426497173,-0.358367949545375));
#7754=DIRECTION('',(4.07965660510316E-16,0.933580426497173,-0.358367949545375));
#7755=DIRECTION('',(1.,-4.15627558052658E-16,5.56520403815081E-17));
#7756=DIRECTION('',(4.07965660510316E-16,0.933580426497173,-0.358367949545375));
#7757=DIRECTION('',(-1.,4.15627558052658E-16,-5.5652040381508E-17));
#7758=DIRECTION('center_axis',(1.,-4.15627558052658E-16,5.5652040381508E-17));
#7759=DIRECTION('ref_axis',(-3.57058943644999E-16,-0.913545457642602,-0.406736643075798));
#7760=DIRECTION('center_axis',(1.,-4.15627558052658E-16,5.5652040381508E-17));
#7761=DIRECTION('ref_axis',(-3.37636600308977E-16,-0.719339800338651,0.694658370458997));
#7762=DIRECTION('center_axis',(1.,-4.15627558052658E-16,5.5652040381508E-17));
#7763=DIRECTION('ref_axis',(-3.37636600308977E-16,-0.719339800338651,0.694658370458997));
#7764=DIRECTION('',(-1.,4.15627558052658E-16,-5.5652040381508E-17));
#7765=DIRECTION('center_axis',(-3.57058943644999E-16,-0.913545457642602,
-0.406736643075798));
#7766=DIRECTION('ref_axis',(-1.,4.15627558052658E-16,-5.56520403815081E-17));
#7767=DIRECTION('',(2.19891626431199E-16,0.406736643075798,-0.913545457642602));
#7768=DIRECTION('',(2.19891626431199E-16,0.406736643075798,-0.913545457642602));
#7769=DIRECTION('',(-1.,4.15627558052658E-16,-5.5652040381508E-17));
#7770=DIRECTION('center_axis',(1.,-4.15627558052658E-16,5.5652040381508E-17));
#7771=DIRECTION('ref_axis',(-4.07965660510316E-16,-0.933580426497173,0.358367949545375));
#7772=DIRECTION('center_axis',(1.,-4.15627558052658E-16,5.5652040381508E-17));
#7773=DIRECTION('ref_axis',(-3.37636600308977E-16,-0.719339800338651,0.694658370458997));
#7774=DIRECTION('center_axis',(1.,-4.15627558052658E-16,5.5652040381508E-17));
#7775=DIRECTION('ref_axis',(-3.37636600308977E-16,-0.719339800338651,0.694658370458997));
#7776=DIRECTION('',(-1.,4.15627558052658E-16,-5.5652040381508E-17));
#7777=DIRECTION('center_axis',(4.07965660510316E-16,0.933580426497173,-0.358367949545375));
#7778=DIRECTION('ref_axis',(-9.6991940159076E-17,-0.358367949545375,-0.933580426497173));
#7779=DIRECTION('',(1.13160370156652E-16,0.358367949545375,0.933580426497173));
#7780=DIRECTION('',(1.,-4.15627558052658E-16,5.56520403815081E-17));
#7781=DIRECTION('',(-9.69919401590761E-17,-0.358367949545375,-0.933580426497173));
#7782=DIRECTION('center_axis',(-4.91145033547672E-16,-0.933580426497202,
0.3583679495453));
#7783=DIRECTION('ref_axis',(1.,-4.19502770745015E-16,2.77662826837712E-16));
#7784=DIRECTION('',(-1.,4.19502770745015E-16,-2.77662826837712E-16));
#7785=DIRECTION('',(1.,-4.19502770745015E-16,2.77662826837712E-16));
#7786=DIRECTION('',(-4.68956564831889E-16,0.35836794954545,0.933580426497144));
#7787=DIRECTION('center_axis',(3.06249488159903E-16,0.945518575599333,0.325568154457108));
#7788=DIRECTION('ref_axis',(3.99112103389576E-16,0.325568154457108,-0.945518575599333));
#7789=DIRECTION('',(-6.74943512677213E-16,-0.325568154457108,0.945518575599333));
#7790=DIRECTION('',(-1.,4.19502770745015E-16,-2.77662826837712E-16));
#7791=DIRECTION('',(-1.,4.19502770745015E-16,-2.77662826837712E-16));
#7792=DIRECTION('center_axis',(4.91145033547671E-16,0.933580426497206,-0.35836794954529));
#7793=DIRECTION('ref_axis',(1.08884232521112E-16,-0.35836794954529,-0.933580426497206));
#7794=DIRECTION('',(-4.68956564831974E-16,0.35836794954529,0.933580426497206));
#7795=DIRECTION('',(1.,-4.19502770745015E-16,2.77662826837712E-16));
#7796=DIRECTION('center_axis',(3.06249488159903E-16,0.945518575599333,0.325568154457108));
#7797=DIRECTION('ref_axis',(3.99112103389576E-16,0.325568154457108,-0.945518575599333));
#7798=DIRECTION('',(-6.74943512677213E-16,-0.325568154457108,0.945518575599333));
#7799=DIRECTION('',(-1.,4.19502770745015E-16,-2.77662826837712E-16));
#7800=DIRECTION('',(-1.,4.19502770745015E-16,-2.77662826837712E-16));
#7801=DIRECTION('center_axis',(4.91145033547671E-16,0.933580426497206,-0.35836794954529));
#7802=DIRECTION('ref_axis',(1.08884232521112E-16,-0.35836794954529,-0.933580426497206));
#7803=DIRECTION('',(-4.68956564831974E-16,0.35836794954529,0.933580426497206));
#7804=DIRECTION('',(-1.,4.19502770745015E-16,-2.77662826837712E-16));
#7805=DIRECTION('center_axis',(4.46228359269485E-16,0.484809620246382,-0.874619707139371));
#7806=DIRECTION('ref_axis',(-2.32291780857432E-16,-0.874619707139371,-0.484809620246382));
#7807=DIRECTION('',(-4.35396284302055E-17,0.874619707139371,0.484809620246382));
#7808=DIRECTION('',(1.,-4.19502770745015E-16,2.77662826837712E-16));
#7809=DIRECTION('center_axis',(3.06249488159903E-16,0.945518575599333,0.325568154457108));
#7810=DIRECTION('ref_axis',(3.99112103389576E-16,0.325568154457108,-0.945518575599333));
#7811=DIRECTION('',(-6.74943512677213E-16,-0.325568154457108,0.945518575599333));
#7812=DIRECTION('',(-1.,4.19502770745015E-16,-2.77662826837712E-16));
#7813=DIRECTION('',(-1.,4.19502770745015E-16,-2.77662826837712E-16));
#7814=DIRECTION('center_axis',(4.91145033547671E-16,0.933580426497206,-0.35836794954529));
#7815=DIRECTION('ref_axis',(1.08884232521112E-16,-0.35836794954529,-0.933580426497206));
#7816=DIRECTION('',(-4.68956564831974E-16,0.35836794954529,0.933580426497206));
#7817=DIRECTION('',(-1.,4.19502770745015E-16,-2.77662826837712E-16));
#7818=DIRECTION('center_axis',(4.46228359269485E-16,0.484809620246382,-0.874619707139371));
#7819=DIRECTION('ref_axis',(-2.32291780857432E-16,-0.874619707139371,-0.484809620246382));
#7820=DIRECTION('',(-4.35396284302055E-17,0.874619707139371,0.484809620246382));
#7821=DIRECTION('',(1.,-4.19502770745015E-16,2.77662826837712E-16));
#7822=DIRECTION('center_axis',(3.06249488159903E-16,0.945518575599333,0.325568154457108));
#7823=DIRECTION('ref_axis',(3.99112103389576E-16,0.325568154457108,-0.945518575599333));
#7824=DIRECTION('',(-6.74943512677213E-16,-0.325568154457108,0.945518575599333));
#7825=DIRECTION('',(-1.,4.19502770745015E-16,-2.77662826837712E-16));
#7826=DIRECTION('',(-1.,4.19502770745015E-16,-2.77662826837712E-16));
#7827=DIRECTION('center_axis',(4.91145033547671E-16,0.933580426497206,-0.35836794954529));
#7828=DIRECTION('ref_axis',(1.08884232521112E-16,-0.35836794954529,-0.933580426497206));
#7829=DIRECTION('',(-4.68956564831974E-16,0.35836794954529,0.933580426497206));
#7830=DIRECTION('',(-1.,4.19502770745015E-16,-2.77662826837712E-16));
#7831=DIRECTION('center_axis',(4.46228359269485E-16,0.484809620246382,-0.874619707139371));
#7832=DIRECTION('ref_axis',(-2.32291780857432E-16,-0.874619707139371,-0.484809620246382));
#7833=DIRECTION('',(-4.35396284302055E-17,0.874619707139371,0.484809620246382));
#7834=DIRECTION('',(1.,-4.19502770745015E-16,2.77662826837712E-16));
#7835=DIRECTION('center_axis',(3.06249488159903E-16,0.945518575599333,0.325568154457108));
#7836=DIRECTION('ref_axis',(3.99112103389576E-16,0.325568154457108,-0.945518575599333));
#7837=DIRECTION('',(-6.74943512677213E-16,-0.325568154457108,0.945518575599333));
#7838=DIRECTION('',(-1.,4.19502770745015E-16,-2.77662826837712E-16));
#7839=DIRECTION('',(-1.,4.19502770745015E-16,-2.77662826837712E-16));
#7840=DIRECTION('center_axis',(4.91145033547671E-16,0.933580426497206,-0.35836794954529));
#7841=DIRECTION('ref_axis',(1.08884232521112E-16,-0.35836794954529,-0.933580426497206));
#7842=DIRECTION('',(-4.68956564831974E-16,0.35836794954529,0.933580426497206));
#7843=DIRECTION('',(-1.,4.19502770745015E-16,-2.77662826837712E-16));
#7844=DIRECTION('center_axis',(4.46228359269485E-16,0.484809620246382,-0.874619707139371));
#7845=DIRECTION('ref_axis',(-2.32291780857432E-16,-0.874619707139371,-0.484809620246382));
#7846=DIRECTION('',(-4.35396284302055E-17,0.874619707139371,0.484809620246382));
#7847=DIRECTION('',(1.,-4.19502770745015E-16,2.77662826837712E-16));
#7848=DIRECTION('center_axis',(3.06249488159903E-16,0.945518575599333,0.325568154457108));
#7849=DIRECTION('ref_axis',(3.99112103389576E-16,0.325568154457108,-0.945518575599333));
#7850=DIRECTION('',(-6.74943512677213E-16,-0.325568154457108,0.945518575599333));
#7851=DIRECTION('',(-1.,4.19502770745015E-16,-2.77662826837712E-16));
#7852=DIRECTION('',(-1.,4.19502770745015E-16,-2.77662826837712E-16));
#7853=DIRECTION('center_axis',(4.91145033547671E-16,0.933580426497206,-0.35836794954529));
#7854=DIRECTION('ref_axis',(1.08884232521112E-16,-0.35836794954529,-0.933580426497206));
#7855=DIRECTION('',(-4.68956564831974E-16,0.35836794954529,0.933580426497206));
#7856=DIRECTION('',(-1.,4.19502770745015E-16,-2.77662826837712E-16));
#7857=DIRECTION('center_axis',(4.46228359269485E-16,0.484809620246382,-0.874619707139371));
#7858=DIRECTION('ref_axis',(-2.32291780857432E-16,-0.874619707139371,-0.484809620246382));
#7859=DIRECTION('',(-4.35396284302055E-17,0.874619707139371,0.484809620246382));
#7860=DIRECTION('',(1.,-4.19502770745015E-16,2.77662826837712E-16));
#7861=DIRECTION('center_axis',(3.06249488159903E-16,0.945518575599333,0.325568154457108));
#7862=DIRECTION('ref_axis',(3.99112103389576E-16,0.325568154457108,-0.945518575599333));
#7863=DIRECTION('',(-6.74943512677213E-16,-0.325568154457108,0.945518575599333));
#7864=DIRECTION('',(-1.,4.19502770745015E-16,-2.77662826837712E-16));
#7865=DIRECTION('',(-1.,4.19502770745015E-16,-2.77662826837712E-16));
#7866=DIRECTION('center_axis',(4.91145033547671E-16,0.933580426497206,-0.35836794954529));
#7867=DIRECTION('ref_axis',(1.08884232521112E-16,-0.35836794954529,-0.933580426497206));
#7868=DIRECTION('',(-4.68956564831974E-16,0.35836794954529,0.933580426497206));
#7869=DIRECTION('',(-1.,4.19502770745015E-16,-2.77662826837712E-16));
#7870=DIRECTION('center_axis',(4.46228359269485E-16,0.484809620246382,-0.874619707139371));
#7871=DIRECTION('ref_axis',(-2.32291780857432E-16,-0.874619707139371,-0.484809620246382));
#7872=DIRECTION('',(-4.35396284302055E-17,0.874619707139371,0.484809620246382));
#7873=DIRECTION('',(1.,-4.19502770745015E-16,2.77662826837712E-16));
#7874=DIRECTION('center_axis',(3.06249488159903E-16,0.945518575599333,0.325568154457108));
#7875=DIRECTION('ref_axis',(3.99112103389576E-16,0.325568154457108,-0.945518575599333));
#7876=DIRECTION('',(-6.74943512677213E-16,-0.325568154457108,0.945518575599333));
#7877=DIRECTION('',(-1.,4.19502770745015E-16,-2.77662826837712E-16));
#7878=DIRECTION('',(-1.,4.19502770745015E-16,-2.77662826837712E-16));
#7879=DIRECTION('center_axis',(4.91145033547671E-16,0.933580426497206,-0.35836794954529));
#7880=DIRECTION('ref_axis',(1.08884232521112E-16,-0.35836794954529,-0.933580426497206));
#7881=DIRECTION('',(-4.68956564831974E-16,0.35836794954529,0.933580426497206));
#7882=DIRECTION('',(-1.,4.19502770745015E-16,-2.77662826837712E-16));
#7883=DIRECTION('center_axis',(4.46228359269485E-16,0.484809620246382,-0.874619707139371));
#7884=DIRECTION('ref_axis',(-2.32291780857432E-16,-0.874619707139371,-0.484809620246382));
#7885=DIRECTION('',(-4.35396284302055E-17,0.874619707139371,0.484809620246382));
#7886=DIRECTION('',(1.,-4.19502770745015E-16,2.77662826837712E-16));
#7887=DIRECTION('center_axis',(3.06249488159903E-16,0.945518575599333,0.325568154457108));
#7888=DIRECTION('ref_axis',(3.99112103389576E-16,0.325568154457108,-0.945518575599333));
#7889=DIRECTION('',(-6.74943512677213E-16,-0.325568154457108,0.945518575599333));
#7890=DIRECTION('',(-1.,4.19502770745015E-16,-2.77662826837712E-16));
#7891=DIRECTION('',(-1.,4.19502770745015E-16,-2.77662826837712E-16));
#7892=DIRECTION('center_axis',(4.91145033547671E-16,0.933580426497206,-0.35836794954529));
#7893=DIRECTION('ref_axis',(1.08884232521112E-16,-0.35836794954529,-0.933580426497206));
#7894=DIRECTION('',(-4.68956564831974E-16,0.35836794954529,0.933580426497206));
#7895=DIRECTION('',(-1.,4.19502770745015E-16,-2.77662826837712E-16));
#7896=DIRECTION('center_axis',(4.46228359269485E-16,0.484809620246382,-0.874619707139371));
#7897=DIRECTION('ref_axis',(-2.32291780857432E-16,-0.874619707139371,-0.484809620246382));
#7898=DIRECTION('',(-4.35396284302055E-17,0.874619707139371,0.484809620246382));
#7899=DIRECTION('',(1.,-4.19502770745015E-16,2.77662826837712E-16));
#7900=DIRECTION('center_axis',(3.06249488159903E-16,0.945518575599333,0.325568154457108));
#7901=DIRECTION('ref_axis',(3.99112103389576E-16,0.325568154457108,-0.945518575599333));
#7902=DIRECTION('',(-6.74943512677213E-16,-0.325568154457108,0.945518575599333));
#7903=DIRECTION('',(-1.,4.19502770745015E-16,-2.77662826837712E-16));
#7904=DIRECTION('',(-1.,4.19502770745015E-16,-2.77662826837712E-16));
#7905=DIRECTION('center_axis',(4.91145033547671E-16,0.933580426497206,-0.35836794954529));
#7906=DIRECTION('ref_axis',(1.08884232521112E-16,-0.35836794954529,-0.933580426497206));
#7907=DIRECTION('',(-4.68956564831974E-16,0.35836794954529,0.933580426497206));
#7908=DIRECTION('',(-1.,4.19502770745015E-16,-2.77662826837712E-16));
#7909=DIRECTION('center_axis',(4.46228359269485E-16,0.484809620246382,-0.874619707139371));
#7910=DIRECTION('ref_axis',(-2.32291780857432E-16,-0.874619707139371,-0.484809620246382));
#7911=DIRECTION('',(-4.35396284302055E-17,0.874619707139371,0.484809620246382));
#7912=DIRECTION('center_axis',(4.91145033547671E-16,0.933580426497206,-0.35836794954529));
#7913=DIRECTION('ref_axis',(1.08884232521112E-16,-0.35836794954529,-0.933580426497206));
#7914=DIRECTION('',(-4.68956564831974E-16,0.35836794954529,0.933580426497206));
#7915=DIRECTION('',(-1.,4.19502770745015E-16,-2.77662826837712E-16));
#7916=DIRECTION('',(-1.,4.19502770745015E-16,-2.77662826837712E-16));
#7917=DIRECTION('center_axis',(4.46228359269485E-16,0.484809620246382,-0.874619707139371));
#7918=DIRECTION('ref_axis',(-2.32291780857432E-16,-0.874619707139371,-0.484809620246382));
#7919=DIRECTION('',(-4.35396284302055E-17,0.874619707139371,0.484809620246382));
#7920=DIRECTION('',(1.,-4.19502770745015E-16,2.77662826837712E-16));
#7921=DIRECTION('center_axis',(3.06249488159903E-16,0.945518575599333,0.325568154457108));
#7922=DIRECTION('ref_axis',(3.99112103389576E-16,0.325568154457108,-0.945518575599333));
#7923=DIRECTION('',(-6.74943512677213E-16,-0.325568154457108,0.945518575599333));
#7924=DIRECTION('',(-1.,4.19502770745015E-16,-2.77662826837712E-16));
#7925=DIRECTION('center_axis',(3.06249488159903E-16,0.945518575599333,0.325568154457108));
#7926=DIRECTION('ref_axis',(3.99112103389576E-16,0.325568154457108,-0.945518575599333));
#7927=DIRECTION('',(-6.74943512677213E-16,-0.325568154457108,0.945518575599333));
#7928=DIRECTION('',(-1.,4.19502770745015E-16,-2.77662826837712E-16));
#7929=DIRECTION('',(-1.,4.19502770745015E-16,-2.77662826837712E-16));
#7930=DIRECTION('center_axis',(4.91145033547671E-16,0.933580426497206,-0.35836794954529));
#7931=DIRECTION('ref_axis',(1.08884232521112E-16,-0.35836794954529,-0.933580426497206));
#7932=DIRECTION('',(-4.68956564831974E-16,0.35836794954529,0.933580426497206));
#7933=DIRECTION('',(-1.,4.19502770745015E-16,-2.77662826837712E-16));
#7934=DIRECTION('center_axis',(4.46228359269485E-16,0.484809620246382,-0.874619707139371));
#7935=DIRECTION('ref_axis',(-2.32291780857432E-16,-0.874619707139371,-0.484809620246382));
#7936=DIRECTION('',(-4.35396284302055E-17,0.874619707139371,0.484809620246382));
#7937=DIRECTION('',(1.,-4.19502770745015E-16,2.77662826837712E-16));
#7938=DIRECTION('center_axis',(3.06249488159903E-16,0.945518575599333,0.325568154457108));
#7939=DIRECTION('ref_axis',(3.99112103389576E-16,0.325568154457108,-0.945518575599333));
#7940=DIRECTION('',(-6.74943512677213E-16,-0.325568154457108,0.945518575599333));
#7941=DIRECTION('',(-1.,4.19502770745015E-16,-2.77662826837712E-16));
#7942=DIRECTION('',(-1.,4.19502770745015E-16,-2.77662826837712E-16));
#7943=DIRECTION('center_axis',(4.91145033547671E-16,0.933580426497206,-0.35836794954529));
#7944=DIRECTION('ref_axis',(1.08884232521112E-16,-0.35836794954529,-0.933580426497206));
#7945=DIRECTION('',(-4.68956564831974E-16,0.35836794954529,0.933580426497206));
#7946=DIRECTION('',(-1.,4.19502770745015E-16,-2.77662826837712E-16));
#7947=DIRECTION('center_axis',(4.46228359269485E-16,0.484809620246382,-0.874619707139371));
#7948=DIRECTION('ref_axis',(-2.32291780857432E-16,-0.874619707139371,-0.484809620246382));
#7949=DIRECTION('',(-4.35396284302055E-17,0.874619707139371,0.484809620246382));
#7950=DIRECTION('',(1.,-4.19502770745015E-16,2.77662826837712E-16));
#7951=DIRECTION('center_axis',(3.06249488159903E-16,0.945518575599333,0.325568154457108));
#7952=DIRECTION('ref_axis',(3.99112103389576E-16,0.325568154457108,-0.945518575599333));
#7953=DIRECTION('',(-6.74943512677213E-16,-0.325568154457108,0.945518575599333));
#7954=DIRECTION('',(-1.,4.19502770745015E-16,-2.77662826837712E-16));
#7955=DIRECTION('',(-1.,4.19502770745015E-16,-2.77662826837712E-16));
#7956=DIRECTION('center_axis',(4.91145033547671E-16,0.933580426497206,-0.35836794954529));
#7957=DIRECTION('ref_axis',(1.08884232521112E-16,-0.35836794954529,-0.933580426497206));
#7958=DIRECTION('',(-4.68956564831974E-16,0.35836794954529,0.933580426497206));
#7959=DIRECTION('',(-1.,4.19502770745015E-16,-2.77662826837712E-16));
#7960=DIRECTION('center_axis',(4.46228359269485E-16,0.484809620246382,-0.874619707139371));
#7961=DIRECTION('ref_axis',(-2.32291780857432E-16,-0.874619707139371,-0.484809620246382));
#7962=DIRECTION('',(-4.35396284302055E-17,0.874619707139371,0.484809620246382));
#7963=DIRECTION('',(1.,-4.19502770745015E-16,2.77662826837712E-16));
#7964=DIRECTION('center_axis',(3.06249488159904E-16,0.945518575599334,0.325568154457105));
#7965=DIRECTION('ref_axis',(3.99112103389575E-16,0.325568154457105,-0.945518575599334));
#7966=DIRECTION('',(-6.74943512677213E-16,-0.325568154457105,0.945518575599334));
#7967=DIRECTION('',(-1.,4.19502770745015E-16,-2.77662826837712E-16));
#7968=DIRECTION('',(-1.,4.19502770745015E-16,-2.77662826837712E-16));
#7969=DIRECTION('center_axis',(4.91145033547671E-16,0.933580426497206,-0.35836794954529));
#7970=DIRECTION('ref_axis',(1.08884232521112E-16,-0.35836794954529,-0.933580426497206));
#7971=DIRECTION('',(-4.68956564831974E-16,0.35836794954529,0.933580426497206));
#7972=DIRECTION('',(-1.,4.19502770745015E-16,-2.77662826837712E-16));
#7973=DIRECTION('center_axis',(4.46228359269485E-16,0.484809620246379,-0.874619707139372));
#7974=DIRECTION('ref_axis',(-2.32291780857433E-16,-0.874619707139372,-0.484809620246379));
#7975=DIRECTION('',(-4.35396284302035E-17,0.874619707139372,0.484809620246379));
#7976=DIRECTION('',(1.,-4.19502770745015E-16,2.77662826837712E-16));
#7977=DIRECTION('center_axis',(3.06249488159903E-16,0.945518575599333,0.325568154457108));
#7978=DIRECTION('ref_axis',(3.99112103389576E-16,0.325568154457108,-0.945518575599333));
#7979=DIRECTION('',(-6.74943512677213E-16,-0.325568154457108,0.945518575599333));
#7980=DIRECTION('',(-1.,4.19502770745015E-16,-2.77662826837712E-16));
#7981=DIRECTION('',(-1.,4.19502770745015E-16,-2.77662826837712E-16));
#7982=DIRECTION('center_axis',(4.91145033547671E-16,0.933580426497206,-0.35836794954529));
#7983=DIRECTION('ref_axis',(1.08884232521112E-16,-0.35836794954529,-0.933580426497206));
#7984=DIRECTION('',(-4.68956564831974E-16,0.35836794954529,0.933580426497206));
#7985=DIRECTION('',(-1.,4.19502770745015E-16,-2.77662826837712E-16));
#7986=DIRECTION('center_axis',(4.46228359269485E-16,0.484809620246382,-0.874619707139371));
#7987=DIRECTION('ref_axis',(-2.32291780857432E-16,-0.874619707139371,-0.484809620246382));
#7988=DIRECTION('',(-4.35396284302055E-17,0.874619707139371,0.484809620246382));
#7989=DIRECTION('',(1.,-4.19502770745015E-16,2.77662826837712E-16));
#7990=DIRECTION('center_axis',(3.06249488159903E-16,0.945518575599333,0.325568154457108));
#7991=DIRECTION('ref_axis',(3.99112103389576E-16,0.325568154457108,-0.945518575599333));
#7992=DIRECTION('',(-6.74943512677213E-16,-0.325568154457108,0.945518575599333));
#7993=DIRECTION('',(-1.,4.19502770745015E-16,-2.77662826837712E-16));
#7994=DIRECTION('center_axis',(4.91145033547671E-16,0.933580426497206,-0.35836794954529));
#7995=DIRECTION('ref_axis',(1.08884232521112E-16,-0.35836794954529,-0.933580426497206));
#7996=DIRECTION('',(-4.68956564831974E-16,0.35836794954529,0.933580426497206));
#7997=DIRECTION('',(-1.,4.19502770745015E-16,-2.77662826837712E-16));
#7998=DIRECTION('center_axis',(4.46228359269485E-16,0.484809620246382,-0.874619707139371));
#7999=DIRECTION('ref_axis',(-2.32291780857432E-16,-0.874619707139371,-0.484809620246382));
#8000=DIRECTION('',(-4.35396284302055E-17,0.874619707139371,0.484809620246382));
#8001=DIRECTION('',(1.,-4.19502770745015E-16,2.77662826837712E-16));
#8002=DIRECTION('center_axis',(-4.91145033547672E-16,-0.933580426497202,
0.3583679495453));
#8003=DIRECTION('ref_axis',(1.,-4.19502770745015E-16,2.77662826837712E-16));
#8004=DIRECTION('',(-4.68956564831889E-16,0.35836794954545,0.933580426497144));
#8005=DIRECTION('center_axis',(-4.91145033547672E-16,-0.933580426497202,
0.3583679495453));
#8006=DIRECTION('ref_axis',(1.,-4.19502770745015E-16,2.77662826837712E-16));
#8007=DIRECTION('',(-4.68956564831889E-16,0.35836794954545,0.933580426497144));
#8008=DIRECTION('center_axis',(-4.91145033547672E-16,-0.933580426497202,
0.3583679495453));
#8009=DIRECTION('ref_axis',(1.,-4.19502770745015E-16,2.77662826837712E-16));
#8010=DIRECTION('',(-4.68956564831889E-16,0.35836794954545,0.933580426497144));
#8011=DIRECTION('center_axis',(-4.91145033547672E-16,-0.933580426497202,
0.3583679495453));
#8012=DIRECTION('ref_axis',(1.,-4.19502770745015E-16,2.77662826837712E-16));
#8013=DIRECTION('',(-4.68956564831889E-16,0.35836794954545,0.933580426497144));
#8014=DIRECTION('center_axis',(-4.91145033547672E-16,-0.933580426497202,
0.3583679495453));
#8015=DIRECTION('ref_axis',(1.,-4.19502770745015E-16,2.77662826837712E-16));
#8016=DIRECTION('',(-4.68956564831889E-16,0.35836794954545,0.933580426497144));
#8017=DIRECTION('center_axis',(-4.91145033547672E-16,-0.933580426497202,
0.3583679495453));
#8018=DIRECTION('ref_axis',(1.,-4.19502770745015E-16,2.77662826837712E-16));
#8019=DIRECTION('',(-4.68956564831889E-16,0.35836794954545,0.933580426497144));
#8020=DIRECTION('center_axis',(-4.91145033547672E-16,-0.933580426497202,
0.3583679495453));
#8021=DIRECTION('ref_axis',(1.,-4.19502770745015E-16,2.77662826837712E-16));
#8022=DIRECTION('',(-4.68956564831889E-16,0.35836794954545,0.933580426497144));
#8023=DIRECTION('center_axis',(-4.91145033547672E-16,-0.933580426497202,
0.3583679495453));
#8024=DIRECTION('ref_axis',(1.,-4.19502770745015E-16,2.77662826837712E-16));
#8025=DIRECTION('',(-4.68956564831889E-16,0.35836794954545,0.933580426497144));
#8026=DIRECTION('center_axis',(-4.91145033547672E-16,-0.933580426497202,
0.3583679495453));
#8027=DIRECTION('ref_axis',(1.,-4.19502770745015E-16,2.77662826837712E-16));
#8028=DIRECTION('',(-4.68956564831889E-16,0.35836794954545,0.933580426497144));
#8029=DIRECTION('center_axis',(-4.91145033547672E-16,-0.933580426497202,
0.3583679495453));
#8030=DIRECTION('ref_axis',(1.,-4.19502770745015E-16,2.77662826837712E-16));
#8031=DIRECTION('',(-4.68956564831889E-16,0.35836794954545,0.933580426497144));
#8032=DIRECTION('center_axis',(-4.91145033547672E-16,-0.933580426497202,
0.3583679495453));
#8033=DIRECTION('ref_axis',(1.,-4.19502770745015E-16,2.77662826837712E-16));
#8034=DIRECTION('',(-4.68956564831889E-16,0.35836794954545,0.933580426497144));
#8035=DIRECTION('center_axis',(-4.91145033547672E-16,-0.933580426497202,
0.3583679495453));
#8036=DIRECTION('ref_axis',(1.,-4.19502770745015E-16,2.77662826837712E-16));
#8037=DIRECTION('',(-1.,4.9907643971423E-16,-7.03663319684452E-17));
#8038=DIRECTION('',(-4.68956564831889E-16,0.35836794954545,0.933580426497144));
#8039=DIRECTION('center_axis',(-4.91145033547672E-16,-0.933580426497202,
0.3583679495453));
#8040=DIRECTION('ref_axis',(1.,-4.19502770745015E-16,2.77662826837712E-16));
#8041=DIRECTION('',(-4.68956564831889E-16,0.35836794954545,0.933580426497144));
#8042=DIRECTION('center_axis',(-4.91145033547672E-16,-0.933580426497202,
0.3583679495453));
#8043=DIRECTION('ref_axis',(1.,-4.19502770745015E-16,2.77662826837712E-16));
#8044=DIRECTION('',(-4.68956564831889E-16,0.35836794954545,0.933580426497144));
#8045=DIRECTION('center_axis',(-4.91145033547672E-16,-0.933580426497202,
0.3583679495453));
#8046=DIRECTION('ref_axis',(1.,-4.19502770745015E-16,2.77662826837712E-16));
#8047=DIRECTION('',(-4.68956564831889E-16,0.35836794954545,0.933580426497144));
#8048=DIRECTION('center_axis',(-4.91145033547672E-16,-0.933580426497202,
0.3583679495453));
#8049=DIRECTION('ref_axis',(1.,-4.19502770745015E-16,2.77662826837712E-16));
#8050=DIRECTION('',(-4.68956564831889E-16,0.35836794954545,0.933580426497144));
#8051=DIRECTION('center_axis',(4.07965660510316E-16,0.933580426497173,-0.358367949545375));
#8052=DIRECTION('ref_axis',(-9.6991940159076E-17,-0.358367949545375,-0.933580426497173));
#8053=DIRECTION('',(1.,-3.41848136189025E-16,2.47854005477842E-16));
#8054=DIRECTION('',(-9.69919401590761E-17,-0.358367949545375,-0.933580426497173));
#8055=DIRECTION('',(-9.69919401590761E-17,-0.358367949545375,-0.933580426497173));
#8056=DIRECTION('center_axis',(-4.07965660510316E-16,-0.933580426497173,
0.358367949545375));
#8057=DIRECTION('ref_axis',(9.6991940159076E-17,0.358367949545375,0.933580426497173));
#8058=DIRECTION('',(-1.,3.41848136189025E-16,-2.47854005477842E-16));
#8059=DIRECTION('',(-9.69919401590761E-17,-0.358367949545375,-0.933580426497173));
#8060=DIRECTION('',(9.69919401590761E-17,0.358367949545375,0.933580426497173));
#8061=DIRECTION('center_axis',(-1.,3.41848136189025E-16,-2.47854005477842E-16));
#8062=DIRECTION('ref_axis',(-4.24284762947599E-16,-0.406736643075727,0.913545457642633));
#8063=DIRECTION('center_axis',(1.,-4.15627558052658E-16,5.5652040381508E-17));
#8064=DIRECTION('ref_axis',(-4.24284762947599E-16,-0.406736643075727,0.913545457642633));
#8065=DIRECTION('center_axis',(-1.,4.15627558052658E-16,-5.5652040381508E-17));
#8066=DIRECTION('ref_axis',(-4.24284762947599E-16,-0.406736643075727,0.913545457642633));
#8067=DIRECTION('',(-1.,3.41848136189025E-16,-2.47854005477842E-16));
#8068=DIRECTION('center_axis',(1.08884232521067E-16,-0.358367949545375,
-0.933580426497173));
#8069=DIRECTION('ref_axis',(4.9114503354768E-16,0.933580426497173,-0.358367949545375));
#8070=DIRECTION('',(1.,-3.41848136189025E-16,2.47854005477842E-16));
#8071=DIRECTION('',(4.07965660510316E-16,0.933580426497173,-0.358367949545375));
#8072=DIRECTION('',(-4.07965660510316E-16,-0.933580426497173,0.358367949545375));
#8073=DIRECTION('center_axis',(1.,-3.41848136189025E-16,2.47854005477842E-16));
#8074=DIRECTION('ref_axis',(2.70299204587721E-16,0.913545457642634,0.406736643075725));
#8075=DIRECTION('center_axis',(-1.,4.15627558052658E-16,-5.5652040381508E-17));
#8076=DIRECTION('ref_axis',(2.70299204587721E-16,0.913545457642634,0.406736643075725));
#8077=DIRECTION('center_axis',(1.,-4.15627558052658E-16,5.5652040381508E-17));
#8078=DIRECTION('ref_axis',(2.70299204587721E-16,0.913545457642634,0.406736643075725));
#8079=DIRECTION('center_axis',(3.24786287472976E-16,0.933580426497202,-0.3583679495453));
#8080=DIRECTION('ref_axis',(3.02868112839193E-16,0.3583679495453,0.933580426497202));
#8081=DIRECTION('',(-1.,4.19502770745015E-16,-2.77662826837712E-16));
#8082=DIRECTION('',(3.02868112839193E-16,0.3583679495453,0.933580426497202));
#8083=DIRECTION('center_axis',(0.707106781186545,-0.660141050359203,0.253404407283401));
#8084=DIRECTION('ref_axis',(0.70710678118655,0.660141050359198,-0.2534044072834));
#8085=DIRECTION('',(-0.70710678118655,-0.660141050359199,0.2534044072834));
#8086=DIRECTION('',(-3.35204977328956E-16,-0.3583679495453,-0.933580426497202));
#8087=DIRECTION('center_axis',(-3.24786287472976E-16,-0.933580426497202,
0.3583679495453));
#8088=DIRECTION('ref_axis',(3.02868112839193E-16,0.3583679495453,0.933580426497202));
#8089=DIRECTION('',(-1.,2.64193501633061E-16,-2.18045184117996E-16));
#8090=DIRECTION('',(-3.02868112839193E-16,-0.3583679495453,-0.933580426497202));
#8091=DIRECTION('center_axis',(4.91145033547672E-16,0.933580426497202,-0.3583679495453));
#8092=DIRECTION('ref_axis',(-1.08884232521107E-16,0.3583679495453,0.933580426497202));
#8093=DIRECTION('',(-1.08884232521107E-16,0.3583679495453,0.933580426497202));
#8094=DIRECTION('',(1.08884232521107E-16,-0.3583679495453,-0.933580426497202));
#8095=DIRECTION('',(-1.,5.67061614472254E-16,1.0674110335498E-16));
#8096=DIRECTION('center_axis',(0.707106781186546,0.660141050359202,-0.253404407283401));
#8097=DIRECTION('ref_axis',(-0.707106781186549,0.660141050359199,-0.2534044072834));
#8098=DIRECTION('',(-0.707106781186549,0.660141050359199,-0.2534044072834));
#8099=DIRECTION('center_axis',(-4.91145033547672E-16,-0.933580426497202,
0.3583679495453));
#8100=DIRECTION('ref_axis',(-1.08884232521107E-16,0.3583679495453,0.933580426497202));
#8101=DIRECTION('',(-1.,4.19502770745015E-16,-2.77662826837712E-16));
#8102=DIRECTION('',(1.08884232521107E-16,-0.3583679495453,-0.933580426497202));
#8103=DIRECTION('',(1.08884232521107E-16,-0.3583679495453,-0.933580426497202));
#8104=DIRECTION('center_axis',(-3.02868112839193E-16,-0.3583679495453,-0.933580426497202));
#8105=DIRECTION('ref_axis',(4.91145033547672E-16,0.933580426497202,-0.3583679495453));
#8106=DIRECTION('',(4.91145033547672E-16,0.933580426497202,-0.3583679495453));
#8107=DIRECTION('',(-1.,4.117523453603E-16,1.66358746074696E-16));
#8108=DIRECTION('',(3.24786287472976E-16,0.933580426497202,-0.3583679495453));
#8109=DIRECTION('center_axis',(-1.,4.19502770745015E-16,-2.77662826837712E-16));
#8110=DIRECTION('ref_axis',(1.08884232521107E-16,-0.3583679495453,-0.933580426497202));
#8111=DIRECTION('',(4.91145033547672E-16,0.933580426497202,-0.3583679495453));
#8112=DIRECTION('',(-4.91145033547709E-16,-0.933580426497173,0.358367949545375));
#8113=DIRECTION('center_axis',(1.,-4.117523453603E-16,-1.66358746074696E-16));
#8114=DIRECTION('ref_axis',(-3.02868112839193E-16,-0.3583679495453,-0.933580426497202));
#8115=DIRECTION('center_axis',(1.,-4.19502770745015E-16,2.77662826837712E-16));
#8116=DIRECTION('ref_axis',(-3.24786287472976E-16,-0.933580426497202,0.3583679495453));
#8117=DIRECTION('center_axis',(1.,-4.117523453603E-16,-1.66358746074696E-16));
#8118=DIRECTION('ref_axis',(-3.24786287472976E-16,-0.933580426497202,0.3583679495453));
#8119=DIRECTION('',(0.960899565635622,0.258505747732509,-0.0992310594044484));
#8120=DIRECTION('center_axis',(-1.,4.117523453603E-16,1.66358746074696E-16));
#8121=DIRECTION('ref_axis',(-3.24786287472976E-16,-0.933580426497202,0.3583679495453));
#8122=DIRECTION('center_axis',(-1.,4.117523453603E-16,1.66358746074696E-16));
#8123=DIRECTION('ref_axis',(-3.24786287472976E-16,-0.933580426497202,0.3583679495453));
#8124=DIRECTION('',(1.,-4.117523453603E-16,-1.66358746074696E-16));
#8125=DIRECTION('center_axis',(-1.,4.117523453603E-16,1.66358746074696E-16));
#8126=DIRECTION('ref_axis',(-3.24786287472976E-16,-0.933580426497202,0.3583679495453));
#8127=DIRECTION('center_axis',(-1.,4.117523453603E-16,1.66358746074696E-16));
#8128=DIRECTION('ref_axis',(-3.24786287472976E-16,-0.933580426497202,0.3583679495453));
#8129=DIRECTION('',(0.960899565635622,-0.258505747732509,0.0992310594044481));
#8130=DIRECTION('center_axis',(-1.,4.117523453603E-16,1.66358746074696E-16));
#8131=DIRECTION('ref_axis',(-3.24786287472976E-16,-0.933580426497202,0.3583679495453));
#8132=DIRECTION('center_axis',(-1.,4.117523453603E-16,1.66358746074696E-16));
#8133=DIRECTION('ref_axis',(-3.02868112839193E-16,-0.3583679495453,-0.933580426497202));
#8134=DIRECTION('center_axis',(1.,-4.117523453603E-16,-1.66358746074696E-16));
#8135=DIRECTION('ref_axis',(-3.02868112839193E-16,-0.3583679495453,-0.933580426497202));
#8136=DIRECTION('',(-3.24786287472873E-16,-0.93358042649708,0.358367949545617));
#8137=DIRECTION('center_axis',(1.,-4.117523453603E-16,-1.66358746074696E-16));
#8138=DIRECTION('ref_axis',(-3.02868112839193E-16,-0.3583679495453,-0.933580426497202));
#8139=DIRECTION('',(-1.,4.117523453603E-16,1.66358746074696E-16));
#8140=DIRECTION('center_axis',(1.08884232521107E-16,-0.3583679495453,-0.933580426497202));
#8141=DIRECTION('ref_axis',(-5.36708822995963E-16,0.933580426497202,-0.3583679495453));
#8142=DIRECTION('',(4.91145033547672E-16,0.933580426497202,-0.3583679495453));
#8143=DIRECTION('',(1.,-4.19502770745015E-16,2.77662826837712E-16));
#8144=DIRECTION('center_axis',(1.,-4.19502770745015E-16,2.77662826837712E-16));
#8145=DIRECTION('ref_axis',(1.08884232521107E-16,-0.3583679495453,-0.933580426497202));
#8146=DIRECTION('center_axis',(1.,-4.19502770745015E-16,2.77662826837712E-16));
#8147=DIRECTION('ref_axis',(1.08884232521107E-16,-0.3583679495453,-0.933580426497202));
#8148=DIRECTION('',(1.,-4.19502770745015E-16,2.77662826837712E-16));
#8149=DIRECTION('center_axis',(-1.,4.19502770745015E-16,-2.77662826837712E-16));
#8150=DIRECTION('ref_axis',(1.08884232521107E-16,-0.3583679495453,-0.933580426497202));
#8151=DIRECTION('',(-4.91145033547709E-16,-0.93358042649708,0.358367949545617));
#8152=DIRECTION('center_axis',(1.,-4.19502770745015E-16,2.77662826837712E-16));
#8153=DIRECTION('ref_axis',(-4.91145033547672E-16,-0.933580426497202,0.3583679495453));
#8154=DIRECTION('center_axis',(1.,-4.19502770745015E-16,2.77662826837712E-16));
#8155=DIRECTION('ref_axis',(-4.91145033547672E-16,-0.933580426497202,0.3583679495453));
#8156=DIRECTION('center_axis',(1.,-4.19502770745015E-16,2.77662826837712E-16));
#8157=DIRECTION('ref_axis',(-4.91145033547672E-16,-0.933580426497202,0.3583679495453));
#8158=DIRECTION('',(-0.960899565635622,-0.258505747732509,0.099231059404448));
#8159=DIRECTION('center_axis',(-1.,4.19502770745015E-16,-2.77662826837712E-16));
#8160=DIRECTION('ref_axis',(-4.91145033547672E-16,-0.933580426497202,0.3583679495453));
#8161=DIRECTION('center_axis',(1.,-4.19502770745015E-16,2.77662826837712E-16));
#8162=DIRECTION('ref_axis',(-4.91145033547672E-16,-0.933580426497202,0.3583679495453));
#8163=DIRECTION('',(-1.,4.19502770745015E-16,-2.77662826837712E-16));
#8164=DIRECTION('center_axis',(-1.,4.19502770745015E-16,-2.77662826837712E-16));
#8165=DIRECTION('ref_axis',(-4.91145033547672E-16,-0.933580426497202,0.3583679495453));
#8166=DIRECTION('',(-0.960899565635622,0.258505747732509,-0.0992310594044485));
#8167=DIRECTION('center_axis',(1.13160370156652E-16,0.358367949545375,0.933580426497173));
#8168=DIRECTION('ref_axis',(-4.91145033547681E-16,-0.933580426497173,0.358367949545375));
#8169=DIRECTION('',(-4.07965660510316E-16,-0.933580426497173,0.358367949545375));
#8170=DIRECTION('',(4.07965660510316E-16,0.933580426497173,-0.358367949545375));
#8171=DIRECTION('center_axis',(1.,-4.15627558052658E-16,5.5652040381508E-17));
#8172=DIRECTION('ref_axis',(-2.48686434578239E-16,-0.694658370458998,-0.719339800338651));
#8173=DIRECTION('',(-2.48686434578239E-16,-0.694658370458998,-0.719339800338651));
#8174=DIRECTION('center_axis',(1.,-4.15627558052658E-16,5.5652040381508E-17));
#8175=DIRECTION('ref_axis',(-2.48686434578239E-16,-0.694658370458998,-0.719339800338651));
#8176=DIRECTION('center_axis',(1.,-4.15627558052658E-16,5.5652040381508E-17));
#8177=DIRECTION('ref_axis',(-2.48686434578239E-16,-0.694658370458997,-0.719339800338651));
#8178=DIRECTION('',(4.12513595261617E-16,0.998870388952691,0.0475178500513187));
#8179=DIRECTION('center_axis',(1.,-4.15627558052658E-16,5.5652040381508E-17));
#8180=DIRECTION('ref_axis',(-2.48686434578239E-16,-0.694658370458998,-0.719339800338651));
#8181=DIRECTION('',(1.44537530656407E-16,0.217050610801738,-0.976160351761222));
#8182=DIRECTION('center_axis',(1.,-4.15627558052658E-16,5.5652040381508E-17));
#8183=DIRECTION('ref_axis',(-2.48686434578239E-16,-0.694658370458998,-0.719339800338651));
#8184=DIRECTION('',(-1.44537530656407E-16,-0.217050610801738,0.976160351761222));
#8185=DIRECTION('center_axis',(1.,-4.15627558052658E-16,5.5652040381508E-17));
#8186=DIRECTION('ref_axis',(-2.48686434578239E-16,-0.694658370458997,-0.719339800338651));
#8187=DIRECTION('',(1.09904985672757E-16,0.131698888713845,-0.99128976727874));
#8188=DIRECTION('center_axis',(1.,-4.15627558052658E-16,5.5652040381508E-17));
#8189=DIRECTION('ref_axis',(-2.48686434578239E-16,-0.694658370458997,-0.719339800338651));
#8190=DIRECTION('',(-1.09904985672757E-16,-0.131698888713845,0.99128976727874));
#8191=DIRECTION('',(-1.42531298994106E-16,-0.212077327647263,0.977252887996754));
#8192=DIRECTION('center_axis',(1.,-4.15627558052658E-16,5.5652040381508E-17));
#8193=DIRECTION('ref_axis',(-2.48686434578239E-16,-0.694658370458998,-0.719339800338651));
#8194=DIRECTION('',(3.64517052778161E-16,0.92718658817263,0.374599827432953));
#8195=DIRECTION('',(-1.21463022047798E-16,-0.160067723741502,0.987106034738019));
#8196=DIRECTION('center_axis',(-1.,4.15627558052658E-16,-5.5652040381508E-17));
#8197=DIRECTION('ref_axis',(-3.37636600308977E-16,-0.719339800338651,0.694658370458997));
#8198=DIRECTION('',(-4.01360375331766E-16,-0.987106034738019,-0.160067723741502));
#8199=DIRECTION('center_axis',(1.,-4.15627558052658E-16,5.5652040381508E-17));
#8200=DIRECTION('ref_axis',(-2.48686434578239E-16,-0.694658370458998,-0.719339800338651));
#8201=DIRECTION('',(4.03992088012557E-16,0.990458158437342,0.137813774293099));
#8202=DIRECTION('center_axis',(-1.,4.15627558052658E-16,-5.5652040381508E-17));
#8203=DIRECTION('ref_axis',(-3.37636600308977E-16,-0.719339800338651,0.694658370458997));
#8204=DIRECTION('',(-1.17437945353907E-16,-0.150175398545918,0.988659369890143));
#8205=DIRECTION('center_axis',(-1.,4.15627558052658E-16,-5.5652040381508E-17));
#8206=DIRECTION('ref_axis',(-3.37636600308977E-16,-0.719339800338651,0.694658370458997));
#8207=DIRECTION('',(-4.14825497618319E-16,-0.999906011835848,-0.0137101237970032));
#8208=DIRECTION('center_axis',(1.,-4.15627558052658E-16,5.5652040381508E-17));
#8209=DIRECTION('ref_axis',(-2.48686434578239E-16,-0.694658370458998,-0.719339800338651));
#8210=DIRECTION('center_axis',(1.,-4.15627558052658E-16,5.5652040381508E-17));
#8211=DIRECTION('ref_axis',(-2.48686434578239E-16,-0.694658370458997,-0.719339800338651));
#8212=DIRECTION('center_axis',(-1.,4.15627558052658E-16,-5.5652040381508E-17));
#8213=DIRECTION('ref_axis',(-3.37636600308977E-16,-0.719339800338651,0.694658370458997));
#8214=DIRECTION('',(-2.00157438015289E-16,-0.35647660340442,0.93430424981654));
#8215=DIRECTION('center_axis',(1.,-4.15627558052658E-16,5.5652040381508E-17));
#8216=DIRECTION('ref_axis',(-3.37636600308977E-16,-0.719339800338651,0.694658370458997));
#8217=DIRECTION('center_axis',(1.,-4.15627558052658E-16,5.5652040381508E-17));
#8218=DIRECTION('ref_axis',(-2.48686434578239E-16,-0.694658370458997,-0.719339800338651));
#8219=DIRECTION('',(-2.48686434578239E-16,-0.694658370458998,-0.719339800338651));
#8220=DIRECTION('',(-1.42531299115517E-16,-0.212077327948119,0.977252887931464));
#8221=DIRECTION('center_axis',(-1.,4.15627558052658E-16,-5.5652040381508E-17));
#8222=DIRECTION('ref_axis',(3.37636600308977E-16,0.719339800338651,-0.694658370458998));
#8223=DIRECTION('',(1.74882218276175E-16,0.533977901442453,0.845498433334512));
#8224=DIRECTION('center_axis',(1.,-4.15627558052658E-16,5.5652040381508E-17));
#8225=DIRECTION('ref_axis',(3.37636600308977E-16,0.719339800338651,-0.694658370458998));
#8226=DIRECTION('',(4.12513595269291E-16,0.998870388957531,0.0475178499495712));
#8227=DIRECTION('center_axis',(1.,-4.15627558052658E-16,5.5652040381508E-17));
#8228=DIRECTION('ref_axis',(3.37636600308977E-16,0.719339800338651,-0.694658370458998));
#8229=DIRECTION('',(-2.48686434578239E-16,-0.694658370458998,-0.719339800338651));
#8230=DIRECTION('center_axis',(1.,-4.15627558052658E-16,5.5652040381508E-17));
#8231=DIRECTION('ref_axis',(3.37636600308977E-16,0.719339800338651,-0.694658370458998));
#8232=DIRECTION('',(-1.21463022274005E-16,-0.160067724297835,0.987106034647804));
#8233=DIRECTION('center_axis',(-1.,4.15627558052658E-16,-5.5652040381508E-17));
#8234=DIRECTION('ref_axis',(3.37636600308977E-16,0.719339800338651,-0.694658370458998));
#8235=DIRECTION('',(-4.0136037526331E-16,-0.987106034647804,-0.160067724297834));
#8236=DIRECTION('center_axis',(1.,-4.15627558052658E-16,5.5652040381508E-17));
#8237=DIRECTION('ref_axis',(3.37636600308977E-16,0.719339800338651,-0.694658370458998));
#8238=DIRECTION('center_axis',(-1.,4.15627558052658E-16,-5.5652040381508E-17));
#8239=DIRECTION('ref_axis',(-2.48686434578239E-16,-0.694658370458997,-0.719339800338651));
#8240=DIRECTION('center_axis',(1.,-4.15627558052658E-16,5.5652040381508E-17));
#8241=DIRECTION('ref_axis',(-2.48686434578239E-16,-0.694658370458997,-0.719339800338651));
#8242=DIRECTION('',(1.,-4.15627558052658E-16,5.56520403815081E-17));
#8243=DIRECTION('center_axis',(1.,-4.15627558052658E-16,5.5652040381508E-17));
#8244=DIRECTION('ref_axis',(-2.48686434578239E-16,-0.694658370458998,-0.719339800338651));
#8245=DIRECTION('',(2.48686434578239E-16,0.694658370458998,0.719339800338651));
#8246=DIRECTION('',(2.48686434578239E-16,0.694658370458998,0.719339800338651));
#8247=DIRECTION('center_axis',(1.,-4.15627558052658E-16,5.5652040381508E-17));
#8248=DIRECTION('ref_axis',(-2.48686434578239E-16,-0.694658370458997,-0.719339800338651));
#8249=DIRECTION('center_axis',(1.,-4.15627558052658E-16,5.5652040381508E-17));
#8250=DIRECTION('ref_axis',(-3.37636600308977E-16,-0.719339800338651,0.694658370458997));
#8251=DIRECTION('',(-2.00157438015289E-16,-0.35647660340442,0.93430424981654));
#8252=DIRECTION('center_axis',(-1.,4.15627558052658E-16,-5.5652040381508E-17));
#8253=DIRECTION('ref_axis',(-3.37636600308977E-16,-0.719339800338651,0.694658370458997));
#8254=DIRECTION('center_axis',(1.,-4.15627558052658E-16,5.5652040381508E-17));
#8255=DIRECTION('ref_axis',(-2.48686434578239E-16,-0.694658370458997,-0.719339800338651));
#8256=DIRECTION('center_axis',(1.,-4.15627558052658E-16,5.5652040381508E-17));
#8257=DIRECTION('ref_axis',(-2.48686434578239E-16,-0.694658370458998,-0.719339800338651));
#8258=DIRECTION('',(-4.14825497618319E-16,-0.999906011835848,-0.0137101237970032));
#8259=DIRECTION('center_axis',(-1.,4.15627558052658E-16,-5.5652040381508E-17));
#8260=DIRECTION('ref_axis',(-3.37636600308977E-16,-0.719339800338651,0.694658370458997));
#8261=DIRECTION('',(-1.17437945353907E-16,-0.150175398545918,0.988659369890143));
#8262=DIRECTION('center_axis',(-1.,4.15627558052658E-16,-5.5652040381508E-17));
#8263=DIRECTION('ref_axis',(-3.37636600308977E-16,-0.719339800338651,0.694658370458997));
#8264=DIRECTION('',(4.03992088012557E-16,0.990458158437342,0.137813774293099));
#8265=DIRECTION('center_axis',(1.,-4.15627558052658E-16,5.5652040381508E-17));
#8266=DIRECTION('ref_axis',(-2.48686434578239E-16,-0.694658370458998,-0.719339800338651));
#8267=DIRECTION('',(-4.01360375331766E-16,-0.987106034738019,-0.160067723741502));
#8268=DIRECTION('center_axis',(-1.,4.15627558052658E-16,-5.5652040381508E-17));
#8269=DIRECTION('ref_axis',(-3.37636600308977E-16,-0.719339800338651,0.694658370458997));
#8270=DIRECTION('',(-1.21463022047798E-16,-0.160067723741502,0.987106034738019));
#8271=DIRECTION('',(3.64517052778161E-16,0.92718658817263,0.374599827432953));
#8272=DIRECTION('center_axis',(1.,-4.15627558052658E-16,5.5652040381508E-17));
#8273=DIRECTION('ref_axis',(-2.48686434578239E-16,-0.694658370458998,-0.719339800338651));
#8274=DIRECTION('',(-1.42531298994106E-16,-0.212077327647263,0.977252887996754));
#8275=DIRECTION('',(-1.09904985672757E-16,-0.131698888713845,0.99128976727874));
#8276=DIRECTION('center_axis',(1.,-4.15627558052658E-16,5.5652040381508E-17));
#8277=DIRECTION('ref_axis',(-2.48686434578239E-16,-0.694658370458997,-0.719339800338651));
#8278=DIRECTION('',(1.09904985672757E-16,0.131698888713845,-0.99128976727874));
#8279=DIRECTION('center_axis',(1.,-4.15627558052658E-16,5.5652040381508E-17));
#8280=DIRECTION('ref_axis',(-2.48686434578239E-16,-0.694658370458997,-0.719339800338651));
#8281=DIRECTION('',(-1.44537530656407E-16,-0.217050610801738,0.976160351761222));
#8282=DIRECTION('center_axis',(1.,-4.15627558052658E-16,5.5652040381508E-17));
#8283=DIRECTION('ref_axis',(-2.48686434578239E-16,-0.694658370458998,-0.719339800338651));
#8284=DIRECTION('',(1.44537530656407E-16,0.217050610801738,-0.976160351761222));
#8285=DIRECTION('center_axis',(1.,-4.15627558052658E-16,5.5652040381508E-17));
#8286=DIRECTION('ref_axis',(-2.48686434578239E-16,-0.694658370458998,-0.719339800338651));
#8287=DIRECTION('',(4.12513595261617E-16,0.998870388952691,0.0475178500513187));
#8288=DIRECTION('',(-1.42531299115517E-16,-0.212077327948119,0.977252887931464));
#8289=DIRECTION('center_axis',(1.,-4.15627558052658E-16,5.5652040381508E-17));
#8290=DIRECTION('ref_axis',(3.37636600308977E-16,0.719339800338651,-0.694658370458998));
#8291=DIRECTION('',(-4.0136037526331E-16,-0.987106034647804,-0.160067724297834));
#8292=DIRECTION('center_axis',(-1.,4.15627558052658E-16,-5.5652040381508E-17));
#8293=DIRECTION('ref_axis',(3.37636600308977E-16,0.719339800338651,-0.694658370458998));
#8294=DIRECTION('',(-1.21463022274005E-16,-0.160067724297835,0.987106034647804));
#8295=DIRECTION('center_axis',(1.,-4.15627558052658E-16,5.5652040381508E-17));
#8296=DIRECTION('ref_axis',(3.37636600308977E-16,0.719339800338651,-0.694658370458998));
#8297=DIRECTION('',(-2.48686434578239E-16,-0.694658370458998,-0.719339800338651));
#8298=DIRECTION('center_axis',(1.,-4.15627558052658E-16,5.5652040381508E-17));
#8299=DIRECTION('ref_axis',(3.37636600308977E-16,0.719339800338651,-0.694658370458998));
#8300=DIRECTION('',(4.12513595269291E-16,0.998870388957531,0.0475178499495712));
#8301=DIRECTION('center_axis',(1.,-4.15627558052658E-16,5.5652040381508E-17));
#8302=DIRECTION('ref_axis',(3.37636600308977E-16,0.719339800338651,-0.694658370458998));
#8303=DIRECTION('',(1.74882218276175E-16,0.533977901442453,0.845498433334512));
#8304=DIRECTION('center_axis',(-1.,4.15627558052658E-16,-5.5652040381508E-17));
#8305=DIRECTION('ref_axis',(3.37636600308977E-16,0.719339800338651,-0.694658370458998));
#8306=DIRECTION('center_axis',(3.37636600308977E-16,0.719339800338651,-0.694658370458997));
#8307=DIRECTION('ref_axis',(-2.48686434578239E-16,-0.694658370458997,-0.719339800338651));
#8308=DIRECTION('',(-2.48686434578239E-16,-0.694658370458998,-0.719339800338651));
#8309=DIRECTION('',(-2.48686434578239E-16,-0.694658370458998,-0.719339800338651));
#8310=DIRECTION('',(-2.48686434578239E-16,-0.694658370458998,-0.719339800338651));
#8311=DIRECTION('center_axis',(1.,-4.15627558052658E-16,5.5652040381508E-17));
#8312=DIRECTION('ref_axis',(-2.48686434578239E-16,-0.694658370458998,-0.719339800338651));
#8313=DIRECTION('',(2.48686434578239E-16,0.694658370458998,0.719339800338651));
#8314=DIRECTION('center_axis',(-3.37636600308977E-16,-0.719339800338651,
0.694658370458997));
#8315=DIRECTION('ref_axis',(-2.48686434578239E-16,-0.694658370458998,-0.719339800338651));
#8316=DIRECTION('',(-1.,4.15627558052658E-16,-5.56520403815081E-17));
#8317=DIRECTION('',(-1.,4.15627558052658E-16,-5.56520403815081E-17));
#8318=DIRECTION('center_axis',(-1.,4.15627558052658E-16,-5.5652040381508E-17));
#8319=DIRECTION('ref_axis',(4.0136037526331E-16,0.987106034647804,0.160067724297834));
#8320=DIRECTION('',(-1.,4.15627558052658E-16,-5.56520403815081E-17));
#8321=DIRECTION('center_axis',(-1.,4.15627558052658E-16,-5.5652040381508E-17));
#8322=DIRECTION('ref_axis',(-3.37636600308977E-16,-0.719339800338651,0.694658370458998));
#8323=DIRECTION('',(-1.,4.15627558052658E-16,-5.56520403815081E-17));
#8324=DIRECTION('center_axis',(4.0136037526331E-16,0.987106034647804,0.160067724297835));
#8325=DIRECTION('ref_axis',(-1.21463022274005E-16,-0.160067724297835,0.987106034647804));
#8326=DIRECTION('',(-1.,4.15627558052658E-16,-5.56520403815081E-17));
#8327=DIRECTION('center_axis',(7.53389031606101E-17,0.0475178499495712,
-0.998870388957532));
#8328=DIRECTION('ref_axis',(4.12513595269291E-16,0.998870388957531,0.0475178499495713));
#8329=DIRECTION('',(-1.,4.15627558052658E-16,-5.56520403815081E-17));
#8330=DIRECTION('center_axis',(-1.,4.15627558052658E-16,-5.5652040381508E-17));
#8331=DIRECTION('ref_axis',(1.21463022274005E-16,0.160067724297835,-0.987106034647804));
#8332=DIRECTION('',(-1.,4.15627558052658E-16,-5.56520403815081E-17));
#8333=DIRECTION('center_axis',(-1.,4.15627558052658E-16,-5.5652040381508E-17));
#8334=DIRECTION('ref_axis',(7.53389031606102E-17,0.0475178499495712,-0.998870388957531));
#8335=DIRECTION('',(-1.,4.15627558052658E-16,-5.56520403815081E-17));
#8336=DIRECTION('center_axis',(-1.21463022274005E-16,-0.160067724297835,
0.987106034647804));
#8337=DIRECTION('ref_axis',(-4.0136037526331E-16,-0.987106034647804,-0.160067724297835));
#8338=DIRECTION('',(-1.,4.15627558052658E-16,-5.56520403815081E-17));
#8339=DIRECTION('center_axis',(3.81129408918079E-16,0.845498433334512,-0.533977901442453));
#8340=DIRECTION('ref_axis',(1.74882218276176E-16,0.533977901442453,0.845498433334512));
#8341=DIRECTION('',(-1.,4.15627558052658E-16,-5.56520403815081E-17));
#8342=DIRECTION('center_axis',(-1.,4.15627558052658E-16,-5.5652040381508E-17));
#8343=DIRECTION('ref_axis',(3.94370695391891E-16,0.977252887931464,0.212077327948119));
#8344=DIRECTION('',(-1.,4.15627558052658E-16,-5.56520403815081E-17));
#8345=DIRECTION('center_axis',(-1.,4.15627558052658E-16,-5.5652040381508E-17));
#8346=DIRECTION('ref_axis',(3.94370695391891E-16,0.977252887931464,0.212077327948119));
#8347=DIRECTION('',(-1.,4.15627558052658E-16,-5.56520403815081E-17));
#8348=DIRECTION('center_axis',(3.94370695391891E-16,0.977252887931464,0.212077327948119));
#8349=DIRECTION('ref_axis',(-1.42531299115517E-16,-0.212077327948119,0.977252887931464));
#8350=DIRECTION('center_axis',(-3.68483943501743E-16,-0.93430424981654,
-0.356476603404419));
#8351=DIRECTION('ref_axis',(-2.00157438015289E-16,-0.35647660340442,0.93430424981654));
#8352=DIRECTION('',(1.,-4.15627558052658E-16,5.56520403815081E-17));
#8353=DIRECTION('',(1.,-4.15627558052658E-16,5.56520403815081E-17));
#8354=DIRECTION('center_axis',(1.,-4.15627558052658E-16,5.5652040381508E-17));
#8355=DIRECTION('ref_axis',(3.68483943501743E-16,0.93430424981654,0.35647660340442));
#8356=DIRECTION('',(1.,-4.15627558052658E-16,5.56520403815081E-17));
#8357=DIRECTION('center_axis',(-1.,4.15627558052658E-16,-5.5652040381508E-17));
#8358=DIRECTION('ref_axis',(-2.48686434578239E-16,-0.694658370458997,-0.719339800338651));
#8359=DIRECTION('',(1.,-4.15627558052658E-16,5.56520403815081E-17));
#8360=DIRECTION('center_axis',(3.37636600308977E-16,0.719339800338651,-0.694658370458997));
#8361=DIRECTION('ref_axis',(-2.48686434578239E-16,-0.694658370458998,-0.719339800338651));
#8362=DIRECTION('center_axis',(-7.53389032026297E-17,-0.0475178500513186,
0.998870388952691));
#8363=DIRECTION('ref_axis',(4.12513595261617E-16,0.998870388952691,0.0475178500513187));
#8364=DIRECTION('',(1.,-4.15627558052658E-16,5.56520403815081E-17));
#8365=DIRECTION('center_axis',(-1.,4.15627558052658E-16,-5.5652040381508E-17));
#8366=DIRECTION('ref_axis',(2.08042455818883E-16,0.60696356181627,0.794729661348629));
#8367=DIRECTION('',(1.,-4.15627558052658E-16,5.56520403815081E-17));
#8368=DIRECTION('center_axis',(3.93639833913171E-16,0.976160351761222,0.217050610801737));
#8369=DIRECTION('ref_axis',(1.44537530656407E-16,0.217050610801738,-0.976160351761222));
#8370=DIRECTION('',(1.,-4.15627558052658E-16,5.56520403815081E-17));
#8371=DIRECTION('center_axis',(-1.,4.15627558052658E-16,-5.5652040381508E-17));
#8372=DIRECTION('ref_axis',(-2.48686434578239E-16,-0.694658370458998,-0.719339800338651));
#8373=DIRECTION('',(1.,-4.15627558052658E-16,5.56520403815081E-17));
#8374=DIRECTION('center_axis',(-3.93639833913171E-16,-0.976160351761222,
-0.217050610801737));
#8375=DIRECTION('ref_axis',(-1.44537530656407E-16,-0.217050610801738,0.976160351761222));
#8376=DIRECTION('',(1.,-4.15627558052658E-16,5.56520403815081E-17));
#8377=DIRECTION('center_axis',(-1.,4.15627558052658E-16,-5.5652040381508E-17));
#8378=DIRECTION('ref_axis',(-1.27340920946989E-16,-0.174538769513502,0.984650302359529));
#8379=DIRECTION('',(1.,-4.15627558052658E-16,5.56520403815081E-17));
#8380=DIRECTION('center_axis',(4.04678033423747E-16,0.99128976727874,0.131698888713845));
#8381=DIRECTION('ref_axis',(1.09904985672756E-16,0.131698888713845,-0.99128976727874));
#8382=DIRECTION('',(1.,-4.15627558052658E-16,5.56520403815081E-17));
#8383=DIRECTION('center_axis',(-1.,4.15627558052658E-16,-5.5652040381508E-17));
#8384=DIRECTION('ref_axis',(-2.48686434578239E-16,-0.694658370458997,-0.719339800338651));
#8385=DIRECTION('',(1.,-4.15627558052658E-16,5.56520403815081E-17));
#8386=DIRECTION('center_axis',(-4.04678033423747E-16,-0.99128976727874,
-0.131698888713845));
#8387=DIRECTION('ref_axis',(-1.09904985672756E-16,-0.131698888713845,0.99128976727874));
#8388=DIRECTION('',(1.,-4.15627558052658E-16,5.56520403815081E-17));
#8389=DIRECTION('center_axis',(-3.9437069543577E-16,-0.977252887996754,
-0.212077327647263));
#8390=DIRECTION('ref_axis',(-1.42531298994106E-16,-0.212077327647263,0.977252887996754));
#8391=DIRECTION('',(1.,-4.15627558052658E-16,5.56520403815081E-17));
#8392=DIRECTION('center_axis',(-1.,4.15627558052658E-16,-5.5652040381508E-17));
#8393=DIRECTION('ref_axis',(-2.48686434578239E-16,-0.694658370458998,-0.719339800338651));
#8394=DIRECTION('',(1.,-4.15627558052658E-16,5.56520403815081E-17));
#8395=DIRECTION('center_axis',(-2.07293836969081E-16,-0.374599827432953,
0.92718658817263));
#8396=DIRECTION('ref_axis',(3.64517052778161E-16,0.92718658817263,0.374599827432953));
#8397=DIRECTION('',(1.,-4.15627558052658E-16,5.56520403815081E-17));
#8398=DIRECTION('center_axis',(-4.01360375331766E-16,-0.987106034738019,
-0.160067723741502));
#8399=DIRECTION('ref_axis',(-1.21463022047798E-16,-0.160067723741502,0.987106034738019));
#8400=DIRECTION('',(1.,-4.15627558052658E-16,5.56520403815081E-17));
#8401=DIRECTION('center_axis',(1.,-4.15627558052658E-16,5.5652040381508E-17));
#8402=DIRECTION('ref_axis',(-1.21463022047798E-16,-0.160067723741502,0.987106034738019));
#8403=DIRECTION('',(1.,-4.15627558052658E-16,5.56520403815081E-17));
#8404=DIRECTION('center_axis',(1.21463022047798E-16,0.160067723741502,-0.987106034738019));
#8405=DIRECTION('ref_axis',(-4.01360375331766E-16,-0.987106034738019,-0.160067723741502));
#8406=DIRECTION('',(1.,-4.15627558052658E-16,5.56520403815081E-17));
#8407=DIRECTION('center_axis',(-1.,4.15627558052658E-16,-5.5652040381508E-17));
#8408=DIRECTION('ref_axis',(-2.48686434578239E-16,-0.694658370458998,-0.719339800338651));
#8409=DIRECTION('',(1.,-4.15627558052658E-16,5.56520403815081E-17));
#8410=DIRECTION('center_axis',(-1.1240021990501E-16,-0.137813774293099,
0.990458158437342));
#8411=DIRECTION('ref_axis',(4.03992088012557E-16,0.990458158437342,0.137813774293099));
#8412=DIRECTION('',(1.,-4.15627558052658E-16,5.56520403815081E-17));
#8413=DIRECTION('center_axis',(1.,-4.15627558052658E-16,5.5652040381508E-17));
#8414=DIRECTION('ref_axis',(4.02556512309133E-16,0.988659369890143,0.150175398545918));
#8415=DIRECTION('',(1.,-4.15627558052658E-16,5.56520403815081E-17));
#8416=DIRECTION('center_axis',(-4.02556512309133E-16,-0.988659369890143,
-0.150175398545918));
#8417=DIRECTION('ref_axis',(-1.17437945353907E-16,-0.150175398545918,0.988659369890143));
#8418=DIRECTION('',(1.,-4.15627558052658E-16,5.56520403815081E-17));
#8419=DIRECTION('center_axis',(1.,-4.15627558052658E-16,5.5652040381508E-17));
#8420=DIRECTION('ref_axis',(-6.13451150227494E-17,-0.0137101237970032,0.999906011835848));
#8421=DIRECTION('',(1.,-4.15627558052658E-16,5.56520403815081E-17));
#8422=DIRECTION('center_axis',(6.13451150227495E-17,0.0137101237970033,
-0.999906011835848));
#8423=DIRECTION('ref_axis',(-4.14825497618319E-16,-0.999906011835848,-0.0137101237970031));
#8424=DIRECTION('',(1.,-4.15627558052658E-16,5.56520403815081E-17));
#8425=DIRECTION('center_axis',(-1.,4.15627558052658E-16,-5.5652040381508E-17));
#8426=DIRECTION('ref_axis',(-2.48686434578239E-16,-0.694658370458998,-0.719339800338651));
#8427=DIRECTION('',(1.,-4.15627558052658E-16,5.56520403815081E-17));
#8428=DIRECTION('center_axis',(-1.,4.15627558052658E-16,-5.5652040381508E-17));
#8429=DIRECTION('ref_axis',(-2.48686434578239E-16,-0.694658370458997,-0.719339800338651));
#8430=DIRECTION('',(1.,-4.15627558052658E-16,5.56520403815081E-17));
#8431=DIRECTION('center_axis',(1.,-4.15627558052658E-16,5.5652040381508E-17));
#8432=DIRECTION('ref_axis',(3.68483943501743E-16,0.93430424981654,0.35647660340442));
#8433=DIRECTION('center_axis',(3.37636600308977E-16,0.719339800338651,-0.694658370458997));
#8434=DIRECTION('ref_axis',(-2.48686434578239E-16,-0.694658370458998,-0.719339800338651));
#8435=DIRECTION('',(-2.48686434578239E-16,-0.694658370458998,-0.719339800338651));
#8436=DIRECTION('',(1.,-4.15627558052658E-16,5.56520403815081E-17));
#8437=DIRECTION('',(-2.48686434578239E-16,-0.694658370458998,-0.719339800338651));
#8438=DIRECTION('center_axis',(1.,-4.15627558052658E-16,5.5652040381508E-17));
#8439=DIRECTION('ref_axis',(-2.48686434578239E-16,-0.694658370458998,-0.719339800338651));
#8440=DIRECTION('center_axis',(1.,-4.15627558052658E-16,5.5652040381508E-17));
#8441=DIRECTION('ref_axis',(-2.48686434578239E-16,-0.694658370458997,-0.719339800338651));
#8442=DIRECTION('',(4.12513595261617E-16,0.998870388952691,0.0475178500513187));
#8443=DIRECTION('center_axis',(1.,-4.15627558052658E-16,5.5652040381508E-17));
#8444=DIRECTION('ref_axis',(-2.48686434578239E-16,-0.694658370458998,-0.719339800338651));
#8445=DIRECTION('',(1.44537530656407E-16,0.217050610801738,-0.976160351761222));
#8446=DIRECTION('center_axis',(1.,-4.15627558052658E-16,5.5652040381508E-17));
#8447=DIRECTION('ref_axis',(-2.48686434578239E-16,-0.694658370458998,-0.719339800338651));
#8448=DIRECTION('',(-1.44537530656407E-16,-0.217050610801738,0.976160351761222));
#8449=DIRECTION('center_axis',(1.,-4.15627558052658E-16,5.5652040381508E-17));
#8450=DIRECTION('ref_axis',(-2.48686434578239E-16,-0.694658370458997,-0.719339800338651));
#8451=DIRECTION('',(1.09904985672757E-16,0.131698888713845,-0.99128976727874));
#8452=DIRECTION('center_axis',(1.,-4.15627558052658E-16,5.5652040381508E-17));
#8453=DIRECTION('ref_axis',(-2.48686434578239E-16,-0.694658370458997,-0.719339800338651));
#8454=DIRECTION('',(-1.09904985672757E-16,-0.131698888713845,0.99128976727874));
#8455=DIRECTION('',(-1.42531298994106E-16,-0.212077327647263,0.977252887996754));
#8456=DIRECTION('center_axis',(1.,-4.15627558052658E-16,5.5652040381508E-17));
#8457=DIRECTION('ref_axis',(-2.48686434578239E-16,-0.694658370458998,-0.719339800338651));
#8458=DIRECTION('',(3.64517052778161E-16,0.92718658817263,0.374599827432953));
#8459=DIRECTION('',(-1.21463022047798E-16,-0.160067723741502,0.987106034738019));
#8460=DIRECTION('center_axis',(-1.,4.15627558052658E-16,-5.5652040381508E-17));
#8461=DIRECTION('ref_axis',(-3.37636600308977E-16,-0.719339800338651,0.694658370458997));
#8462=DIRECTION('',(-4.01360375331766E-16,-0.987106034738019,-0.160067723741502));
#8463=DIRECTION('center_axis',(1.,-4.15627558052658E-16,5.5652040381508E-17));
#8464=DIRECTION('ref_axis',(-2.48686434578239E-16,-0.694658370458998,-0.719339800338651));
#8465=DIRECTION('',(4.03992088012557E-16,0.990458158437342,0.137813774293099));
#8466=DIRECTION('center_axis',(-1.,4.15627558052658E-16,-5.5652040381508E-17));
#8467=DIRECTION('ref_axis',(-3.37636600308977E-16,-0.719339800338651,0.694658370458997));
#8468=DIRECTION('',(-1.17437945353907E-16,-0.150175398545918,0.988659369890143));
#8469=DIRECTION('center_axis',(-1.,4.15627558052658E-16,-5.5652040381508E-17));
#8470=DIRECTION('ref_axis',(-3.37636600308977E-16,-0.719339800338651,0.694658370458997));
#8471=DIRECTION('',(-4.14825497618319E-16,-0.999906011835848,-0.0137101237970032));
#8472=DIRECTION('center_axis',(1.,-4.15627558052658E-16,5.5652040381508E-17));
#8473=DIRECTION('ref_axis',(-2.48686434578239E-16,-0.694658370458998,-0.719339800338651));
#8474=DIRECTION('center_axis',(1.,-4.15627558052658E-16,5.5652040381508E-17));
#8475=DIRECTION('ref_axis',(-2.48686434578239E-16,-0.694658370458997,-0.719339800338651));
#8476=DIRECTION('center_axis',(-1.,4.15627558052658E-16,-5.5652040381508E-17));
#8477=DIRECTION('ref_axis',(-3.37636600308977E-16,-0.719339800338651,0.694658370458997));
#8478=DIRECTION('',(-2.00157438015289E-16,-0.35647660340442,0.93430424981654));
#8479=DIRECTION('center_axis',(1.,-4.15627558052658E-16,5.5652040381508E-17));
#8480=DIRECTION('ref_axis',(-3.37636600308977E-16,-0.719339800338651,0.694658370458997));
#8481=DIRECTION('center_axis',(1.,-4.15627558052658E-16,5.5652040381508E-17));
#8482=DIRECTION('ref_axis',(-2.48686434578239E-16,-0.694658370458997,-0.719339800338651));
#8483=DIRECTION('',(-1.42531299115517E-16,-0.212077327948119,0.977252887931464));
#8484=DIRECTION('center_axis',(-1.,4.15627558052658E-16,-5.5652040381508E-17));
#8485=DIRECTION('ref_axis',(3.37636600308977E-16,0.719339800338651,-0.694658370458998));
#8486=DIRECTION('',(1.74882218276175E-16,0.533977901442453,0.845498433334512));
#8487=DIRECTION('center_axis',(1.,-4.15627558052658E-16,5.5652040381508E-17));
#8488=DIRECTION('ref_axis',(3.37636600308977E-16,0.719339800338651,-0.694658370458998));
#8489=DIRECTION('',(4.12513595269291E-16,0.998870388957531,0.0475178499495712));
#8490=DIRECTION('center_axis',(1.,-4.15627558052658E-16,5.5652040381508E-17));
#8491=DIRECTION('ref_axis',(3.37636600308977E-16,0.719339800338651,-0.694658370458998));
#8492=DIRECTION('',(-2.48686434578239E-16,-0.694658370458998,-0.719339800338651));
#8493=DIRECTION('center_axis',(1.,-4.15627558052658E-16,5.5652040381508E-17));
#8494=DIRECTION('ref_axis',(3.37636600308977E-16,0.719339800338651,-0.694658370458998));
#8495=DIRECTION('',(-1.21463022274005E-16,-0.160067724297835,0.987106034647804));
#8496=DIRECTION('center_axis',(-1.,4.15627558052658E-16,-5.5652040381508E-17));
#8497=DIRECTION('ref_axis',(3.37636600308977E-16,0.719339800338651,-0.694658370458998));
#8498=DIRECTION('',(-4.0136037526331E-16,-0.987106034647804,-0.160067724297834));
#8499=DIRECTION('center_axis',(1.,-4.15627558052658E-16,5.5652040381508E-17));
#8500=DIRECTION('ref_axis',(3.37636600308977E-16,0.719339800338651,-0.694658370458998));
#8501=DIRECTION('center_axis',(1.,-4.15627558052658E-16,5.5652040381508E-17));
#8502=DIRECTION('ref_axis',(-2.48686434578239E-16,-0.694658370458998,-0.719339800338651));
#8503=DIRECTION('center_axis',(1.,-4.15627558052658E-16,5.5652040381508E-17));
#8504=DIRECTION('ref_axis',(-2.48686434578239E-16,-0.694658370458997,-0.719339800338651));
#8505=DIRECTION('center_axis',(1.,-4.15627558052658E-16,5.5652040381508E-17));
#8506=DIRECTION('ref_axis',(-3.37636600308977E-16,-0.719339800338651,0.694658370458997));
#8507=DIRECTION('',(-2.00157438015289E-16,-0.35647660340442,0.93430424981654));
#8508=DIRECTION('center_axis',(-1.,4.15627558052658E-16,-5.5652040381508E-17));
#8509=DIRECTION('ref_axis',(-3.37636600308977E-16,-0.719339800338651,0.694658370458997));
#8510=DIRECTION('center_axis',(1.,-4.15627558052658E-16,5.5652040381508E-17));
#8511=DIRECTION('ref_axis',(-2.48686434578239E-16,-0.694658370458997,-0.719339800338651));
#8512=DIRECTION('center_axis',(1.,-4.15627558052658E-16,5.5652040381508E-17));
#8513=DIRECTION('ref_axis',(-2.48686434578239E-16,-0.694658370458998,-0.719339800338651));
#8514=DIRECTION('',(-4.14825497618319E-16,-0.999906011835848,-0.0137101237970032));
#8515=DIRECTION('center_axis',(-1.,4.15627558052658E-16,-5.5652040381508E-17));
#8516=DIRECTION('ref_axis',(-3.37636600308977E-16,-0.719339800338651,0.694658370458997));
#8517=DIRECTION('',(-1.17437945353907E-16,-0.150175398545918,0.988659369890143));
#8518=DIRECTION('center_axis',(-1.,4.15627558052658E-16,-5.5652040381508E-17));
#8519=DIRECTION('ref_axis',(-3.37636600308977E-16,-0.719339800338651,0.694658370458997));
#8520=DIRECTION('',(4.03992088012557E-16,0.990458158437342,0.137813774293099));
#8521=DIRECTION('center_axis',(1.,-4.15627558052658E-16,5.5652040381508E-17));
#8522=DIRECTION('ref_axis',(-2.48686434578239E-16,-0.694658370458998,-0.719339800338651));
#8523=DIRECTION('',(-4.01360375331766E-16,-0.987106034738019,-0.160067723741502));
#8524=DIRECTION('center_axis',(-1.,4.15627558052658E-16,-5.5652040381508E-17));
#8525=DIRECTION('ref_axis',(-3.37636600308977E-16,-0.719339800338651,0.694658370458997));
#8526=DIRECTION('',(-1.21463022047798E-16,-0.160067723741502,0.987106034738019));
#8527=DIRECTION('',(3.64517052778161E-16,0.92718658817263,0.374599827432953));
#8528=DIRECTION('center_axis',(1.,-4.15627558052658E-16,5.5652040381508E-17));
#8529=DIRECTION('ref_axis',(-2.48686434578239E-16,-0.694658370458998,-0.719339800338651));
#8530=DIRECTION('',(-1.42531298994106E-16,-0.212077327647263,0.977252887996754));
#8531=DIRECTION('',(-1.09904985672757E-16,-0.131698888713845,0.99128976727874));
#8532=DIRECTION('center_axis',(1.,-4.15627558052658E-16,5.5652040381508E-17));
#8533=DIRECTION('ref_axis',(-2.48686434578239E-16,-0.694658370458997,-0.719339800338651));
#8534=DIRECTION('',(1.09904985672757E-16,0.131698888713845,-0.99128976727874));
#8535=DIRECTION('center_axis',(1.,-4.15627558052658E-16,5.5652040381508E-17));
#8536=DIRECTION('ref_axis',(-2.48686434578239E-16,-0.694658370458997,-0.719339800338651));
#8537=DIRECTION('',(-1.44537530656407E-16,-0.217050610801738,0.976160351761222));
#8538=DIRECTION('center_axis',(1.,-4.15627558052658E-16,5.5652040381508E-17));
#8539=DIRECTION('ref_axis',(-2.48686434578239E-16,-0.694658370458998,-0.719339800338651));
#8540=DIRECTION('',(1.44537530656407E-16,0.217050610801738,-0.976160351761222));
#8541=DIRECTION('center_axis',(1.,-4.15627558052658E-16,5.5652040381508E-17));
#8542=DIRECTION('ref_axis',(-2.48686434578239E-16,-0.694658370458998,-0.719339800338651));
#8543=DIRECTION('',(4.12513595261617E-16,0.998870388952691,0.0475178500513187));
#8544=DIRECTION('center_axis',(1.,-4.15627558052658E-16,5.5652040381508E-17));
#8545=DIRECTION('ref_axis',(-2.48686434578239E-16,-0.694658370458997,-0.719339800338651));
#8546=DIRECTION('',(-1.42531299115517E-16,-0.212077327948119,0.977252887931464));
#8547=DIRECTION('center_axis',(1.,-4.15627558052658E-16,5.5652040381508E-17));
#8548=DIRECTION('ref_axis',(3.37636600308977E-16,0.719339800338651,-0.694658370458998));
#8549=DIRECTION('',(-4.0136037526331E-16,-0.987106034647804,-0.160067724297834));
#8550=DIRECTION('center_axis',(-1.,4.15627558052658E-16,-5.5652040381508E-17));
#8551=DIRECTION('ref_axis',(3.37636600308977E-16,0.719339800338651,-0.694658370458998));
#8552=DIRECTION('',(-1.21463022274005E-16,-0.160067724297835,0.987106034647804));
#8553=DIRECTION('center_axis',(1.,-4.15627558052658E-16,5.5652040381508E-17));
#8554=DIRECTION('ref_axis',(3.37636600308977E-16,0.719339800338651,-0.694658370458998));
#8555=DIRECTION('',(-2.48686434578239E-16,-0.694658370458998,-0.719339800338651));
#8556=DIRECTION('center_axis',(1.,-4.15627558052658E-16,5.5652040381508E-17));
#8557=DIRECTION('ref_axis',(3.37636600308977E-16,0.719339800338651,-0.694658370458998));
#8558=DIRECTION('',(4.12513595269291E-16,0.998870388957531,0.0475178499495712));
#8559=DIRECTION('center_axis',(1.,-4.15627558052658E-16,5.5652040381508E-17));
#8560=DIRECTION('ref_axis',(3.37636600308977E-16,0.719339800338651,-0.694658370458998));
#8561=DIRECTION('',(1.74882218276175E-16,0.533977901442453,0.845498433334512));
#8562=DIRECTION('center_axis',(-1.,4.15627558052658E-16,-5.5652040381508E-17));
#8563=DIRECTION('ref_axis',(3.37636600308977E-16,0.719339800338651,-0.694658370458998));
#8564=DIRECTION('center_axis',(1.,-4.15627558052658E-16,5.5652040381508E-17));
#8565=DIRECTION('ref_axis',(3.68483943501743E-16,0.93430424981654,0.35647660340442));
#8566=DIRECTION('',(1.,-4.15627558052658E-16,5.56520403815081E-17));
#8567=DIRECTION('',(1.,-4.15627558052658E-16,5.56520403815081E-17));
#8568=DIRECTION('center_axis',(-1.,4.15627558052658E-16,-5.5652040381508E-17));
#8569=DIRECTION('ref_axis',(-2.48686434578239E-16,-0.694658370458997,-0.719339800338651));
#8570=DIRECTION('',(1.,-4.15627558052658E-16,5.56520403815081E-17));
#8571=DIRECTION('center_axis',(-1.,4.15627558052658E-16,-5.5652040381508E-17));
#8572=DIRECTION('ref_axis',(-2.48686434578239E-16,-0.694658370458998,-0.719339800338651));
#8573=DIRECTION('',(1.,-4.15627558052658E-16,5.56520403815081E-17));
#8574=DIRECTION('center_axis',(6.13451150227495E-17,0.0137101237970033,
-0.999906011835848));
#8575=DIRECTION('ref_axis',(-4.14825497618319E-16,-0.999906011835848,-0.0137101237970031));
#8576=DIRECTION('',(1.,-4.15627558052658E-16,5.56520403815081E-17));
#8577=DIRECTION('center_axis',(1.,-4.15627558052658E-16,5.5652040381508E-17));
#8578=DIRECTION('ref_axis',(-6.13451150227494E-17,-0.0137101237970032,0.999906011835848));
#8579=DIRECTION('',(1.,-4.15627558052658E-16,5.56520403815081E-17));
#8580=DIRECTION('center_axis',(-4.02556512309133E-16,-0.988659369890143,
-0.150175398545918));
#8581=DIRECTION('ref_axis',(-1.17437945353907E-16,-0.150175398545918,0.988659369890143));
#8582=DIRECTION('',(1.,-4.15627558052658E-16,5.56520403815081E-17));
#8583=DIRECTION('center_axis',(1.,-4.15627558052658E-16,5.5652040381508E-17));
#8584=DIRECTION('ref_axis',(4.02556512309133E-16,0.988659369890143,0.150175398545918));
#8585=DIRECTION('',(1.,-4.15627558052658E-16,5.56520403815081E-17));
#8586=DIRECTION('center_axis',(-1.1240021990501E-16,-0.137813774293099,
0.990458158437342));
#8587=DIRECTION('ref_axis',(4.03992088012557E-16,0.990458158437342,0.137813774293099));
#8588=DIRECTION('',(1.,-4.15627558052658E-16,5.56520403815081E-17));
#8589=DIRECTION('center_axis',(-1.,4.15627558052658E-16,-5.5652040381508E-17));
#8590=DIRECTION('ref_axis',(-2.48686434578239E-16,-0.694658370458998,-0.719339800338651));
#8591=DIRECTION('',(1.,-4.15627558052658E-16,5.56520403815081E-17));
#8592=DIRECTION('center_axis',(1.21463022047798E-16,0.160067723741502,-0.987106034738019));
#8593=DIRECTION('ref_axis',(-4.01360375331766E-16,-0.987106034738019,-0.160067723741502));
#8594=DIRECTION('',(1.,-4.15627558052658E-16,5.56520403815081E-17));
#8595=DIRECTION('center_axis',(1.,-4.15627558052658E-16,5.5652040381508E-17));
#8596=DIRECTION('ref_axis',(-1.21463022047798E-16,-0.160067723741502,0.987106034738019));
#8597=DIRECTION('',(1.,-4.15627558052658E-16,5.56520403815081E-17));
#8598=DIRECTION('center_axis',(-4.01360375331766E-16,-0.987106034738019,
-0.160067723741502));
#8599=DIRECTION('ref_axis',(-1.21463022047798E-16,-0.160067723741502,0.987106034738019));
#8600=DIRECTION('',(1.,-4.15627558052658E-16,5.56520403815081E-17));
#8601=DIRECTION('center_axis',(-2.07293836969081E-16,-0.374599827432953,
0.92718658817263));
#8602=DIRECTION('ref_axis',(3.64517052778161E-16,0.92718658817263,0.374599827432953));
#8603=DIRECTION('',(1.,-4.15627558052658E-16,5.56520403815081E-17));
#8604=DIRECTION('center_axis',(-1.,4.15627558052658E-16,-5.5652040381508E-17));
#8605=DIRECTION('ref_axis',(-2.48686434578239E-16,-0.694658370458998,-0.719339800338651));
#8606=DIRECTION('',(1.,-4.15627558052658E-16,5.56520403815081E-17));
#8607=DIRECTION('center_axis',(-3.9437069543577E-16,-0.977252887996754,
-0.212077327647263));
#8608=DIRECTION('ref_axis',(-1.42531298994106E-16,-0.212077327647263,0.977252887996754));
#8609=DIRECTION('',(1.,-4.15627558052658E-16,5.56520403815081E-17));
#8610=DIRECTION('center_axis',(-4.04678033423747E-16,-0.99128976727874,
-0.131698888713845));
#8611=DIRECTION('ref_axis',(-1.09904985672756E-16,-0.131698888713845,0.99128976727874));
#8612=DIRECTION('',(1.,-4.15627558052658E-16,5.56520403815081E-17));
#8613=DIRECTION('center_axis',(-1.,4.15627558052658E-16,-5.5652040381508E-17));
#8614=DIRECTION('ref_axis',(-2.48686434578239E-16,-0.694658370458997,-0.719339800338651));
#8615=DIRECTION('',(1.,-4.15627558052658E-16,5.56520403815081E-17));
#8616=DIRECTION('center_axis',(4.04678033423747E-16,0.99128976727874,0.131698888713845));
#8617=DIRECTION('ref_axis',(1.09904985672756E-16,0.131698888713845,-0.99128976727874));
#8618=DIRECTION('',(1.,-4.15627558052658E-16,5.56520403815081E-17));
#8619=DIRECTION('center_axis',(-1.,4.15627558052658E-16,-5.5652040381508E-17));
#8620=DIRECTION('ref_axis',(-1.27340920946989E-16,-0.174538769513501,0.98465030235953));
#8621=DIRECTION('',(1.,-4.15627558052658E-16,5.56520403815081E-17));
#8622=DIRECTION('center_axis',(-3.93639833913171E-16,-0.976160351761222,
-0.217050610801737));
#8623=DIRECTION('ref_axis',(-1.44537530656407E-16,-0.217050610801738,0.976160351761222));
#8624=DIRECTION('',(1.,-4.15627558052658E-16,5.56520403815081E-17));
#8625=DIRECTION('center_axis',(-1.,4.15627558052658E-16,-5.5652040381508E-17));
#8626=DIRECTION('ref_axis',(-2.48686434578239E-16,-0.694658370458998,-0.719339800338651));
#8627=DIRECTION('',(1.,-4.15627558052658E-16,5.56520403815081E-17));
#8628=DIRECTION('center_axis',(3.93639833913171E-16,0.976160351761222,0.217050610801737));
#8629=DIRECTION('ref_axis',(1.44537530656407E-16,0.217050610801738,-0.976160351761222));
#8630=DIRECTION('',(1.,-4.15627558052658E-16,5.56520403815081E-17));
#8631=DIRECTION('center_axis',(-1.,4.15627558052658E-16,-5.5652040381508E-17));
#8632=DIRECTION('ref_axis',(2.08042455818885E-16,0.606963561816273,0.794729661348627));
#8633=DIRECTION('',(1.,-4.15627558052658E-16,5.56520403815081E-17));
#8634=DIRECTION('center_axis',(-7.53389032026297E-17,-0.0475178500513186,
0.998870388952691));
#8635=DIRECTION('ref_axis',(4.12513595261617E-16,0.998870388952691,0.0475178500513187));
#8636=DIRECTION('',(1.,-4.15627558052658E-16,5.56520403815081E-17));
#8637=DIRECTION('center_axis',(-1.,4.15627558052658E-16,-5.5652040381508E-17));
#8638=DIRECTION('ref_axis',(-2.48686434578239E-16,-0.694658370458997,-0.719339800338651));
#8639=DIRECTION('center_axis',(-1.,4.15627558052658E-16,-5.5652040381508E-17));
#8640=DIRECTION('ref_axis',(-2.48686434578239E-16,-0.694658370458997,-0.719339800338651));
#8641=DIRECTION('',(1.,-4.15627558052658E-16,5.56520403815081E-17));
#8642=DIRECTION('center_axis',(1.,-4.15627558052658E-16,5.5652040381508E-17));
#8643=DIRECTION('ref_axis',(3.68483943501743E-16,0.93430424981654,0.35647660340442));
#8644=DIRECTION('',(1.,-4.15627558052658E-16,5.56520403815081E-17));
#8645=DIRECTION('center_axis',(-3.68483943501743E-16,-0.93430424981654,
-0.356476603404419));
#8646=DIRECTION('ref_axis',(-2.00157438015289E-16,-0.35647660340442,0.93430424981654));
#8647=DIRECTION('center_axis',(3.94370695391891E-16,0.977252887931464,0.212077327948119));
#8648=DIRECTION('ref_axis',(-1.42531299115517E-16,-0.212077327948119,0.977252887931464));
#8649=DIRECTION('',(-1.,4.15627558052658E-16,-5.56520403815081E-17));
#8650=DIRECTION('',(-1.,4.15627558052658E-16,-5.56520403815081E-17));
#8651=DIRECTION('center_axis',(-1.,4.15627558052658E-16,-5.5652040381508E-17));
#8652=DIRECTION('ref_axis',(3.94370695391891E-16,0.977252887931464,0.212077327948119));
#8653=DIRECTION('',(-1.,4.15627558052658E-16,-5.56520403815081E-17));
#8654=DIRECTION('center_axis',(-1.,4.15627558052658E-16,-5.5652040381508E-17));
#8655=DIRECTION('ref_axis',(3.94370695391891E-16,0.977252887931464,0.212077327948119));
#8656=DIRECTION('',(-1.,4.15627558052658E-16,-5.56520403815081E-17));
#8657=DIRECTION('center_axis',(3.81129408918079E-16,0.845498433334512,-0.533977901442453));
#8658=DIRECTION('ref_axis',(1.74882218276176E-16,0.533977901442453,0.845498433334512));
#8659=DIRECTION('',(-1.,4.15627558052658E-16,-5.56520403815081E-17));
#8660=DIRECTION('center_axis',(-1.21463022274005E-16,-0.160067724297835,
0.987106034647804));
#8661=DIRECTION('ref_axis',(-4.0136037526331E-16,-0.987106034647804,-0.160067724297835));
#8662=DIRECTION('',(-1.,4.15627558052658E-16,-5.56520403815081E-17));
#8663=DIRECTION('center_axis',(-1.,4.15627558052658E-16,-5.5652040381508E-17));
#8664=DIRECTION('ref_axis',(7.53389031606102E-17,0.0475178499495712,-0.998870388957531));
#8665=DIRECTION('',(-1.,4.15627558052658E-16,-5.56520403815081E-17));
#8666=DIRECTION('center_axis',(-1.,4.15627558052658E-16,-5.5652040381508E-17));
#8667=DIRECTION('ref_axis',(1.21463022274005E-16,0.160067724297835,-0.987106034647804));
#8668=DIRECTION('',(-1.,4.15627558052658E-16,-5.56520403815081E-17));
#8669=DIRECTION('center_axis',(7.53389031606101E-17,0.0475178499495712,
-0.998870388957532));
#8670=DIRECTION('ref_axis',(4.12513595269291E-16,0.998870388957531,0.0475178499495713));
#8671=DIRECTION('',(-1.,4.15627558052658E-16,-5.56520403815081E-17));
#8672=DIRECTION('center_axis',(4.0136037526331E-16,0.987106034647804,0.160067724297835));
#8673=DIRECTION('ref_axis',(-1.21463022274005E-16,-0.160067724297835,0.987106034647804));
#8674=DIRECTION('',(-1.,4.15627558052658E-16,-5.56520403815081E-17));
#8675=DIRECTION('center_axis',(-1.,4.15627558052658E-16,-5.5652040381508E-17));
#8676=DIRECTION('ref_axis',(-3.37636600308977E-16,-0.719339800338651,0.694658370458998));
#8677=DIRECTION('',(-1.,4.15627558052658E-16,-5.56520403815081E-17));
#8678=DIRECTION('center_axis',(-1.,4.15627558052658E-16,-5.5652040381508E-17));
#8679=DIRECTION('ref_axis',(4.0136037526331E-16,0.987106034647804,0.160067724297834));
#8680=DIRECTION('',(-1.,4.15627558052658E-16,-5.56520403815081E-17));
#8681=DIRECTION('center_axis',(-3.37636600308977E-16,-0.719339800338651,
0.694658370458997));
#8682=DIRECTION('ref_axis',(-2.48686434578239E-16,-0.694658370458998,-0.719339800338651));
#8683=DIRECTION('center_axis',(-1.,4.19502770745015E-16,-2.77662826837712E-16));
#8684=DIRECTION('ref_axis',(1.08884232521107E-16,-0.3583679495453,-0.933580426497202));
#8685=DIRECTION('',(4.91145033547672E-16,0.933580426497202,-0.3583679495453));
#8686=DIRECTION('center_axis',(-1.08884232521107E-16,0.3583679495453,0.933580426497202));
#8687=DIRECTION('ref_axis',(4.91145033547672E-16,0.933580426497202,-0.3583679495453));
#8688=DIRECTION('',(4.91145033547672E-16,0.933580426497202,-0.3583679495453));
#8689=DIRECTION('center_axis',(-1.,4.19502770745015E-16,-2.77662826837712E-16));
#8690=DIRECTION('ref_axis',(1.08884232521107E-16,-0.3583679495453,-0.933580426497202));
#8691=CARTESIAN_POINT('',(0.,0.,0.));
#8692=CARTESIAN_POINT('Origin',(7.98214418517,31.3287352192843,67.4622691627898));
#8693=CARTESIAN_POINT('',(0.982144185169983,24.197213059602,48.88401876998));
#8694=CARTESIAN_POINT('',(0.982144185169979,37.3851536028746,83.2397784650749));
#8695=CARTESIAN_POINT('',(0.982144185169983,24.197213059602,48.88401876998));
#8696=CARTESIAN_POINT('',(-1.81785598543389,24.197213059602,48.88401876998));
#8697=CARTESIAN_POINT('',(12.98214418517,24.197213059602,48.88401876998));
#8698=CARTESIAN_POINT('',(-1.81785598543391,37.3851536028746,83.2397784650749));
#8699=CARTESIAN_POINT('',(-1.81785598543389,31.0420408777826,66.7154048688343));
#8700=CARTESIAN_POINT('',(-1.81785598543391,37.3851536028746,83.2397784650749));
#8701=CARTESIAN_POINT('Origin',(7.98214418517,31.3287352192843,67.4622691627898));
#8702=CARTESIAN_POINT('',(14.98214418517,24.197213059602,48.88401876998));
#8703=CARTESIAN_POINT('',(17.78214418517,24.197213059602,48.88401876998));
#8704=CARTESIAN_POINT('',(12.98214418517,24.197213059602,48.88401876998));
#8705=CARTESIAN_POINT('',(14.98214418517,37.3851536028746,83.2397784650749));
#8706=CARTESIAN_POINT('',(14.98214418517,24.197213059602,48.88401876998));
#8707=CARTESIAN_POINT('',(17.78214418517,37.3851536028746,83.2397784650749));
#8708=CARTESIAN_POINT('',(17.78214418517,37.3851536028746,83.2397784650749));
#8709=CARTESIAN_POINT('',(17.78214418517,31.0420408777826,66.7154048688343));
#8710=CARTESIAN_POINT('Origin',(-1.8178559854339,29.3082968677558,66.5240108995356));
#8711=CARTESIAN_POINT('',(-1.8178559854339,21.8632619859043,49.7799386467049));
#8712=CARTESIAN_POINT('',(-1.81785598543389,23.4736882216094,49.1617539337402));
#8713=CARTESIAN_POINT('',(-1.8178559854339,21.8910848063224,49.8524195719252));
#8714=CARTESIAN_POINT('',(-1.81785598543389,25.1423287242437,58.3221995491543));
#8715=CARTESIAN_POINT('',(-1.8178559854339,21.587188325229,50.7349990380044));
#8716=CARTESIAN_POINT('',(-1.8178559854339,19.7181629769375,56.1630427851652));
#8717=CARTESIAN_POINT('',(-1.8178559854339,21.6783240166676,50.9724156311746));
#8718=CARTESIAN_POINT('',(-1.8178559854339,24.724217765957,58.9072401296676));
#8719=CARTESIAN_POINT('',(-1.8178559854339,22.4947240473706,51.4249535577996));
#8720=CARTESIAN_POINT('',(-1.81785598543389,27.8937598191639,54.4176879552223));
#8721=CARTESIAN_POINT('',(-1.8178559854339,22.6902453338085,51.9343039230139));
#8722=CARTESIAN_POINT('',(-1.8178559854339,25.4580597549769,59.1447070047017));
#8723=CARTESIAN_POINT('',(-1.8178559854339,22.386348852715,52.8168833890932));
#8724=CARTESIAN_POINT('',(-1.8178559854339,20.7954041426934,57.4373223217194));
#8725=CARTESIAN_POINT('',(-1.8178559854339,22.4774845441537,53.0542999822634));
#8726=CARTESIAN_POINT('',(-1.8178559854339,25.1237980297,59.948182305212));
#8727=CARTESIAN_POINT('',(-1.8178559854339,23.2938845748566,53.5068379088884));
#8728=CARTESIAN_POINT('',(-1.81785598543389,27.9458730600063,56.0854772334613));
#8729=CARTESIAN_POINT('',(-1.8178559854339,23.4894058612945,54.0161882741027));
#8730=CARTESIAN_POINT('',(-1.8178559854339,25.8576400187199,60.185649180246));
#8731=CARTESIAN_POINT('',(-1.8178559854339,23.185509380201,54.898767740182));
#8732=CARTESIAN_POINT('',(-1.8178559854339,21.8726453084493,58.7116018582736));
#8733=CARTESIAN_POINT('',(-1.8178559854339,23.2766450716397,55.1361843333521));
#8734=CARTESIAN_POINT('',(-1.8178559854339,25.523378293443,60.9891244807564));
#8735=CARTESIAN_POINT('',(-1.8178559854339,24.0930451023426,55.5887222599771));
#8736=CARTESIAN_POINT('',(-1.81785598543389,27.9979863008488,57.7532665117002));
#8737=CARTESIAN_POINT('',(-1.8178559854339,24.2885663887805,56.0980726251914));
#8738=CARTESIAN_POINT('',(-1.8178559854339,26.2572202824629,61.2265913557904));
#8739=CARTESIAN_POINT('',(-1.8178559854339,23.984669907687,56.9806520912707));
#8740=CARTESIAN_POINT('',(-1.8178559854339,22.9498864742052,59.9858813948277));
#8741=CARTESIAN_POINT('',(-1.8178559854339,24.0758055991257,57.2180686844409));
#8742=CARTESIAN_POINT('',(-1.8178559854339,25.922958557186,62.0300666563008));
#8743=CARTESIAN_POINT('',(-1.8178559854339,24.8922056298286,57.6706066110659));
#8744=CARTESIAN_POINT('',(-1.81785598543389,28.0500995416912,59.4210557899392));
#8745=CARTESIAN_POINT('',(-1.8178559854339,25.0877269162665,58.1799569762802));
#8746=CARTESIAN_POINT('',(-1.8178559854339,26.6568005462059,62.2675335313348));
#8747=CARTESIAN_POINT('',(-1.8178559854339,24.783830435173,59.0625364423595));
#8748=CARTESIAN_POINT('',(-1.8178559854339,24.0271276399611,61.2601609313819));
#8749=CARTESIAN_POINT('',(-1.8178559854339,24.8749661266117,59.2999530355297));
#8750=CARTESIAN_POINT('',(-1.8178559854339,26.3225388209291,63.0710088318451));
#8751=CARTESIAN_POINT('',(-1.8178559854339,25.6913661573146,59.7524909621547));
#8752=CARTESIAN_POINT('',(-1.81785598543389,28.1022127825336,61.0888450681781));
#8753=CARTESIAN_POINT('',(-1.8178559854339,25.8868874437525,60.261841327369));
#8754=CARTESIAN_POINT('',(-1.8178559854339,27.056380809949,63.3084757068792));
#8755=CARTESIAN_POINT('',(-1.8178559854339,25.5829909626591,61.1444207934482));
#8756=CARTESIAN_POINT('',(-1.8178559854339,25.1043688057171,62.5344404679361));
#8757=CARTESIAN_POINT('',(-1.8178559854339,25.6741266540977,61.3818373866184));
#8758=CARTESIAN_POINT('',(-1.8178559854339,26.7221190846721,64.1119510073895));
#8759=CARTESIAN_POINT('',(-1.8178559854339,26.4905266848006,61.8343753132434));
#8760=CARTESIAN_POINT('',(-1.81785598543389,28.1543260233761,62.756634346417));
#8761=CARTESIAN_POINT('',(-1.8178559854339,26.6860479712386,62.3437256784577));
#8762=CARTESIAN_POINT('',(-1.8178559854339,27.455961073692,64.3494178824236));
#8763=CARTESIAN_POINT('',(-1.8178559854339,26.3821514901451,63.226305144537));
#8764=CARTESIAN_POINT('',(-1.8178559854339,26.181609971473,63.8087200044902));
#8765=CARTESIAN_POINT('',(-1.8178559854339,26.4732871815837,63.4637217377072));
#8766=CARTESIAN_POINT('',(-1.8178559854339,27.1216993484151,65.1528931829339));
#8767=CARTESIAN_POINT('',(-1.8178559854339,27.2896872122867,63.9162596643322));
#8768=CARTESIAN_POINT('',(-1.8178559854339,28.2064392642185,64.424423624656));
#8769=CARTESIAN_POINT('',(-1.8178559854339,27.4852084987246,64.4256100295465));
#8770=CARTESIAN_POINT('',(-1.8178559854339,27.855541337435,65.3903600579679));
#8771=CARTESIAN_POINT('',(-1.8178559854339,27.1813120176311,65.3081894956257));
#8772=CARTESIAN_POINT('',(-1.8178559854339,27.2588511372289,65.0829995410444));
#8773=CARTESIAN_POINT('',(-1.8178559854339,27.2724477090698,65.5456060887959));
#8774=CARTESIAN_POINT('',(-1.8178559854339,27.5212796121581,66.1938353584783));
#8775=CARTESIAN_POINT('',(-1.8178559854339,28.0888477397727,65.9981440154209));
#8776=CARTESIAN_POINT('',(-1.8178559854339,28.2585525050609,66.0922129028949));
#8777=CARTESIAN_POINT('',(-1.8178559854339,28.2843690262106,66.5074943806352));
#8778=CARTESIAN_POINT('',(-1.8178559854339,28.255121601178,66.4313022335123));
#8779=CARTESIAN_POINT('',(-1.8178559854339,27.9804725451171,67.3900738467145));
#8780=CARTESIAN_POINT('',(-1.8178559854339,28.3360923029848,66.3572790775986));
#8781=CARTESIAN_POINT('',(-1.8178559854339,28.0716082365558,67.6274904398847));
#8782=CARTESIAN_POINT('',(-1.8178559854339,27.9208598759011,67.2347775340227));
#8783=CARTESIAN_POINT('',(-1.8178559854339,28.8880082672587,68.0800283665097));
#8784=CARTESIAN_POINT('',(-1.8178559854339,28.3106657459034,67.7600021811338));
#8785=CARTESIAN_POINT('',(-1.8178559854339,29.0835295536966,68.589378731724));
#8786=CARTESIAN_POINT('',(-1.8178559854339,28.654701864921,67.4722444090567));
#8787=CARTESIAN_POINT('',(-1.8178559854339,28.7796330726031,69.4719581978033));
#8788=CARTESIAN_POINT('',(-1.8178559854339,29.4133334687407,67.6315586141527));
#8789=CARTESIAN_POINT('',(-1.8178559854339,28.8707687640418,69.7093747909735));
#8790=CARTESIAN_POINT('',(-1.8178559854339,28.3204401396441,68.275719709567));
#8791=CARTESIAN_POINT('',(-1.8178559854339,29.6871687947447,70.1619127175985));
#8792=CARTESIAN_POINT('',(-1.8178559854339,28.3627789867458,69.4277914593728));
#8793=CARTESIAN_POINT('',(-1.8178559854339,29.8826900811826,70.6712630828127));
#8794=CARTESIAN_POINT('',(-1.8178559854339,29.054282128664,68.5131865846011));
#8795=CARTESIAN_POINT('',(-1.8178559854339,29.5787936000892,71.553842548892));
#8796=CARTESIAN_POINT('',(-1.8178559854339,30.4905746344966,68.9058381507069));
#8797=CARTESIAN_POINT('',(-1.8178559854339,29.6699292915278,71.7912591420622));
#8798=CARTESIAN_POINT('',(-1.8178559854339,28.7200204033871,69.3166618851114));
#8799=CARTESIAN_POINT('',(-1.8178559854339,30.4863293222307,72.2437970686872));
#8800=CARTESIAN_POINT('',(-1.8178559854339,28.4148922275882,71.0955807376117));
#8801=CARTESIAN_POINT('',(-1.8178559854339,30.6818506086687,72.7531474339015));
#8802=CARTESIAN_POINT('',(-1.8178559854339,29.453862392407,69.5541287601455));
#8803=CARTESIAN_POINT('',(-1.8178559854339,30.3779541275752,73.6357268999808));
#8804=CARTESIAN_POINT('',(-1.8178559854339,31.5678158002525,70.1801176872611));
#8805=CARTESIAN_POINT('',(-1.8178559854339,30.4690898190138,73.873143493151));
#8806=CARTESIAN_POINT('',(-1.8178559854339,29.1196006671301,70.3576040606558));
#8807=CARTESIAN_POINT('',(-1.8178559854339,31.2854898497168,74.325681419776));
#8808=CARTESIAN_POINT('',(-1.8178559854339,28.4670054684307,72.7633700158506));
#8809=CARTESIAN_POINT('',(-1.8178559854339,31.4810111361547,74.8350317849903));
#8810=CARTESIAN_POINT('',(-1.8178559854339,29.85344265615,70.5950709356898));
#8811=CARTESIAN_POINT('',(-1.8178559854339,31.1771146550612,75.7176112510695));
#8812=CARTESIAN_POINT('',(-1.8178559854339,32.6450569660084,71.4543972238152));
#8813=CARTESIAN_POINT('',(-1.8178559854339,31.2682503464999,75.9550278442397));
#8814=CARTESIAN_POINT('',(-1.8178559854339,29.5191809308731,71.3985462362002));
#8815=CARTESIAN_POINT('',(-1.8178559854339,32.0846503772028,76.4075657708647));
#8816=CARTESIAN_POINT('',(-1.8178559854339,28.5191187092731,74.4311592940896));
#8817=CARTESIAN_POINT('',(-1.8178559854339,32.2801716636407,76.916916136079));
#8818=CARTESIAN_POINT('',(-1.8178559854339,30.2530229198931,71.6360131112342));
#8819=CARTESIAN_POINT('',(-1.8178559854339,31.9762751825472,77.7994956021583));
#8820=CARTESIAN_POINT('',(-1.8178559854339,33.7222981317644,72.7286767603694));
#8821=CARTESIAN_POINT('',(-1.8178559854339,32.0674108739859,78.0369121953285));
#8822=CARTESIAN_POINT('',(-1.8178559854339,29.9187611946161,72.4394884117446));
#8823=CARTESIAN_POINT('',(-1.8178559854339,32.8838109046888,78.4894501219535));
#8824=CARTESIAN_POINT('',(-1.8178559854339,28.5712319501155,76.0989485723285));
#8825=CARTESIAN_POINT('',(-1.8178559854339,33.0793321911267,78.9988004871678));
#8826=CARTESIAN_POINT('',(-1.8178559854339,30.6526031836361,72.6769552867786));
#8827=CARTESIAN_POINT('',(-1.8178559854339,32.7754357100332,79.8813799532471));
#8828=CARTESIAN_POINT('',(-1.8178559854339,34.7995392975203,74.0029562969236));
#8829=CARTESIAN_POINT('',(-1.8178559854339,32.8665714014719,80.1187965464173));
#8830=CARTESIAN_POINT('',(-1.8178559854339,30.3183414583592,73.4804305872889));
#8831=CARTESIAN_POINT('',(-1.8178559854339,33.6829714321748,80.5713344730423));
#8832=CARTESIAN_POINT('',(-1.8178559854339,28.623345190958,77.7667378505675));
#8833=CARTESIAN_POINT('',(-1.8178559854339,33.8784927186127,81.0806848382565));
#8834=CARTESIAN_POINT('',(-1.8178559854339,31.0521834473791,73.717897462323));
#8835=CARTESIAN_POINT('',(-1.8178559854339,33.5745962375193,81.9632643043358));
#8836=CARTESIAN_POINT('',(-1.8178559854339,35.8767804632762,75.2772358334777));
#8837=CARTESIAN_POINT('',(-1.8178559854339,33.6657693107176,82.2007782803193));
#8838=CARTESIAN_POINT('',(-1.8178559854339,30.717921722101,74.5213727628339));
#8839=CARTESIAN_POINT('',(-1.8178559854339,34.4821693414206,82.6533162069443));
#8840=CARTESIAN_POINT('',(-1.8178559854339,28.6754608694642,79.434605141791));
#8841=CARTESIAN_POINT('',(-1.8178559854339,34.6776906278585,83.1626665721586));
#8842=CARTESIAN_POINT('',(-1.8178559854339,31.451782402002,74.758888329274));
#8843=CARTESIAN_POINT('',(-1.8178559854339,34.373794146765,84.0452460382378));
#8844=CARTESIAN_POINT('',(-1.8178559854339,36.9540720183707,76.5515749760931));
#8845=CARTESIAN_POINT('',(-1.81785598543391,34.4910542732733,84.350719111529));
#8846=CARTESIAN_POINT('',(-1.8178559854339,31.1175206767237,75.562363629785));
#8847=CARTESIAN_POINT('',(-1.8178559854339,35.2145791038086,84.0729839506314));
#8848=CARTESIAN_POINT('Origin',(17.98214418517,24.197213052142,48.8840187728437));
#8849=CARTESIAN_POINT('',(0.982144185169983,24.3839291449014,48.812345180071));
#8850=CARTESIAN_POINT('',(0.982144185169983,24.2905710985217,48.8481819764573));
#8851=CARTESIAN_POINT('',(14.98214418517,24.3839291449014,48.812345180071));
#8852=CARTESIAN_POINT('',(17.98214418517,24.3839291449014,48.812345180071));
#8853=CARTESIAN_POINT('',(14.98214418517,24.2905710985238,48.8481819764565));
#8854=CARTESIAN_POINT('',(17.78214418517,21.8632619859043,49.7799386467049));
#8855=CARTESIAN_POINT('',(17.78214418517,23.4736882216094,49.1617539337402));
#8856=CARTESIAN_POINT('',(17.98214418517,21.8632619859043,49.7799386467049));
#8857=CARTESIAN_POINT('Origin',(17.78214418517,29.3082968677558,66.5240108995356));
#8858=CARTESIAN_POINT('',(17.78214418517,34.4910542732733,84.350719111529));
#8859=CARTESIAN_POINT('',(17.78214418517,35.2145791038086,84.0729839506314));
#8860=CARTESIAN_POINT('',(17.78214418517,34.373794146765,84.0452460382378));
#8861=CARTESIAN_POINT('',(17.78214418517,31.1175206767237,75.562363629785));
#8862=CARTESIAN_POINT('',(17.78214418517,34.6776906278585,83.1626665721586));
#8863=CARTESIAN_POINT('',(17.78214418517,36.9540720183707,76.5515749760932));
#8864=CARTESIAN_POINT('',(17.78214418517,34.4821693414206,82.6533162069443));
#8865=CARTESIAN_POINT('',(17.78214418517,31.451782402002,74.758888329274));
#8866=CARTESIAN_POINT('',(17.78214418517,33.6657693107176,82.2007782803193));
#8867=CARTESIAN_POINT('',(17.78214418517,28.6754608694641,79.434605141791));
#8868=CARTESIAN_POINT('',(17.78214418517,33.5745962375192,81.9632643043358));
#8869=CARTESIAN_POINT('',(17.78214418517,30.717921722101,74.5213727628339));
#8870=CARTESIAN_POINT('',(17.78214418517,33.8784927186127,81.0806848382565));
#8871=CARTESIAN_POINT('',(17.78214418517,35.8767804632762,75.2772358334777));
#8872=CARTESIAN_POINT('',(17.78214418517,33.6829714321748,80.5713344730423));
#8873=CARTESIAN_POINT('',(17.78214418517,31.0521834473791,73.717897462323));
#8874=CARTESIAN_POINT('',(17.78214418517,32.8665714014719,80.1187965464173));
#8875=CARTESIAN_POINT('',(17.78214418517,28.6233451909579,77.7667378505675));
#8876=CARTESIAN_POINT('',(17.78214418517,32.7754357100332,79.8813799532471));
#8877=CARTESIAN_POINT('',(17.78214418517,30.3183414583592,73.480430587289));
#8878=CARTESIAN_POINT('',(17.78214418517,33.0793321911267,78.9988004871678));
#8879=CARTESIAN_POINT('',(17.78214418517,34.7995392975203,74.0029562969236));
#8880=CARTESIAN_POINT('',(17.78214418517,32.8838109046888,78.4894501219535));
#8881=CARTESIAN_POINT('',(17.78214418517,30.6526031836361,72.6769552867786));
#8882=CARTESIAN_POINT('',(17.78214418517,32.0674108739859,78.0369121953285));
#8883=CARTESIAN_POINT('',(17.78214418517,28.5712319501155,76.0989485723285));
#8884=CARTESIAN_POINT('',(17.78214418517,31.9762751825472,77.7994956021583));
#8885=CARTESIAN_POINT('',(17.78214418517,29.9187611946161,72.4394884117446));
#8886=CARTESIAN_POINT('',(17.78214418517,32.2801716636407,76.916916136079));
#8887=CARTESIAN_POINT('',(17.78214418517,33.7222981317643,72.7286767603694));
#8888=CARTESIAN_POINT('',(17.78214418517,32.0846503772028,76.4075657708647));
#8889=CARTESIAN_POINT('',(17.78214418517,30.253022919893,71.6360131112342));
#8890=CARTESIAN_POINT('',(17.78214418517,31.2682503464999,75.9550278442397));
#8891=CARTESIAN_POINT('',(17.78214418517,28.5191187092731,74.4311592940896));
#8892=CARTESIAN_POINT('',(17.78214418517,31.1771146550612,75.7176112510696));
#8893=CARTESIAN_POINT('',(17.78214418517,29.5191809308731,71.3985462362002));
#8894=CARTESIAN_POINT('',(17.78214418517,31.4810111361547,74.8350317849903));
#8895=CARTESIAN_POINT('',(17.78214418517,32.6450569660084,71.4543972238152));
#8896=CARTESIAN_POINT('',(17.78214418517,31.2854898497168,74.325681419776));
#8897=CARTESIAN_POINT('',(17.78214418517,29.85344265615,70.5950709356898));
#8898=CARTESIAN_POINT('',(17.78214418517,30.4690898190138,73.873143493151));
#8899=CARTESIAN_POINT('',(17.78214418517,28.4670054684306,72.7633700158507));
#8900=CARTESIAN_POINT('',(17.78214418517,30.3779541275752,73.6357268999808));
#8901=CARTESIAN_POINT('',(17.78214418517,29.1196006671301,70.3576040606558));
#8902=CARTESIAN_POINT('',(17.78214418517,30.6818506086687,72.7531474339015));
#8903=CARTESIAN_POINT('',(17.78214418517,31.5678158002525,70.1801176872611));
#8904=CARTESIAN_POINT('',(17.78214418517,30.4863293222307,72.2437970686872));
#8905=CARTESIAN_POINT('',(17.78214418517,29.453862392407,69.5541287601455));
#8906=CARTESIAN_POINT('',(17.78214418517,29.6699292915278,71.7912591420622));
#8907=CARTESIAN_POINT('',(17.78214418517,28.4148922275882,71.0955807376117));
#8908=CARTESIAN_POINT('',(17.78214418517,29.5787936000891,71.553842548892));
#8909=CARTESIAN_POINT('',(17.78214418517,28.7200204033871,69.3166618851114));
#8910=CARTESIAN_POINT('',(17.78214418517,29.8826900811826,70.6712630828127));
#8911=CARTESIAN_POINT('',(17.78214418517,30.4905746344966,68.9058381507069));
#8912=CARTESIAN_POINT('',(17.78214418517,29.6871687947447,70.1619127175985));
#8913=CARTESIAN_POINT('',(17.78214418517,29.054282128664,68.5131865846011));
#8914=CARTESIAN_POINT('',(17.78214418517,28.8707687640418,69.7093747909735));
#8915=CARTESIAN_POINT('',(17.78214418517,28.3627789867458,69.4277914593728));
#8916=CARTESIAN_POINT('',(17.78214418517,28.7796330726031,69.4719581978033));
#8917=CARTESIAN_POINT('',(17.78214418517,28.3204401396441,68.275719709567));
#8918=CARTESIAN_POINT('',(17.78214418517,29.0835295536966,68.589378731724));
#8919=CARTESIAN_POINT('',(17.78214418517,29.4133334687407,67.6315586141527));
#8920=CARTESIAN_POINT('',(17.78214418517,28.8880082672587,68.0800283665097));
#8921=CARTESIAN_POINT('',(17.78214418517,28.654701864921,67.4722444090567));
#8922=CARTESIAN_POINT('',(17.78214418517,28.0716082365558,67.6274904398847));
#8923=CARTESIAN_POINT('',(17.78214418517,28.3106657459034,67.7600021811338));
#8924=CARTESIAN_POINT('',(17.78214418517,27.9804725451171,67.3900738467145));
#8925=CARTESIAN_POINT('',(17.78214418517,27.9208598759011,67.2347775340227));
#8926=CARTESIAN_POINT('',(17.78214418517,28.2843690262106,66.5074943806353));
#8927=CARTESIAN_POINT('',(17.78214418517,28.3360923029848,66.3572790775986));
#8928=CARTESIAN_POINT('',(17.78214418517,28.0888477397727,65.998144015421));
#8929=CARTESIAN_POINT('',(17.78214418517,28.255121601178,66.4313022335123));
#8930=CARTESIAN_POINT('',(17.78214418517,27.2724477090698,65.5456060887959));
#8931=CARTESIAN_POINT('',(17.78214418517,28.2585525050609,66.0922129028949));
#8932=CARTESIAN_POINT('',(17.78214418517,27.1813120176311,65.3081894956258));
#8933=CARTESIAN_POINT('',(17.78214418517,27.5212796121581,66.1938353584783));
#8934=CARTESIAN_POINT('',(17.78214418517,27.4852084987246,64.4256100295465));
#8935=CARTESIAN_POINT('',(17.78214418517,27.2588511372289,65.0829995410444));
#8936=CARTESIAN_POINT('',(17.78214418517,27.2896872122867,63.9162596643322));
#8937=CARTESIAN_POINT('',(17.78214418517,27.855541337435,65.3903600579679));
#8938=CARTESIAN_POINT('',(17.78214418517,26.4732871815837,63.4637217377072));
#8939=CARTESIAN_POINT('',(17.78214418517,28.2064392642185,64.424423624656));
#8940=CARTESIAN_POINT('',(17.78214418517,26.3821514901451,63.226305144537));
#8941=CARTESIAN_POINT('',(17.78214418517,27.1216993484151,65.1528931829339));
#8942=CARTESIAN_POINT('',(17.78214418517,26.6860479712386,62.3437256784577));
#8943=CARTESIAN_POINT('',(17.78214418517,26.181609971473,63.8087200044902));
#8944=CARTESIAN_POINT('',(17.78214418517,26.4905266848006,61.8343753132434));
#8945=CARTESIAN_POINT('',(17.78214418517,27.455961073692,64.3494178824236));
#8946=CARTESIAN_POINT('',(17.78214418517,25.6741266540977,61.3818373866184));
#8947=CARTESIAN_POINT('',(17.78214418517,28.1543260233761,62.756634346417));
#8948=CARTESIAN_POINT('',(17.78214418517,25.582990962659,61.1444207934482));
#8949=CARTESIAN_POINT('',(17.78214418517,26.7221190846721,64.1119510073895));
#8950=CARTESIAN_POINT('',(17.78214418517,25.8868874437525,60.261841327369));
#8951=CARTESIAN_POINT('',(17.78214418517,25.1043688057171,62.5344404679361));
#8952=CARTESIAN_POINT('',(17.78214418517,25.6913661573146,59.7524909621547));
#8953=CARTESIAN_POINT('',(17.78214418517,27.056380809949,63.3084757068792));
#8954=CARTESIAN_POINT('',(17.78214418517,24.8749661266117,59.2999530355297));
#8955=CARTESIAN_POINT('',(17.78214418517,28.1022127825336,61.0888450681781));
#8956=CARTESIAN_POINT('',(17.78214418517,24.783830435173,59.0625364423595));
#8957=CARTESIAN_POINT('',(17.78214418517,26.3225388209291,63.0710088318452));
#8958=CARTESIAN_POINT('',(17.78214418517,25.0877269162665,58.1799569762802));
#8959=CARTESIAN_POINT('',(17.78214418517,24.0271276399611,61.2601609313819));
#8960=CARTESIAN_POINT('',(17.78214418517,24.8922056298286,57.6706066110659));
#8961=CARTESIAN_POINT('',(17.78214418517,26.6568005462059,62.2675335313348));
#8962=CARTESIAN_POINT('',(17.78214418517,24.0758055991257,57.2180686844409));
#8963=CARTESIAN_POINT('',(17.78214418517,28.0500995416912,59.4210557899392));
#8964=CARTESIAN_POINT('',(17.78214418517,23.984669907687,56.9806520912707));
#8965=CARTESIAN_POINT('',(17.78214418517,25.922958557186,62.0300666563008));
#8966=CARTESIAN_POINT('',(17.78214418517,24.2885663887805,56.0980726251914));
#8967=CARTESIAN_POINT('',(17.78214418517,22.9498864742052,59.9858813948277));
#8968=CARTESIAN_POINT('',(17.78214418517,24.0930451023426,55.5887222599772));
#8969=CARTESIAN_POINT('',(17.78214418517,26.2572202824629,61.2265913557904));
#8970=CARTESIAN_POINT('',(17.78214418517,23.2766450716397,55.1361843333521));
#8971=CARTESIAN_POINT('',(17.78214418517,27.9979863008488,57.7532665117002));
#8972=CARTESIAN_POINT('',(17.78214418517,23.185509380201,54.898767740182));
#8973=CARTESIAN_POINT('',(17.78214418517,25.523378293443,60.9891244807564));
#8974=CARTESIAN_POINT('',(17.78214418517,23.4894058612945,54.0161882741027));
#8975=CARTESIAN_POINT('',(17.78214418517,21.8726453084493,58.7116018582736));
#8976=CARTESIAN_POINT('',(17.78214418517,23.2938845748566,53.5068379088884));
#8977=CARTESIAN_POINT('',(17.78214418517,25.8576400187199,60.185649180246));
#8978=CARTESIAN_POINT('',(17.78214418517,22.4774845441536,53.0542999822634));
#8979=CARTESIAN_POINT('',(17.78214418517,27.9458730600063,56.0854772334613));
#8980=CARTESIAN_POINT('',(17.78214418517,22.386348852715,52.8168833890932));
#8981=CARTESIAN_POINT('',(17.78214418517,25.1237980297,59.948182305212));
#8982=CARTESIAN_POINT('',(17.78214418517,22.6902453338085,51.9343039230139));
#8983=CARTESIAN_POINT('',(17.78214418517,20.7954041426934,57.4373223217194));
#8984=CARTESIAN_POINT('',(17.78214418517,22.4947240473705,51.4249535577996));
#8985=CARTESIAN_POINT('',(17.78214418517,25.4580597549769,59.1447070047017));
#8986=CARTESIAN_POINT('',(17.78214418517,21.6783240166676,50.9724156311746));
#8987=CARTESIAN_POINT('',(17.78214418517,27.8937598191639,54.4176879552223));
#8988=CARTESIAN_POINT('',(17.78214418517,21.5871883252289,50.7349990380044));
#8989=CARTESIAN_POINT('',(17.78214418517,24.724217765957,58.9072401296676));
#8990=CARTESIAN_POINT('',(17.78214418517,21.8910848063224,49.8524195719252));
#8991=CARTESIAN_POINT('',(17.78214418517,19.7181629769375,56.1630427851652));
#8992=CARTESIAN_POINT('',(17.78214418517,25.1423287242437,58.3221995491543));
#8993=CARTESIAN_POINT('Origin',(0.982144185169983,24.3839291449014,48.812345180071));
#8994=CARTESIAN_POINT('',(0.982144185169979,37.571869688174,83.1681048751659));
#8995=CARTESIAN_POINT('',(0.982144185169981,30.9778994165378,65.9902250276184));
#8996=CARTESIAN_POINT('',(0.982144185169979,37.571869688174,83.1681048751659));
#8997=CARTESIAN_POINT('Origin',(14.98214418517,37.5718696881727,83.1681048751664));
#8998=CARTESIAN_POINT('',(14.98214418517,37.571869688174,83.1681048751659));
#8999=CARTESIAN_POINT('',(14.98214418517,37.571869688174,83.1681048751659));
#9000=CARTESIAN_POINT('',(14.98214418517,37.571869688174,83.1681048751659));
#9001=CARTESIAN_POINT('Origin',(17.98214418517,37.571869688174,83.1681048751659));
#9002=CARTESIAN_POINT('',(-17.01785581483,37.5718698679297,83.1681045893455));
#9003=CARTESIAN_POINT('',(9.48214418516999,37.571869688174,83.1681048751659));
#9004=CARTESIAN_POINT('',(-17.01785581483,38.6469737165674,85.9688458688411));
#9005=CARTESIAN_POINT('',(-17.01785581483,35.1207799258653,76.7827969846941));
#9006=CARTESIAN_POINT('',(32.98214418517,38.6469737165673,85.9688458688412));
#9007=CARTESIAN_POINT('',(-4.51785581483,38.6469737165673,85.9688458688411));
#9008=CARTESIAN_POINT('',(32.98214418517,37.5718698679315,83.1681045893504));
#9009=CARTESIAN_POINT('',(32.98214418517,35.1207799258652,76.7827969846941));
#9010=CARTESIAN_POINT('',(17.88214418517,37.571869688174,83.1681048751659));
#9011=CARTESIAN_POINT('Origin',(-17.01785581483,16.5332088535573,86.959509923523));
#9012=CARTESIAN_POINT('',(-17.01785581483,16.1748409040119,86.0259294970258));
#9013=CARTESIAN_POINT('',(-17.01785581483,17.4667892800545,86.6011419739776));
#9014=CARTESIAN_POINT('Origin',(-17.01785581483,16.5332088535573,86.959509923523));
#9015=CARTESIAN_POINT('',(32.98214418517,17.4667892800544,86.6011419739776));
#9016=CARTESIAN_POINT('',(-17.01785581483,17.4667892800545,86.6011419739776));
#9017=CARTESIAN_POINT('',(32.98214418517,16.1748409040119,86.0259294970258));
#9018=CARTESIAN_POINT('Origin',(32.98214418517,16.5332088535573,86.959509923523));
#9019=CARTESIAN_POINT('',(-17.01785581483,16.1748409040119,86.0259294970258));
#9020=CARTESIAN_POINT('Origin',(-17.01785581483,17.1084213305042,85.6675615474823));
#9021=CARTESIAN_POINT('',(32.98214418517,14.3076800510147,86.7426653961177));
#9022=CARTESIAN_POINT('',(32.98214418517,21.7960592925421,83.8681459245889));
#9023=CARTESIAN_POINT('',(-17.01785581483,14.3076800510147,86.7426653961177));
#9024=CARTESIAN_POINT('',(-17.01785581483,14.3076800510147,86.7426653961177));
#9025=CARTESIAN_POINT('',(-17.01785581483,21.7960592925421,83.8681459245888));
#9026=CARTESIAN_POINT('Origin',(32.98214418517,23.6240636259942,74.6191300068376));
#9027=CARTESIAN_POINT('',(32.98214418517,18.9002610782363,90.3354636799673));
#9028=CARTESIAN_POINT('',(32.98214418517,12.7920837009499,74.4231175891923));
#9029=CARTESIAN_POINT('',(32.98214418517,27.3024849167008,87.1101521340628));
#9030=CARTESIAN_POINT('',(32.98214418517,37.4965487626634,88.5527426209254));
#9031=CARTESIAN_POINT('Origin',(32.98214418517,36.779812863573,86.6855817679319));
#9032=CARTESIAN_POINT('',(32.98214418517,19.59834332141,95.423219981501));
#9033=CARTESIAN_POINT('',(32.98214418517,29.094324664427,91.778054266547));
#9034=CARTESIAN_POINT('',(32.98214418517,18.0681341361681,95.3831500437924));
#9035=CARTESIAN_POINT('Origin',(32.98214418517,18.8816074223176,93.5560591285065));
#9036=CARTESIAN_POINT('',(32.98214418517,15.7059006816355,94.3314159484407));
#9037=CARTESIAN_POINT('',(32.98214418517,15.9383002504585,94.4348869029323));
#9038=CARTESIAN_POINT('',(32.98214418517,14.6522131147956,93.2210609322464));
#9039=CARTESIAN_POINT('Origin',(32.98214418517,16.519373967785,92.5043250331559));
#9040=CARTESIAN_POINT('',(32.98214418517,13.1572550971111,89.3265621482028));
#9041=CARTESIAN_POINT('',(32.98214418517,11.7237832989299,85.5922404422149));
#9042=CARTESIAN_POINT('Origin',(32.98214418517,15.0244159501054,88.609826249112));
#9043=CARTESIAN_POINT('Origin',(-17.01785581483,15.0244159501054,88.609826249112));
#9044=CARTESIAN_POINT('',(-17.01785581483,13.1572550971111,89.3265621482028));
#9045=CARTESIAN_POINT('',(-17.01785581483,13.1572550971111,89.3265621482028));
#9046=CARTESIAN_POINT('Origin',(-17.01785581483,15.0244159501054,88.609826249112));
#9047=CARTESIAN_POINT('Origin',(-17.01785581483,18.9002610782367,90.3354636799681));
#9048=CARTESIAN_POINT('',(-17.01785581483,18.9002610782364,90.3354636799673));
#9049=CARTESIAN_POINT('',(-17.01785581483,12.7920837009499,74.4231175891923));
#9050=CARTESIAN_POINT('',(7.98214418516999,18.9002610782364,90.3354636799673));
#9051=CARTESIAN_POINT('Origin',(-17.01785581483,23.6240636259942,74.6191300068376));
#9052=CARTESIAN_POINT('',(-17.01785581483,14.6522131147956,93.2210609322464));
#9053=CARTESIAN_POINT('',(-17.01785581483,11.7237832989299,85.5922404422149));
#9054=CARTESIAN_POINT('',(-17.01785581483,15.7059006816355,94.3314159484408));
#9055=CARTESIAN_POINT('Origin',(-17.01785581483,16.519373967785,92.5043250331559));
#9056=CARTESIAN_POINT('',(-17.01785581483,18.0681341361682,95.3831500437924));
#9057=CARTESIAN_POINT('',(-17.01785581483,15.9383002504586,94.4348869029323));
#9058=CARTESIAN_POINT('',(-17.01785581483,19.59834332141,95.423219981501));
#9059=CARTESIAN_POINT('Origin',(-17.01785581483,18.8816074223176,93.5560591285065));
#9060=CARTESIAN_POINT('',(-17.01785581483,37.4965487626638,88.5527426209262));
#9061=CARTESIAN_POINT('',(-17.01785581483,29.0943246644274,91.7780542665478));
#9062=CARTESIAN_POINT('Origin',(-17.01785581483,36.779812863573,86.6855817679319));
#9063=CARTESIAN_POINT('',(-17.01785581483,31.9703870491872,85.3183123863301));
#9064=CARTESIAN_POINT('Origin',(-17.01785581483,11.7237832989299,85.5922404422149));
#9065=CARTESIAN_POINT('',(17.98214418517,14.6522131147956,93.2210609322464));
#9066=CARTESIAN_POINT('Origin',(-4.51785581483,36.779812863573,86.6855817679319));
#9067=CARTESIAN_POINT('',(-4.51785581483,37.4965487626638,88.5527426209262));
#9068=CARTESIAN_POINT('Origin',(-17.01785581483,16.0241986934741,96.7952055601804));
#9069=CARTESIAN_POINT('',(-17.01785581483,19.59834332141,95.423219981501));
#9070=CARTESIAN_POINT('Origin',(-17.01785581483,18.8816074223176,93.5560591285065));
#9071=CARTESIAN_POINT('',(17.98214418517,18.0681341361681,95.3831500437924));
#9072=CARTESIAN_POINT('Origin',(-17.01785581483,16.8870174088968,94.8572829961169));
#9073=CARTESIAN_POINT('',(17.98214418517,15.7059006816355,94.3314159484407));
#9074=CARTESIAN_POINT('Origin',(-17.01785581483,16.519373967785,92.5043250331559));
#9075=CARTESIAN_POINT('Origin',(-17.01785581483,31.9703870491872,85.3183123863301));
#9076=CARTESIAN_POINT('',(17.98214418517,34.4910542732733,84.350719111529));
#9077=CARTESIAN_POINT('Origin',(17.98214418517,28.2843690262106,66.5074943806353));
#9078=CARTESIAN_POINT('',(17.98214418517,28.2843690262106,66.5074943806353));
#9079=CARTESIAN_POINT('',(17.98214418517,27.9804725451171,67.3900738467145));
#9080=CARTESIAN_POINT('Origin',(17.98214418517,28.0888477397727,65.998144015421));
#9081=CARTESIAN_POINT('',(17.98214418517,28.0888477397727,65.998144015421));
#9082=CARTESIAN_POINT('Origin',(17.98214418517,27.2724477090698,65.5456060887959));
#9083=CARTESIAN_POINT('',(17.98214418517,27.2724477090698,65.5456060887959));
#9084=CARTESIAN_POINT('Origin',(17.98214418517,27.1813120176311,65.3081894956258));
#9085=CARTESIAN_POINT('',(17.98214418517,27.1813120176311,65.3081894956258));
#9086=CARTESIAN_POINT('Origin',(17.98214418517,27.4852084987246,64.4256100295465));
#9087=CARTESIAN_POINT('',(17.98214418517,27.4852084987246,64.4256100295465));
#9088=CARTESIAN_POINT('Origin',(17.98214418517,27.2896872122867,63.9162596643322));
#9089=CARTESIAN_POINT('',(17.98214418517,27.2896872122867,63.9162596643322));
#9090=CARTESIAN_POINT('Origin',(17.98214418517,26.4732871815837,63.4637217377072));
#9091=CARTESIAN_POINT('',(17.98214418517,26.4732871815837,63.4637217377072));
#9092=CARTESIAN_POINT('Origin',(17.98214418517,26.3821514901451,63.226305144537));
#9093=CARTESIAN_POINT('',(17.98214418517,26.3821514901451,63.226305144537));
#9094=CARTESIAN_POINT('Origin',(17.98214418517,26.6860479712386,62.3437256784577));
#9095=CARTESIAN_POINT('',(17.98214418517,26.6860479712386,62.3437256784577));
#9096=CARTESIAN_POINT('Origin',(17.98214418517,26.4905266848006,61.8343753132434));
#9097=CARTESIAN_POINT('',(17.98214418517,26.4905266848006,61.8343753132434));
#9098=CARTESIAN_POINT('Origin',(17.98214418517,25.6741266540977,61.3818373866184));
#9099=CARTESIAN_POINT('',(17.98214418517,25.6741266540977,61.3818373866184));
#9100=CARTESIAN_POINT('Origin',(17.98214418517,25.582990962659,61.1444207934482));
#9101=CARTESIAN_POINT('',(17.98214418517,25.582990962659,61.1444207934482));
#9102=CARTESIAN_POINT('Origin',(17.98214418517,25.8868874437525,60.261841327369));
#9103=CARTESIAN_POINT('',(17.98214418517,25.8868874437525,60.261841327369));
#9104=CARTESIAN_POINT('Origin',(17.98214418517,25.6913661573146,59.7524909621547));
#9105=CARTESIAN_POINT('',(17.98214418517,25.6913661573146,59.7524909621547));
#9106=CARTESIAN_POINT('Origin',(17.98214418517,24.8749661266117,59.2999530355297));
#9107=CARTESIAN_POINT('',(17.98214418517,24.8749661266117,59.2999530355297));
#9108=CARTESIAN_POINT('Origin',(17.98214418517,24.783830435173,59.0625364423595));
#9109=CARTESIAN_POINT('',(17.98214418517,24.783830435173,59.0625364423595));
#9110=CARTESIAN_POINT('Origin',(17.98214418517,25.0877269162665,58.1799569762802));
#9111=CARTESIAN_POINT('',(17.98214418517,25.0877269162665,58.1799569762802));
#9112=CARTESIAN_POINT('Origin',(17.98214418517,24.8922056298286,57.6706066110659));
#9113=CARTESIAN_POINT('',(17.98214418517,24.8922056298286,57.6706066110659));
#9114=CARTESIAN_POINT('Origin',(17.98214418517,24.0758055991257,57.2180686844409));
#9115=CARTESIAN_POINT('',(17.98214418517,24.0758055991257,57.2180686844409));
#9116=CARTESIAN_POINT('Origin',(17.98214418517,23.984669907687,56.9806520912707));
#9117=CARTESIAN_POINT('',(17.98214418517,23.984669907687,56.9806520912707));
#9118=CARTESIAN_POINT('Origin',(17.98214418517,24.2885663887805,56.0980726251914));
#9119=CARTESIAN_POINT('',(17.98214418517,24.2885663887805,56.0980726251914));
#9120=CARTESIAN_POINT('Origin',(17.98214418517,24.0930451023426,55.5887222599772));
#9121=CARTESIAN_POINT('',(17.98214418517,24.0930451023426,55.5887222599772));
#9122=CARTESIAN_POINT('Origin',(17.98214418517,23.2766450716397,55.1361843333521));
#9123=CARTESIAN_POINT('',(17.98214418517,23.2766450716397,55.1361843333521));
#9124=CARTESIAN_POINT('Origin',(17.98214418517,23.185509380201,54.898767740182));
#9125=CARTESIAN_POINT('',(17.98214418517,23.185509380201,54.898767740182));
#9126=CARTESIAN_POINT('Origin',(17.98214418517,23.4894058612945,54.0161882741027));
#9127=CARTESIAN_POINT('',(17.98214418517,23.4894058612945,54.0161882741027));
#9128=CARTESIAN_POINT('Origin',(17.98214418517,23.2938845748566,53.5068379088884));
#9129=CARTESIAN_POINT('',(17.98214418517,23.2938845748566,53.5068379088884));
#9130=CARTESIAN_POINT('Origin',(17.98214418517,22.4774845441536,53.0542999822634));
#9131=CARTESIAN_POINT('',(17.98214418517,22.4774845441536,53.0542999822634));
#9132=CARTESIAN_POINT('Origin',(17.98214418517,22.386348852715,52.8168833890932));
#9133=CARTESIAN_POINT('',(17.98214418517,22.386348852715,52.8168833890932));
#9134=CARTESIAN_POINT('Origin',(17.98214418517,22.6902453338085,51.9343039230139));
#9135=CARTESIAN_POINT('',(17.98214418517,22.6902453338085,51.9343039230139));
#9136=CARTESIAN_POINT('Origin',(17.98214418517,22.4947240473705,51.4249535577996));
#9137=CARTESIAN_POINT('',(17.98214418517,22.4947240473705,51.4249535577996));
#9138=CARTESIAN_POINT('Origin',(17.98214418517,21.6783240166676,50.9724156311746));
#9139=CARTESIAN_POINT('',(17.98214418517,21.6783240166676,50.9724156311746));
#9140=CARTESIAN_POINT('Origin',(17.98214418517,21.5871883252289,50.7349990380044));
#9141=CARTESIAN_POINT('',(17.98214418517,21.5871883252289,50.7349990380044));
#9142=CARTESIAN_POINT('Origin',(17.98214418517,21.8910848063224,49.8524195719252));
#9143=CARTESIAN_POINT('',(17.98214418517,21.8910848063224,49.8524195719252));
#9144=CARTESIAN_POINT('Origin',(17.98214418517,21.8632619859043,49.7799386467049));
#9145=CARTESIAN_POINT('Origin',(17.98214418517,28.0716082365558,67.6274904398847));
#9146=CARTESIAN_POINT('',(17.98214418517,28.0716082365558,67.6274904398847));
#9147=CARTESIAN_POINT('',(17.98214418517,28.8880082672587,68.0800283665097));
#9148=CARTESIAN_POINT('Origin',(17.98214418517,28.8880082672587,68.0800283665097));
#9149=CARTESIAN_POINT('',(17.98214418517,29.0835295536966,68.589378731724));
#9150=CARTESIAN_POINT('Origin',(17.98214418517,29.0835295536966,68.589378731724));
#9151=CARTESIAN_POINT('',(17.98214418517,28.7796330726031,69.4719581978033));
#9152=CARTESIAN_POINT('Origin',(17.98214418517,28.7796330726031,69.4719581978033));
#9153=CARTESIAN_POINT('',(17.98214418517,28.8707687640418,69.7093747909735));
#9154=CARTESIAN_POINT('Origin',(17.98214418517,28.8707687640418,69.7093747909735));
#9155=CARTESIAN_POINT('',(17.98214418517,29.6871687947447,70.1619127175985));
#9156=CARTESIAN_POINT('Origin',(17.98214418517,29.6871687947447,70.1619127175985));
#9157=CARTESIAN_POINT('',(17.98214418517,29.8826900811826,70.6712630828127));
#9158=CARTESIAN_POINT('Origin',(17.98214418517,29.8826900811826,70.6712630828127));
#9159=CARTESIAN_POINT('',(17.98214418517,29.5787936000891,71.553842548892));
#9160=CARTESIAN_POINT('Origin',(17.98214418517,29.5787936000891,71.553842548892));
#9161=CARTESIAN_POINT('',(17.98214418517,29.6699292915278,71.7912591420622));
#9162=CARTESIAN_POINT('Origin',(17.98214418517,29.6699292915278,71.7912591420622));
#9163=CARTESIAN_POINT('',(17.98214418517,30.4863293222307,72.2437970686872));
#9164=CARTESIAN_POINT('Origin',(17.98214418517,30.4863293222307,72.2437970686872));
#9165=CARTESIAN_POINT('',(17.98214418517,30.6818506086687,72.7531474339015));
#9166=CARTESIAN_POINT('Origin',(17.98214418517,30.6818506086687,72.7531474339015));
#9167=CARTESIAN_POINT('',(17.98214418517,30.3779541275752,73.6357268999808));
#9168=CARTESIAN_POINT('Origin',(17.98214418517,30.3779541275752,73.6357268999808));
#9169=CARTESIAN_POINT('',(17.98214418517,30.4690898190138,73.873143493151));
#9170=CARTESIAN_POINT('Origin',(17.98214418517,30.4690898190138,73.873143493151));
#9171=CARTESIAN_POINT('',(17.98214418517,31.2854898497168,74.325681419776));
#9172=CARTESIAN_POINT('Origin',(17.98214418517,31.2854898497168,74.325681419776));
#9173=CARTESIAN_POINT('',(17.98214418517,31.4810111361547,74.8350317849903));
#9174=CARTESIAN_POINT('Origin',(17.98214418517,31.4810111361547,74.8350317849903));
#9175=CARTESIAN_POINT('',(17.98214418517,31.1771146550612,75.7176112510696));
#9176=CARTESIAN_POINT('Origin',(17.98214418517,31.1771146550612,75.7176112510696));
#9177=CARTESIAN_POINT('',(17.98214418517,31.2682503464999,75.9550278442397));
#9178=CARTESIAN_POINT('Origin',(17.98214418517,31.2682503464999,75.9550278442397));
#9179=CARTESIAN_POINT('',(17.98214418517,32.0846503772028,76.4075657708647));
#9180=CARTESIAN_POINT('Origin',(17.98214418517,32.0846503772028,76.4075657708647));
#9181=CARTESIAN_POINT('',(17.98214418517,32.2801716636407,76.916916136079));
#9182=CARTESIAN_POINT('Origin',(17.98214418517,32.2801716636407,76.916916136079));
#9183=CARTESIAN_POINT('',(17.98214418517,31.9762751825472,77.7994956021583));
#9184=CARTESIAN_POINT('Origin',(17.98214418517,31.9762751825472,77.7994956021583));
#9185=CARTESIAN_POINT('',(17.98214418517,32.0674108739859,78.0369121953285));
#9186=CARTESIAN_POINT('Origin',(17.98214418517,32.0674108739859,78.0369121953285));
#9187=CARTESIAN_POINT('',(17.98214418517,32.8838109046888,78.4894501219535));
#9188=CARTESIAN_POINT('Origin',(17.98214418517,32.8838109046888,78.4894501219535));
#9189=CARTESIAN_POINT('',(17.98214418517,33.0793321911267,78.9988004871678));
#9190=CARTESIAN_POINT('Origin',(17.98214418517,33.0793321911267,78.9988004871678));
#9191=CARTESIAN_POINT('',(17.98214418517,32.7754357100332,79.8813799532471));
#9192=CARTESIAN_POINT('Origin',(17.98214418517,32.7754357100332,79.8813799532471));
#9193=CARTESIAN_POINT('',(17.98214418517,32.8665714014719,80.1187965464173));
#9194=CARTESIAN_POINT('Origin',(17.98214418517,32.8665714014719,80.1187965464173));
#9195=CARTESIAN_POINT('',(17.98214418517,33.6829714321748,80.5713344730423));
#9196=CARTESIAN_POINT('Origin',(17.98214418517,33.6829714321748,80.5713344730423));
#9197=CARTESIAN_POINT('',(17.98214418517,33.8784927186127,81.0806848382565));
#9198=CARTESIAN_POINT('Origin',(17.98214418517,33.8784927186127,81.0806848382565));
#9199=CARTESIAN_POINT('',(17.98214418517,33.5745962375192,81.9632643043358));
#9200=CARTESIAN_POINT('Origin',(17.98214418517,33.5745962375192,81.9632643043358));
#9201=CARTESIAN_POINT('',(17.98214418517,33.6657693107176,82.2007782803193));
#9202=CARTESIAN_POINT('Origin',(17.98214418517,33.6657693107176,82.2007782803193));
#9203=CARTESIAN_POINT('',(17.98214418517,34.4821693414206,82.6533162069443));
#9204=CARTESIAN_POINT('Origin',(17.98214418517,34.4821693414206,82.6533162069443));
#9205=CARTESIAN_POINT('',(17.98214418517,34.6776906278585,83.1626665721586));
#9206=CARTESIAN_POINT('Origin',(17.98214418517,34.6776906278585,83.1626665721586));
#9207=CARTESIAN_POINT('',(17.98214418517,34.373794146765,84.0452460382378));
#9208=CARTESIAN_POINT('Origin',(17.98214418517,34.373794146765,84.0452460382378));
#9209=CARTESIAN_POINT('Origin',(17.98214418517,27.9804725451171,67.3900738467145));
#9210=CARTESIAN_POINT('Origin',(-1.01785530515277,49.4597738494475,61.2274590026035));
#9211=CARTESIAN_POINT('',(-1.01785530515278,29.543014615739,47.7122515846844));
#9212=CARTESIAN_POINT('',(-1.01785598543391,35.8720412612124,52.0878184850184));
#9213=CARTESIAN_POINT('Origin',(-1.01785615603782,30.8913679398334,52.5270146435902));
#9214=CARTESIAN_POINT('',(-1.01785598543391,34.3543702646039,53.7935314209885));
#9215=CARTESIAN_POINT('Ctrl Pts',(-1.01785598543391,35.8720412611841,52.0878184850519));
#9216=CARTESIAN_POINT('Ctrl Pts',(-1.01785598543391,35.3479883964832,52.7091612274149));
#9217=CARTESIAN_POINT('Ctrl Pts',(-1.01785598543391,34.8442757240683,53.2924536017834));
#9218=CARTESIAN_POINT('Ctrl Pts',(-1.01785598543391,34.3543702646038,53.7935314209885));
#9219=CARTESIAN_POINT('',(-1.01785598543391,33.1803157404731,54.849926719287));
#9220=CARTESIAN_POINT('Ctrl Pts',(-1.01785598543391,34.3543702646038,53.7935314209885));
#9221=CARTESIAN_POINT('Ctrl Pts',(-1.01785598543391,34.0104769614817,54.1452672570333));
#9222=CARTESIAN_POINT('Ctrl Pts',(-1.01785598543391,33.6186925949041,54.5128268507153));
#9223=CARTESIAN_POINT('Ctrl Pts',(-1.01785598543391,33.1803157404731,54.849926719287));
#9224=CARTESIAN_POINT('',(-1.01785530515277,41.6421365827379,52.860954833104));
#9225=CARTESIAN_POINT('Ctrl Pts',(-1.01785530515278,33.1803157404742,54.849926719289));
#9226=CARTESIAN_POINT('Ctrl Pts',(-1.01785530515278,34.2602526596595,54.2607881564499));
#9227=CARTESIAN_POINT('Ctrl Pts',(-1.01785530515278,35.5495650336238,53.8538135827048));
#9228=CARTESIAN_POINT('Ctrl Pts',(-1.01785530515278,38.3154038515468,53.2000678106732));
#9229=CARTESIAN_POINT('Ctrl Pts',(-1.01785530515278,40.0265886975031,52.9724124597791));
#9230=CARTESIAN_POINT('Ctrl Pts',(-1.01785530515278,41.6421365827377,52.8609548331041));
#9231=CARTESIAN_POINT('',(-1.01785530515277,51.2297930543236,53.8101974052038));
#9232=CARTESIAN_POINT('Ctrl Pts',(-1.01785530515277,41.6421365827378,52.8609548331041));
#9233=CARTESIAN_POINT('Ctrl Pts',(-1.01785530515278,41.8503065751874,52.8443686941398));
#9234=CARTESIAN_POINT('Ctrl Pts',(-1.01785530515277,42.2622512634367,52.8154181404531));
#9235=CARTESIAN_POINT('Ctrl Pts',(-1.01785530515277,42.8669825447679,52.7846560211524));
#9236=CARTESIAN_POINT('Ctrl Pts',(-1.01785530515277,43.646918361929,52.7666742639534));
#9237=CARTESIAN_POINT('Ctrl Pts',(-1.01785530515277,44.5790971151428,52.7716088746897));
#9238=CARTESIAN_POINT('Ctrl Pts',(-1.01785530515277,45.4728717421869,52.793342413088));
#9239=CARTESIAN_POINT('Ctrl Pts',(-1.01785530515277,46.3381284001892,52.8267052310725));
#9240=CARTESIAN_POINT('Ctrl Pts',(-1.01785530515277,47.1938552149124,52.8775448780254));
#9241=CARTESIAN_POINT('Ctrl Pts',(-1.01785530515277,48.0714114462731,52.9674310681656));
#9242=CARTESIAN_POINT('Ctrl Pts',(-1.01785530515277,49.0077364867175,53.1264211544638));
#9243=CARTESIAN_POINT('Ctrl Pts',(-1.01785530515277,49.8330647081501,53.3346589169005));
#9244=CARTESIAN_POINT('Ctrl Pts',(-1.01785530515277,50.5080870333444,53.5485173376618));
#9245=CARTESIAN_POINT('Ctrl Pts',(-1.01785530515277,50.9847780763213,53.7184160422426));
#9246=CARTESIAN_POINT('Ctrl Pts',(-1.01785530515277,51.2297930543236,53.8101974052038));
#9247=CARTESIAN_POINT('',(-1.01785530515277,70.7980175024088,72.6724337647075));
#9248=CARTESIAN_POINT('Ctrl Pts',(-1.01785530515277,51.2297930543236,53.8101974052038));
#9249=CARTESIAN_POINT('Ctrl Pts',(-1.01785530515277,51.9530789020875,54.0730896630826));
#9250=CARTESIAN_POINT('Ctrl Pts',(-1.01785530515282,52.650753218889,54.4053705538781));
#9251=CARTESIAN_POINT('Ctrl Pts',(-1.01785530515282,53.8816916044681,55.2227240133563));
#9252=CARTESIAN_POINT('Ctrl Pts',(-1.01785530515282,54.3975320184451,55.6735686492287));
#9253=CARTESIAN_POINT('Ctrl Pts',(-1.01785530515282,55.7775454344184,57.2413785429893));
#9254=CARTESIAN_POINT('Ctrl Pts',(-1.01785530515277,56.3902639384172,58.4520020862957));
#9255=CARTESIAN_POINT('Ctrl Pts',(-1.01785530515277,57.9249063952541,61.5285298781035));
#9256=CARTESIAN_POINT('Ctrl Pts',(-1.01785530515277,58.9006370350588,63.516417214699));
#9257=CARTESIAN_POINT('Ctrl Pts',(-1.01785530515277,62.7252983216631,67.7232980967234));
#9258=CARTESIAN_POINT('Ctrl Pts',(-1.01785530515277,65.6340269766938,70.1013086247045));
#9259=CARTESIAN_POINT('Ctrl Pts',(-1.01785530515277,70.7980175024088,72.6724337647075));
#9260=CARTESIAN_POINT('',(-1.01785530515277,73.5987588236347,71.5973299000513));
#9261=CARTESIAN_POINT('Ctrl Pts',(-1.01785530515277,70.7980175024088,72.6724337647075));
#9262=CARTESIAN_POINT('Ctrl Pts',(-1.01785530515277,71.1324648563889,72.8402865651907));
#9263=CARTESIAN_POINT('Ctrl Pts',(-1.01785530515283,71.3492813945867,72.9664322799736));
#9264=CARTESIAN_POINT('Ctrl Pts',(-1.01785530515283,71.7928636825831,73.1879331227659));
#9265=CARTESIAN_POINT('Ctrl Pts',(-1.01785530515283,72.0082759900654,73.277505163092));
#9266=CARTESIAN_POINT('Ctrl Pts',(-1.01785530515283,72.4202544902842,73.356238792015));
#9267=CARTESIAN_POINT('Ctrl Pts',(-1.01785530515284,72.6869423115985,73.3832782971252));
#9268=CARTESIAN_POINT('Ctrl Pts',(-1.01785530515283,73.2733772890733,73.2598782624376));
#9269=CARTESIAN_POINT('Ctrl Pts',(-1.01785530515283,73.5089196367055,73.1657611138727));
#9270=CARTESIAN_POINT('Ctrl Pts',(-1.01785530515283,73.820996205288,72.9777875275509));
#9271=CARTESIAN_POINT('Ctrl Pts',(-1.01785530515279,73.9371887982001,72.8896509617712));
#9272=CARTESIAN_POINT('Ctrl Pts',(-1.01785530515279,74.084843952347,72.723939110699));
#9273=CARTESIAN_POINT('Ctrl Pts',(-1.01785530515278,74.1335314739596,72.6537170734174));
#9274=CARTESIAN_POINT('Ctrl Pts',(-1.01785530515278,74.1920950023152,72.5173462609151));
#9275=CARTESIAN_POINT('Ctrl Pts',(-1.01785530515277,74.2077536921371,72.4550336026903));
#9276=CARTESIAN_POINT('Ctrl Pts',(-1.01785530515277,74.2140030503776,72.3211030933009));
#9277=CARTESIAN_POINT('Ctrl Pts',(-1.01785530515277,74.2025360569424,72.2537649735213));
#9278=CARTESIAN_POINT('Ctrl Pts',(-1.01785530515277,74.1447974582418,72.0952258879645));
#9279=CARTESIAN_POINT('Ctrl Pts',(-1.01785530515277,74.0872265886704,72.0107660291139));
#9280=CARTESIAN_POINT('Ctrl Pts',(-1.01785530515277,73.9099823896518,71.8111005974228));
#9281=CARTESIAN_POINT('Ctrl Pts',(-1.01785530515277,73.7601075682809,71.6980019234679));
#9282=CARTESIAN_POINT('Ctrl Pts',(-1.01785530515277,73.5987588236347,71.5973299000513));
#9283=CARTESIAN_POINT('',(-1.01785530515277,61.1791576131577,55.5706294522237));
#9284=CARTESIAN_POINT('Ctrl Pts',(-1.01785530515277,73.5987588236347,71.5973299000513));
#9285=CARTESIAN_POINT('Ctrl Pts',(-1.01785530515277,71.5480467592421,70.3477437234679));
#9286=CARTESIAN_POINT('Ctrl Pts',(-1.01785530515206,69.6565413066817,68.8399757399166));
#9287=CARTESIAN_POINT('Ctrl Pts',(-1.01785530515206,66.0971528091484,65.240547799784));
#9288=CARTESIAN_POINT('Ctrl Pts',(-1.01785530515206,64.560493532495,63.1994447077397));
#9289=CARTESIAN_POINT('Ctrl Pts',(-1.01785530515206,62.4045099817483,59.4933435736623));
#9290=CARTESIAN_POINT('Ctrl Pts',(-1.01785530515276,61.5758699387944,57.5730818852944));
#9291=CARTESIAN_POINT('Ctrl Pts',(-1.01785530515276,61.1791576131614,55.5706294522423));
#9292=CARTESIAN_POINT('',(-1.01785530515277,59.5109822416038,52.8801307200427));
#9293=CARTESIAN_POINT('Origin',(-1.01785530515277,56.7649501893668,56.4451423565014));
#9294=CARTESIAN_POINT('',(-1.01785530515276,52.6410405243382,47.7728434266257));
#9295=CARTESIAN_POINT('Ctrl Pts',(-1.01785530515277,59.5109822416038,52.8801307200428));
#9296=CARTESIAN_POINT('Ctrl Pts',(-1.01785530515277,57.920906222746,51.6553381643543));
#9297=CARTESIAN_POINT('Ctrl Pts',(-1.01785530515277,56.8105030808338,50.741303053826));
#9298=CARTESIAN_POINT('Ctrl Pts',(-1.01785530515277,54.788756982389,49.1503470555184));
#9299=CARTESIAN_POINT('Ctrl Pts',(-1.01785530515277,53.7638692225347,48.3925769008036));
#9300=CARTESIAN_POINT('Ctrl Pts',(-1.01785530515277,52.6410405243381,47.7728434266257));
#9301=CARTESIAN_POINT('',(-1.01785530515274,43.370339407205,44.0753628619889));
#9302=CARTESIAN_POINT('Ctrl Pts',(-1.01785530515277,52.6410405243382,47.7728434266257));
#9303=CARTESIAN_POINT('Ctrl Pts',(-1.01785530515277,51.1062620722641,46.7375792600906));
#9304=CARTESIAN_POINT('Ctrl Pts',(-1.01785530515666,49.7073145783222,45.9068881884632));
#9305=CARTESIAN_POINT('Ctrl Pts',(-1.01785530515666,46.6631677808114,44.6055198663705));
#9306=CARTESIAN_POINT('Ctrl Pts',(-1.01785530515277,45.1052701646487,44.2241737892017));
#9307=CARTESIAN_POINT('Ctrl Pts',(-1.01785530515277,43.3704461797486,44.0753720204412));
#9308=CARTESIAN_POINT('Ctrl Pts',(-1.01785530515278,43.3703394072248,44.0753628619899));
#9309=CARTESIAN_POINT('Ctrl Pts',(-1.01785530515278,43.1048815975305,44.0608616951128));
#9310=CARTESIAN_POINT('Ctrl Pts',(-1.01785530515271,42.8503732254362,44.1083475628638));
#9311=CARTESIAN_POINT('Ctrl Pts',(-1.01785530515271,42.5997948995275,44.197207679677));
#9312=CARTESIAN_POINT('Ctrl Pts',(-1.01785530515271,42.340028728751,44.2893259911696));
#9313=CARTESIAN_POINT('Ctrl Pts',(-1.0178553051527,42.0854325099303,44.4255113095593));
#9314=CARTESIAN_POINT('Ctrl Pts',(-1.0178553051527,41.8279700911324,44.5821523352533));
#9315=CARTESIAN_POINT('Ctrl Pts',(-1.0178553051527,41.3242111889911,44.8886409929079));
#9316=CARTESIAN_POINT('Ctrl Pts',(-1.01785530515277,40.8002947205852,45.2793672860056));
#9317=CARTESIAN_POINT('Ctrl Pts',(-1.01785530515277,40.1439923537283,45.6266485367247));
#9318=CARTESIAN_POINT('Ctrl Pts',(-1.01785530515277,38.9015513707112,46.2840840120731));
#9319=CARTESIAN_POINT('Ctrl Pts',(-1.01785530515277,37.7499114133143,46.4867164787869));
#9320=CARTESIAN_POINT('Ctrl Pts',(-1.01785530515277,36.139073986343,46.6359795229938));
#9321=CARTESIAN_POINT('Ctrl Pts',(-1.01785530515277,34.2065454731859,46.8150510320491));
#9322=CARTESIAN_POINT('Ctrl Pts',(-1.01785530515278,32.2085331427781,46.8619449786224));
#9323=CARTESIAN_POINT('Ctrl Pts',(-1.01785530515278,29.543006316099,47.7122255663137));
#9324=CARTESIAN_POINT('Ctrl Pts',(-1.01785530515277,41.6421365827378,52.8609548331041));
#9325=CARTESIAN_POINT('Ctrl Pts',(16.9821442694047,41.6421365827378,52.8609548331041));
#9326=CARTESIAN_POINT('Ctrl Pts',(-1.01785530515278,41.8503065751874,52.8443686941398));
#9327=CARTESIAN_POINT('Ctrl Pts',(16.9821442694047,41.8503065751874,52.8443686941398));
#9328=CARTESIAN_POINT('Ctrl Pts',(-1.01785530515277,42.2622512634367,52.8154181404531));
#9329=CARTESIAN_POINT('Ctrl Pts',(16.9821442694047,42.2622512634367,52.8154181404531));
#9330=CARTESIAN_POINT('Ctrl Pts',(-1.01785530515277,42.8669825447679,52.7846560211524));
#9331=CARTESIAN_POINT('Ctrl Pts',(16.9821442694047,42.8669825447679,52.7846560211524));
#9332=CARTESIAN_POINT('Ctrl Pts',(-1.01785530515277,43.646918361929,52.7666742639534));
#9333=CARTESIAN_POINT('Ctrl Pts',(16.9821442694047,43.646918361929,52.7666742639534));
#9334=CARTESIAN_POINT('Ctrl Pts',(-1.01785530515277,44.5790971151428,52.7716088746897));
#9335=CARTESIAN_POINT('Ctrl Pts',(16.9821442694047,44.5790971151428,52.7716088746897));
#9336=CARTESIAN_POINT('Ctrl Pts',(-1.01785530515277,45.4728717421869,52.793342413088));
#9337=CARTESIAN_POINT('Ctrl Pts',(16.9821442694047,45.4728717421869,52.793342413088));
#9338=CARTESIAN_POINT('Ctrl Pts',(-1.01785530515277,46.3381284001892,52.8267052310725));
#9339=CARTESIAN_POINT('Ctrl Pts',(16.9821442694047,46.3381284001892,52.8267052310725));
#9340=CARTESIAN_POINT('Ctrl Pts',(-1.01785530515277,47.1938552149124,52.8775448780254));
#9341=CARTESIAN_POINT('Ctrl Pts',(16.9821442694047,47.1938552149124,52.8775448780254));
#9342=CARTESIAN_POINT('Ctrl Pts',(-1.01785530515277,48.0714114462731,52.9674310681656));
#9343=CARTESIAN_POINT('Ctrl Pts',(16.9821442694047,48.0714114462731,52.9674310681656));
#9344=CARTESIAN_POINT('Ctrl Pts',(-1.01785530515277,49.0077364867175,53.1264211544638));
#9345=CARTESIAN_POINT('Ctrl Pts',(16.9821442694047,49.0077364867175,53.1264211544638));
#9346=CARTESIAN_POINT('Ctrl Pts',(-1.01785530515277,49.8330647081501,53.3346589169005));
#9347=CARTESIAN_POINT('Ctrl Pts',(16.9821442694047,49.8330647081501,53.3346589169005));
#9348=CARTESIAN_POINT('Ctrl Pts',(-1.01785530515277,50.5080870333444,53.5485173376618));
#9349=CARTESIAN_POINT('Ctrl Pts',(16.9821442694047,50.5080870333444,53.5485173376618));
#9350=CARTESIAN_POINT('Ctrl Pts',(-1.01785530515277,50.9847780763213,53.7184160422426));
#9351=CARTESIAN_POINT('Ctrl Pts',(16.9821442694047,50.9847780763212,53.7184160422426));
#9352=CARTESIAN_POINT('Ctrl Pts',(-1.01785530515277,51.2297930543236,53.8101974052038));
#9353=CARTESIAN_POINT('Ctrl Pts',(16.9821442694047,51.2297930543236,53.8101974052038));
#9354=CARTESIAN_POINT('',(16.9821442694047,41.6421365827379,52.8609548331041));
#9355=CARTESIAN_POINT('',(7.98214384396217,41.6421365827379,52.8609548331041));
#9356=CARTESIAN_POINT('',(16.9821442694047,51.2297930543236,53.8101974052038));
#9357=CARTESIAN_POINT('Ctrl Pts',(16.9821442694047,51.2297930543236,53.8101974052038));
#9358=CARTESIAN_POINT('Ctrl Pts',(16.9821442694047,50.9847780763213,53.7184160422426));
#9359=CARTESIAN_POINT('Ctrl Pts',(16.9821442694047,50.5080870333444,53.5485173376618));
#9360=CARTESIAN_POINT('Ctrl Pts',(16.9821442694047,49.8330647081501,53.3346589169005));
#9361=CARTESIAN_POINT('Ctrl Pts',(16.9821442694047,49.0077364867175,53.1264211544638));
#9362=CARTESIAN_POINT('Ctrl Pts',(16.9821442694047,48.0714114462731,52.9674310681656));
#9363=CARTESIAN_POINT('Ctrl Pts',(16.9821442694047,47.1938552149125,52.8775448780254));
#9364=CARTESIAN_POINT('Ctrl Pts',(16.9821442694047,46.3381284001892,52.8267052310725));
#9365=CARTESIAN_POINT('Ctrl Pts',(16.9821442694047,45.4728717421869,52.793342413088));
#9366=CARTESIAN_POINT('Ctrl Pts',(16.9821442694047,44.5790971151428,52.7716088746897));
#9367=CARTESIAN_POINT('Ctrl Pts',(16.9821442694047,43.646918361929,52.7666742639534));
#9368=CARTESIAN_POINT('Ctrl Pts',(16.9821442694047,42.8669825447679,52.7846560211524));
#9369=CARTESIAN_POINT('Ctrl Pts',(16.9821442694047,42.2622512634367,52.8154181404531));
#9370=CARTESIAN_POINT('Ctrl Pts',(16.9821442694047,41.8503065751874,52.8443686941398));
#9371=CARTESIAN_POINT('Ctrl Pts',(16.9821442694047,41.6421365827378,52.8609548331041));
#9372=CARTESIAN_POINT('',(7.98214384396217,51.2297930543236,53.8101974052038));
#9373=CARTESIAN_POINT('Origin',(16.98214418517,37.3114760178826,50.7938368615925));
#9374=CARTESIAN_POINT('',(16.9821442694047,32.1742458547325,55.5065701656456));
#9375=CARTESIAN_POINT('',(16.98214418517,29.5964544708514,56.1669400398819));
#9376=CARTESIAN_POINT('Ctrl Pts',(16.9821442694047,32.1742458547325,55.5065701656456));
#9377=CARTESIAN_POINT('Ctrl Pts',(16.9821442694047,31.4750490362267,55.7980910464636));
#9378=CARTESIAN_POINT('Ctrl Pts',(16.9821442694047,30.5498503374386,56.1105407153252));
#9379=CARTESIAN_POINT('Ctrl Pts',(16.9821442694047,29.5964544708523,56.1669400398819));
#9380=CARTESIAN_POINT('Ctrl Pts',(16.98214418517,29.5964544708514,56.1669400398819));
#9381=CARTESIAN_POINT('Ctrl Pts',(16.98214418517,30.5498503374622,56.110540715324));
#9382=CARTESIAN_POINT('Ctrl Pts',(16.98214418517,31.4750490362645,55.7980910464479));
#9383=CARTESIAN_POINT('Ctrl Pts',(16.98214418517,32.1742458547325,55.5065701656456));
#9384=CARTESIAN_POINT('Origin',(20.48214418517,30.8913676438078,52.5270146488144));
#9385=CARTESIAN_POINT('',(20.8774066132315,33.1693036247054,51.6525969516347));
#9386=CARTESIAN_POINT('Origin',(20.8774066132315,30.8913676438078,52.5270146488144));
#9387=CARTESIAN_POINT('',(20.0868817571085,33.1693036247054,51.6525969516347));
#9388=CARTESIAN_POINT('',(20.48214418517,33.1693036247054,51.6525969516347));
#9389=CARTESIAN_POINT('Origin',(20.0868817571085,30.8913676438078,52.5270146488144));
#9390=CARTESIAN_POINT('Origin',(21.8143709725463,30.8913676438078,52.5270146488144));
#9391=CARTESIAN_POINT('',(22.7513353318611,30.2104686484817,50.7532121219295));
#9392=CARTESIAN_POINT('',(22.7513354126471,32.6651704324191,51.8461155530211));
#9393=CARTESIAN_POINT('Origin',(22.7513353318611,30.8913677526178,52.5270149322742));
#9394=CARTESIAN_POINT('',(21.8143709725463,32.9172370394289,51.7493562481566));
#9395=CARTESIAN_POINT('Origin',(22.7513353318611,30.8913677526178,52.5270149322742));
#9396=CARTESIAN_POINT('Origin',(19.1499173977937,30.8913676438078,52.5270146488144));
#9397=CARTESIAN_POINT('',(18.2129529576929,32.6651704324191,51.8461155530211));
#9398=CARTESIAN_POINT('',(19.1499173977937,32.9172370394289,51.7493562481566));
#9399=CARTESIAN_POINT('',(18.2129530384789,30.2104686484817,50.7532121219295));
#9400=CARTESIAN_POINT('Origin',(18.2129530384789,30.8913677526178,52.5270149322742));
#9401=CARTESIAN_POINT('Origin',(18.2129530384789,30.8913677526178,52.5270149322742));
#9402=CARTESIAN_POINT('Origin',(-7.01785581482998,30.8913677526178,52.5270149322742));
#9403=CARTESIAN_POINT('',(22.98214418517,30.2104686484817,50.7532121219295));
#9404=CARTESIAN_POINT('Origin',(22.98214418517,30.8913677526178,52.5270149322742));
#9405=CARTESIAN_POINT('',(-7.01785581482998,30.2104686484817,50.7532121219295));
#9406=CARTESIAN_POINT('Origin',(22.98214418517,31.0108666040573,52.4811435125694));
#9407=CARTESIAN_POINT('Origin',(22.98214418517,30.8913677526178,52.5270149322742));
#9408=CARTESIAN_POINT('',(17.78214418517,30.2104686484817,50.7532121219295));
#9409=CARTESIAN_POINT('Origin',(17.78214418517,30.8913677526178,52.5270149322742));
#9410=CARTESIAN_POINT('',(22.98214418517,30.2104686484817,50.7532121219295));
#9411=CARTESIAN_POINT('Origin',(17.78214418517,37.3114760178826,50.7938368615925));
#9412=CARTESIAN_POINT('',(17.78214418517,29.5422773878437,47.712458103001));
#9413=CARTESIAN_POINT('',(17.78214418517,35.8712012717226,52.0783945519712));
#9414=CARTESIAN_POINT('Origin',(17.78214418517,30.8913679398334,52.5270146435902));
#9415=CARTESIAN_POINT('',(17.78214418517,32.1742458547325,55.5065701656456));
#9416=CARTESIAN_POINT('Ctrl Pts',(17.7821441851704,35.8712012717226,52.0783945519712));
#9417=CARTESIAN_POINT('Ctrl Pts',(17.7821441851702,34.6574459015353,53.5224365726725));
#9418=CARTESIAN_POINT('Ctrl Pts',(17.78214418517,33.5451647439108,54.7713137245467));
#9419=CARTESIAN_POINT('Ctrl Pts',(17.78214418517,32.1742458547355,55.506570165644));
#9420=CARTESIAN_POINT('',(17.78214418517,26.2234657736316,54.3188543034835));
#9421=CARTESIAN_POINT('Ctrl Pts',(17.78214418517,32.1742458547325,55.5065701656456));
#9422=CARTESIAN_POINT('Ctrl Pts',(17.78214418517,31.4750490362645,55.7980910464479));
#9423=CARTESIAN_POINT('Ctrl Pts',(17.78214418517,30.5498503374622,56.110540715324));
#9424=CARTESIAN_POINT('Ctrl Pts',(17.78214418517,28.8720189568132,56.2097949285052));
#9425=CARTESIAN_POINT('Ctrl Pts',(17.78214418517,28.3570920074115,56.0921313623874));
#9426=CARTESIAN_POINT('Ctrl Pts',(17.78214418517,27.6350150432512,55.8460048497562));
#9427=CARTESIAN_POINT('Ctrl Pts',(17.7821441851703,27.2860762232362,55.652447463536));
#9428=CARTESIAN_POINT('Ctrl Pts',(17.7821441851703,26.8218788128451,55.2421126455604));
#9429=CARTESIAN_POINT('Ctrl Pts',(17.7821441851703,26.6767245753561,55.0796637290073));
#9430=CARTESIAN_POINT('Ctrl Pts',(17.7821441851703,26.4204601744536,54.7193143653674));
#9431=CARTESIAN_POINT('Ctrl Pts',(17.78214418517,26.3122950889349,54.52378077547));
#9432=CARTESIAN_POINT('Ctrl Pts',(17.78214418517,26.2234657736316,54.3188543034835));
#9433=CARTESIAN_POINT('',(17.78214418517,29.099528192107,47.8591125111043));
#9434=CARTESIAN_POINT('Origin',(17.78214418517,30.8913679398334,52.5270146435902));
#9435=CARTESIAN_POINT('Ctrl Pts',(17.78214418517,29.0995281921069,47.8591125111042));
#9436=CARTESIAN_POINT('Ctrl Pts',(17.78214418517,29.2491671600716,47.8077303679061));
#9437=CARTESIAN_POINT('Ctrl Pts',(17.78214418517,29.3967175504826,47.7588963423608));
#9438=CARTESIAN_POINT('Ctrl Pts',(17.78214418517,29.5422773878437,47.712458103001));
#9439=CARTESIAN_POINT('Origin',(16.98214418517,30.8913679398334,52.5270146435902));
#9440=CARTESIAN_POINT('',(16.98214418517,35.8712012717226,52.0783945519712));
#9441=CARTESIAN_POINT('',(16.98214418517,29.5430146157319,47.7122515846866));
#9442=CARTESIAN_POINT('Origin',(16.9821442694047,30.8913679398334,52.5270146435902));
#9443=CARTESIAN_POINT('',(16.98214418517,35.8712012717226,52.0783945519712));
#9444=CARTESIAN_POINT('',(16.9821442694047,29.54228564585,47.7124840022938));
#9445=CARTESIAN_POINT('',(16.98214418517,29.5422773878437,47.712458103001));
#9446=CARTESIAN_POINT('Ctrl Pts',(16.9821442694047,29.5422773835818,47.7124581043606));
#9447=CARTESIAN_POINT('Ctrl Pts',(16.9821442694047,29.5425203666326,47.7123805850031));
#9448=CARTESIAN_POINT('Ctrl Pts',(16.9821442694047,29.5427633441365,47.7123030723215));
#9449=CARTESIAN_POINT('Ctrl Pts',(16.9821442694047,29.5430063160942,47.7122255663152));
#9450=CARTESIAN_POINT('Ctrl Pts',(16.9821441851703,35.8712012717226,52.0783945519712));
#9451=CARTESIAN_POINT('Ctrl Pts',(17.7821441851703,35.8712012717226,52.0783945519712));
#9452=CARTESIAN_POINT('Ctrl Pts',(16.9821441851702,34.6574459015353,53.5224365726725));
#9453=CARTESIAN_POINT('Ctrl Pts',(17.7821441851702,34.6574459015353,53.5224365726725));
#9454=CARTESIAN_POINT('Ctrl Pts',(16.98214418517,33.5451647439108,54.7713137245467));
#9455=CARTESIAN_POINT('Ctrl Pts',(17.78214418517,33.5451647439108,54.7713137245467));
#9456=CARTESIAN_POINT('Ctrl Pts',(16.98214418517,32.1742458547355,55.506570165644));
#9457=CARTESIAN_POINT('Ctrl Pts',(17.78214418517,32.1742458547355,55.506570165644));
#9458=CARTESIAN_POINT('Ctrl Pts',(16.98214418517,32.1742458547355,55.506570165644));
#9459=CARTESIAN_POINT('Ctrl Pts',(16.98214418517,33.5451647439108,54.7713137245467));
#9460=CARTESIAN_POINT('Ctrl Pts',(16.9821441851702,34.6574459015353,53.5224365726725));
#9461=CARTESIAN_POINT('Ctrl Pts',(16.9821441851703,35.8712012717226,52.0783945519712));
#9462=CARTESIAN_POINT('',(16.98214418517,32.1742458547325,55.5065701656456));
#9463=CARTESIAN_POINT('Ctrl Pts',(16.98214418517,32.1742458547325,55.5065701656456));
#9464=CARTESIAN_POINT('Ctrl Pts',(17.78214418517,32.1742458547325,55.5065701656456));
#9465=CARTESIAN_POINT('Ctrl Pts',(16.98214418517,31.4750490362645,55.7980910464479));
#9466=CARTESIAN_POINT('Ctrl Pts',(17.78214418517,31.4750490362645,55.7980910464479));
#9467=CARTESIAN_POINT('Ctrl Pts',(16.98214418517,30.5498503374622,56.110540715324));
#9468=CARTESIAN_POINT('Ctrl Pts',(17.78214418517,30.5498503374622,56.110540715324));
#9469=CARTESIAN_POINT('Ctrl Pts',(16.98214418517,28.8720189568132,56.2097949285052));
#9470=CARTESIAN_POINT('Ctrl Pts',(17.78214418517,28.8720189568132,56.2097949285052));
#9471=CARTESIAN_POINT('Ctrl Pts',(16.98214418517,28.3570920074115,56.0921313623874));
#9472=CARTESIAN_POINT('Ctrl Pts',(17.78214418517,28.3570920074115,56.0921313623874));
#9473=CARTESIAN_POINT('Ctrl Pts',(16.98214418517,27.6350150432512,55.8460048497562));
#9474=CARTESIAN_POINT('Ctrl Pts',(17.78214418517,27.6350150432512,55.8460048497562));
#9475=CARTESIAN_POINT('Ctrl Pts',(16.9821441851703,27.2860762232362,55.652447463536));
#9476=CARTESIAN_POINT('Ctrl Pts',(17.7821441851703,27.2860762232362,55.652447463536));
#9477=CARTESIAN_POINT('Ctrl Pts',(16.9821441851703,26.8218788128451,55.2421126455604));
#9478=CARTESIAN_POINT('Ctrl Pts',(17.7821441851703,26.8218788128451,55.2421126455604));
#9479=CARTESIAN_POINT('Ctrl Pts',(16.9821441851703,26.6767245753561,55.0796637290073));
#9480=CARTESIAN_POINT('Ctrl Pts',(17.7821441851703,26.6767245753561,55.0796637290073));
#9481=CARTESIAN_POINT('Ctrl Pts',(16.9821441851703,26.4204601744536,54.7193143653674));
#9482=CARTESIAN_POINT('Ctrl Pts',(17.7821441851703,26.4204601744536,54.7193143653674));
#9483=CARTESIAN_POINT('Ctrl Pts',(16.98214418517,26.3122950889349,54.52378077547));
#9484=CARTESIAN_POINT('Ctrl Pts',(17.78214418517,26.3122950889349,54.52378077547));
#9485=CARTESIAN_POINT('Ctrl Pts',(16.98214418517,26.2234657736316,54.3188543034835));
#9486=CARTESIAN_POINT('Ctrl Pts',(17.78214418517,26.2234657736316,54.3188543034835));
#9487=CARTESIAN_POINT('',(16.98214418517,26.9858211096709,55.3870320936673));
#9488=CARTESIAN_POINT('',(16.9821442694047,26.2234657736301,54.3188543034801));
#9489=CARTESIAN_POINT('Ctrl Pts',(16.9821442694047,26.9858211096709,55.3870320936673));
#9490=CARTESIAN_POINT('Ctrl Pts',(16.9821442694047,26.8218788128451,55.2421126455604));
#9491=CARTESIAN_POINT('Ctrl Pts',(16.9821442694048,26.6767245753561,55.0796637290073));
#9492=CARTESIAN_POINT('Ctrl Pts',(16.9821442694048,26.5499220641882,54.9013588062542));
#9493=CARTESIAN_POINT('Ctrl Pts',(16.9821442694049,26.4204601744536,54.7193143653674));
#9494=CARTESIAN_POINT('Ctrl Pts',(16.9821442694047,26.3122950889349,54.52378077547));
#9495=CARTESIAN_POINT('Ctrl Pts',(16.9821442694047,26.2234657736316,54.3188543034835));
#9496=CARTESIAN_POINT('',(16.98214418517,26.2234657736316,54.3188543034835));
#9497=CARTESIAN_POINT('',(16.98214418517,28.0133131046541,55.9749511909492));
#9498=CARTESIAN_POINT('Ctrl Pts',(16.98214418517,28.0133131046541,55.9749511909492));
#9499=CARTESIAN_POINT('Ctrl Pts',(16.98214418517,28.3570920074115,56.0921313623874));
#9500=CARTESIAN_POINT('Ctrl Pts',(16.98214418517,28.8720189568132,56.2097949285052));
#9501=CARTESIAN_POINT('Ctrl Pts',(16.98214418517,29.5964544708514,56.1669400398819));
#9502=CARTESIAN_POINT('Ctrl Pts',(16.9821441851703,26.9858211096709,55.3870320936673));
#9503=CARTESIAN_POINT('Ctrl Pts',(16.9821441851703,27.2860762232362,55.652447463536));
#9504=CARTESIAN_POINT('Ctrl Pts',(16.98214418517,27.6350150432512,55.8460048497562));
#9505=CARTESIAN_POINT('Ctrl Pts',(16.98214418517,28.0133131046541,55.9749511909492));
#9506=CARTESIAN_POINT('Ctrl Pts',(16.98214418517,29.0995281921069,47.8591125111042));
#9507=CARTESIAN_POINT('Ctrl Pts',(17.78214418517,29.0995281921069,47.8591125111042));
#9508=CARTESIAN_POINT('Ctrl Pts',(16.98214418517,29.2491671600716,47.8077303679061));
#9509=CARTESIAN_POINT('Ctrl Pts',(17.78214418517,29.2491671600716,47.8077303679061));
#9510=CARTESIAN_POINT('Ctrl Pts',(16.98214418517,29.3967175504826,47.7588963423608));
#9511=CARTESIAN_POINT('Ctrl Pts',(17.78214418517,29.3967175504826,47.7588963423608));
#9512=CARTESIAN_POINT('Ctrl Pts',(16.98214418517,29.5422773878437,47.712458103001));
#9513=CARTESIAN_POINT('Ctrl Pts',(17.78214418517,29.5422773878437,47.712458103001));
#9514=CARTESIAN_POINT('',(16.9821442694047,29.0995281921069,47.8591125111042));
#9515=CARTESIAN_POINT('Ctrl Pts',(16.9821442694047,29.0995281921069,47.8591125111042));
#9516=CARTESIAN_POINT('Ctrl Pts',(16.9821442694047,29.2491671586112,47.8077303684076));
#9517=CARTESIAN_POINT('Ctrl Pts',(16.9821442694047,29.3967175476025,47.758896343314));
#9518=CARTESIAN_POINT('Ctrl Pts',(16.9821442694047,29.5422773835818,47.7124581043606));
#9519=CARTESIAN_POINT('',(16.98214418517,29.099528192107,47.8591125111043));
#9520=CARTESIAN_POINT('Origin',(16.98214418517,37.3114760178826,50.7938368615925));
#9521=CARTESIAN_POINT('Ctrl Pts',(16.9821442694047,29.5964544708523,56.1669400398819));
#9522=CARTESIAN_POINT('Ctrl Pts',(16.9821442694047,28.872018956757,56.2097949285087));
#9523=CARTESIAN_POINT('Ctrl Pts',(16.9821442694047,28.3570920073545,56.0921313623679));
#9524=CARTESIAN_POINT('Ctrl Pts',(16.9821442694047,28.0133131046545,55.9749511909494));
#9525=CARTESIAN_POINT('Origin',(16.9821442694047,49.4597738494475,61.2274590026035));
#9526=CARTESIAN_POINT('',(16.9821442694047,33.1802202764319,54.8499787986108));
#9527=CARTESIAN_POINT('Ctrl Pts',(16.9821442694047,41.6421365827377,52.8609548331041));
#9528=CARTESIAN_POINT('Ctrl Pts',(16.9821442694047,40.0265886975031,52.9724124597791));
#9529=CARTESIAN_POINT('Ctrl Pts',(16.9821442694047,38.3154038515468,53.2000678106732));
#9530=CARTESIAN_POINT('Ctrl Pts',(16.9821442694047,35.5495298601668,53.8538218964571));
#9531=CARTESIAN_POINT('Ctrl Pts',(16.9821442694047,34.2601766775618,54.2608121404652));
#9532=CARTESIAN_POINT('Ctrl Pts',(16.9821442694047,33.1802202764319,54.8499787986109));
#9533=CARTESIAN_POINT('Ctrl Pts',(16.9821442694047,33.1802202764319,54.8499787986108));
#9534=CARTESIAN_POINT('Ctrl Pts',(16.9821442694047,33.0177232329446,54.9749310527451));
#9535=CARTESIAN_POINT('Ctrl Pts',(16.9821442694047,32.8507582143313,55.0942034594627));
#9536=CARTESIAN_POINT('Ctrl Pts',(16.9821442694047,32.5151916499981,55.3133785953309));
#9537=CARTESIAN_POINT('Ctrl Pts',(16.9821442694047,32.3468173141227,55.4140159831423));
#9538=CARTESIAN_POINT('Ctrl Pts',(16.9821442694047,32.1742458547325,55.5065701656456));
#9539=CARTESIAN_POINT('',(16.9821442694047,43.370339407205,44.0753628619889));
#9540=CARTESIAN_POINT('Ctrl Pts',(16.9821442694047,29.5430063160942,47.7122255663152));
#9541=CARTESIAN_POINT('Ctrl Pts',(16.9821442694047,32.2085331427757,46.8619449786225));
#9542=CARTESIAN_POINT('Ctrl Pts',(16.9821442694047,34.2065454731847,46.8150510320492));
#9543=CARTESIAN_POINT('Ctrl Pts',(16.9821442694047,36.139073986343,46.6359795229938));
#9544=CARTESIAN_POINT('Ctrl Pts',(16.9821442694047,37.7499114133143,46.4867164787869));
#9545=CARTESIAN_POINT('Ctrl Pts',(16.9821442694047,38.9015513707112,46.2840840120731));
#9546=CARTESIAN_POINT('Ctrl Pts',(16.9821442694047,40.1439923537283,45.6266485367247));
#9547=CARTESIAN_POINT('Ctrl Pts',(16.9821442694047,40.8002947205852,45.2793672860056));
#9548=CARTESIAN_POINT('Ctrl Pts',(16.9821442694048,41.3242111889911,44.8886409929079));
#9549=CARTESIAN_POINT('Ctrl Pts',(16.9821442694048,41.8279700911324,44.5821523352533));
#9550=CARTESIAN_POINT('Ctrl Pts',(16.9821442694048,42.0854325099303,44.4255113095593));
#9551=CARTESIAN_POINT('Ctrl Pts',(16.9821442694048,42.340028728751,44.2893259911696));
#9552=CARTESIAN_POINT('Ctrl Pts',(16.9821442694048,42.5997948995275,44.197207679677));
#9553=CARTESIAN_POINT('Ctrl Pts',(16.9821442694048,42.85037322543,44.108347562866));
#9554=CARTESIAN_POINT('Ctrl Pts',(16.9821442694047,43.1048815975179,44.0608616951152));
#9555=CARTESIAN_POINT('Ctrl Pts',(16.9821442694047,43.370339407205,44.0753628619889));
#9556=CARTESIAN_POINT('',(16.9821442694047,52.6410405243382,47.7728434266258));
#9557=CARTESIAN_POINT('Ctrl Pts',(16.9821442694047,43.3704461797486,44.0753720204412));
#9558=CARTESIAN_POINT('Ctrl Pts',(16.9821442694047,45.1052701646487,44.2241737892017));
#9559=CARTESIAN_POINT('Ctrl Pts',(16.9821442694008,46.6631677808114,44.6055198663705));
#9560=CARTESIAN_POINT('Ctrl Pts',(16.9821442694008,49.7073145783222,45.9068881884632));
#9561=CARTESIAN_POINT('Ctrl Pts',(16.9821442694047,51.1062620722641,46.7375792600906));
#9562=CARTESIAN_POINT('Ctrl Pts',(16.9821442694047,52.6410405243382,47.7728434266257));
#9563=CARTESIAN_POINT('',(16.9821442694047,59.5109822416038,52.8801307200427));
#9564=CARTESIAN_POINT('Ctrl Pts',(16.9821442694047,52.6410405243381,47.7728434266257));
#9565=CARTESIAN_POINT('Ctrl Pts',(16.9821442694047,53.7638692225347,48.3925769008036));
#9566=CARTESIAN_POINT('Ctrl Pts',(16.9821442694047,54.788756982389,49.1503470555184));
#9567=CARTESIAN_POINT('Ctrl Pts',(16.9821442694047,56.8105030808338,50.741303053826));
#9568=CARTESIAN_POINT('Ctrl Pts',(16.9821442694047,57.920906222746,51.6553381643543));
#9569=CARTESIAN_POINT('Ctrl Pts',(16.9821442694047,59.5109822416038,52.8801307200428));
#9570=CARTESIAN_POINT('',(16.9821442694047,61.1791576131577,55.5706294522237));
#9571=CARTESIAN_POINT('Origin',(16.9821442694047,56.7649501893668,56.4451423565014));
#9572=CARTESIAN_POINT('',(16.9821442694047,73.5987588236347,71.5973299000513));
#9573=CARTESIAN_POINT('Ctrl Pts',(16.9821442694047,61.1791576131614,55.5706294522423));
#9574=CARTESIAN_POINT('Ctrl Pts',(16.9821442694047,61.5758699387944,57.5730818852944));
#9575=CARTESIAN_POINT('Ctrl Pts',(16.9821442694054,62.4045099817483,59.4933435736623));
#9576=CARTESIAN_POINT('Ctrl Pts',(16.9821442694054,64.5604935324951,63.1994447077397));
#9577=CARTESIAN_POINT('Ctrl Pts',(16.9821442694054,66.0971528091484,65.240547799784));
#9578=CARTESIAN_POINT('Ctrl Pts',(16.9821442694054,69.6565413066817,68.8399757399167));
#9579=CARTESIAN_POINT('Ctrl Pts',(16.9821442694047,71.5480467592421,70.3477437234679));
#9580=CARTESIAN_POINT('Ctrl Pts',(16.9821442694047,73.5987588236347,71.5973299000513));
#9581=CARTESIAN_POINT('',(16.9821442694047,70.7980175024088,72.6724337647075));
#9582=CARTESIAN_POINT('Ctrl Pts',(16.9821442694047,73.5987588236347,71.5973299000513));
#9583=CARTESIAN_POINT('Ctrl Pts',(16.9821442694047,73.7601075682809,71.6980019234679));
#9584=CARTESIAN_POINT('Ctrl Pts',(16.9821442694047,73.9099823896518,71.8111005974228));
#9585=CARTESIAN_POINT('Ctrl Pts',(16.9821442694047,74.0872265886704,72.0107660291139));
#9586=CARTESIAN_POINT('Ctrl Pts',(16.9821442694047,74.1447974582418,72.0952258879645));
#9587=CARTESIAN_POINT('Ctrl Pts',(16.9821442694047,74.2025360569424,72.2537649735213));
#9588=CARTESIAN_POINT('Ctrl Pts',(16.9821442694047,74.2140030503776,72.3211030933009));
#9589=CARTESIAN_POINT('Ctrl Pts',(16.9821442694047,74.2077536921371,72.4550336026903));
#9590=CARTESIAN_POINT('Ctrl Pts',(16.9821442694047,74.1920950023152,72.5173462609151));
#9591=CARTESIAN_POINT('Ctrl Pts',(16.9821442694047,74.1335314739596,72.6537170734174));
#9592=CARTESIAN_POINT('Ctrl Pts',(16.9821442694047,74.084843952347,72.723939110699));
#9593=CARTESIAN_POINT('Ctrl Pts',(16.9821442694047,73.9371887982001,72.8896509617712));
#9594=CARTESIAN_POINT('Ctrl Pts',(16.9821442694046,73.820996205288,72.9777875275509));
#9595=CARTESIAN_POINT('Ctrl Pts',(16.9821442694046,73.5089196367055,73.1657611138727));
#9596=CARTESIAN_POINT('Ctrl Pts',(16.9821442694046,73.2733772890733,73.2598782624376));
#9597=CARTESIAN_POINT('Ctrl Pts',(16.9821442694046,72.6869423115985,73.3832782971252));
#9598=CARTESIAN_POINT('Ctrl Pts',(16.9821442694046,72.4202544902842,73.356238792015));
#9599=CARTESIAN_POINT('Ctrl Pts',(16.9821442694046,72.0082759900654,73.277505163092));
#9600=CARTESIAN_POINT('Ctrl Pts',(16.9821442694046,71.7928636825831,73.1879331227659));
#9601=CARTESIAN_POINT('Ctrl Pts',(16.9821442694046,71.3492813945867,72.9664322799736));
#9602=CARTESIAN_POINT('Ctrl Pts',(16.9821442694047,71.1324648563889,72.8402865651907));
#9603=CARTESIAN_POINT('Ctrl Pts',(16.9821442694047,70.7980175024088,72.6724337647075));
#9604=CARTESIAN_POINT('Ctrl Pts',(16.9821442694047,70.7980175024088,72.6724337647075));
#9605=CARTESIAN_POINT('Ctrl Pts',(16.9821442694047,65.6340269766938,70.1013086247045));
#9606=CARTESIAN_POINT('Ctrl Pts',(16.9821442694047,62.7252983216631,67.7232980967234));
#9607=CARTESIAN_POINT('Ctrl Pts',(16.9821442694047,58.9006370350588,63.516417214699));
#9608=CARTESIAN_POINT('Ctrl Pts',(16.9821442694047,57.9249063952541,61.5285298781035));
#9609=CARTESIAN_POINT('Ctrl Pts',(16.9821442694047,56.3902639384172,58.4520020862957));
#9610=CARTESIAN_POINT('Ctrl Pts',(16.9821442694046,55.7775454344184,57.2413785429893));
#9611=CARTESIAN_POINT('Ctrl Pts',(16.9821442694047,54.3975320184451,55.6735686492287));
#9612=CARTESIAN_POINT('Ctrl Pts',(16.9821442694047,53.8816916044682,55.2227240133563));
#9613=CARTESIAN_POINT('Ctrl Pts',(16.9821442694046,52.650753218889,54.4053705538781));
#9614=CARTESIAN_POINT('Ctrl Pts',(16.9821442694047,51.9530789020875,54.0730896630826));
#9615=CARTESIAN_POINT('Ctrl Pts',(16.9821442694047,51.2297930543236,53.8101974052038));
#9616=CARTESIAN_POINT('Ctrl Pts',(16.9841460303046,59.5109822416038,52.8801307200428));
#9617=CARTESIAN_POINT('Ctrl Pts',(-1.01785530515277,59.5109822416038,52.8801307200428));
#9618=CARTESIAN_POINT('Ctrl Pts',(16.9841460303046,57.920906222746,51.6553381643543));
#9619=CARTESIAN_POINT('Ctrl Pts',(-1.01785530515277,57.920906222746,51.6553381643543));
#9620=CARTESIAN_POINT('Ctrl Pts',(16.9841460303046,56.8105030808338,50.741303053826));
#9621=CARTESIAN_POINT('Ctrl Pts',(-1.01785530515277,56.8105030808338,50.741303053826));
#9622=CARTESIAN_POINT('Ctrl Pts',(16.9841460303046,54.788756982389,49.1503470555184));
#9623=CARTESIAN_POINT('Ctrl Pts',(-1.01785530515277,54.788756982389,49.1503470555184));
#9624=CARTESIAN_POINT('Ctrl Pts',(16.9841460303046,53.7638692225347,48.3925769008036));
#9625=CARTESIAN_POINT('Ctrl Pts',(-1.01785530515277,53.7638692225347,48.3925769008036));
#9626=CARTESIAN_POINT('Ctrl Pts',(16.9841460303046,52.6410405243381,47.7728434266257));
#9627=CARTESIAN_POINT('Ctrl Pts',(-1.01785530515277,52.6410405243381,47.7728434266257));
#9628=CARTESIAN_POINT('',(7.98214384396218,52.6410405243381,47.7728434266257));
#9629=CARTESIAN_POINT('',(7.98214384396218,59.5109822416038,52.8801307200427));
#9630=CARTESIAN_POINT('Origin',(7.98214384396218,56.7649501893668,56.4451423565015));
#9631=CARTESIAN_POINT('',(7.98214384396218,61.1791576131577,55.5706294522237));
#9632=CARTESIAN_POINT('Ctrl Pts',(16.9834351290523,73.5987588236347,71.5973299000513));
#9633=CARTESIAN_POINT('Ctrl Pts',(-1.01785530515277,73.5987588236347,71.5973299000513));
#9634=CARTESIAN_POINT('Ctrl Pts',(16.9834351290523,71.5480467592421,70.3477437234679));
#9635=CARTESIAN_POINT('Ctrl Pts',(-1.01785530515277,71.5480467592421,70.3477437234679));
#9636=CARTESIAN_POINT('Ctrl Pts',(16.983435129053,69.6565413066817,68.8399757399166));
#9637=CARTESIAN_POINT('Ctrl Pts',(-1.01785530515206,69.6565413066817,68.8399757399166));
#9638=CARTESIAN_POINT('Ctrl Pts',(16.983435129053,66.0971528091484,65.240547799784));
#9639=CARTESIAN_POINT('Ctrl Pts',(-1.01785530515206,66.0971528091484,65.240547799784));
#9640=CARTESIAN_POINT('Ctrl Pts',(16.983435129053,64.560493532495,63.1994447077397));
#9641=CARTESIAN_POINT('Ctrl Pts',(-1.01785530515206,64.560493532495,63.1994447077397));
#9642=CARTESIAN_POINT('Ctrl Pts',(16.983435129053,62.4045099817483,59.4933435736623));
#9643=CARTESIAN_POINT('Ctrl Pts',(-1.01785530515206,62.4045099817483,59.4933435736623));
#9644=CARTESIAN_POINT('Ctrl Pts',(16.9834351290523,61.5758699387944,57.5730818852944));
#9645=CARTESIAN_POINT('Ctrl Pts',(-1.01785530515276,61.5758699387944,57.5730818852944));
#9646=CARTESIAN_POINT('Ctrl Pts',(16.9834351290523,61.1791576131614,55.5706294522423));
#9647=CARTESIAN_POINT('Ctrl Pts',(-1.01785530515276,61.1791576131614,55.5706294522423));
#9648=CARTESIAN_POINT('',(7.98214384396218,73.5987588236347,71.5973299000513));
#9649=CARTESIAN_POINT('Ctrl Pts',(16.9824020557475,70.7980175024088,72.6724337647075));
#9650=CARTESIAN_POINT('Ctrl Pts',(-1.01785530515277,70.7980175024088,72.6724337647075));
#9651=CARTESIAN_POINT('Ctrl Pts',(16.9824020557475,71.1324648563889,72.8402865651907));
#9652=CARTESIAN_POINT('Ctrl Pts',(-1.01785530515277,71.1324648563889,72.8402865651907));
#9653=CARTESIAN_POINT('Ctrl Pts',(16.9824020557475,71.3492813945867,72.9664322799736));
#9654=CARTESIAN_POINT('Ctrl Pts',(-1.01785530515283,71.3492813945867,72.9664322799736));
#9655=CARTESIAN_POINT('Ctrl Pts',(16.9824020557475,71.7928636825831,73.1879331227659));
#9656=CARTESIAN_POINT('Ctrl Pts',(-1.01785530515283,71.7928636825831,73.1879331227659));
#9657=CARTESIAN_POINT('Ctrl Pts',(16.9824020557475,72.0082759900654,73.277505163092));
#9658=CARTESIAN_POINT('Ctrl Pts',(-1.01785530515283,72.0082759900654,73.277505163092));
#9659=CARTESIAN_POINT('Ctrl Pts',(16.9824020557475,72.4202544902842,73.356238792015));
#9660=CARTESIAN_POINT('Ctrl Pts',(-1.01785530515283,72.4202544902842,73.356238792015));
#9661=CARTESIAN_POINT('Ctrl Pts',(16.9824020557475,72.6869423115985,73.3832782971252));
#9662=CARTESIAN_POINT('Ctrl Pts',(-1.01785530515284,72.6869423115985,73.3832782971252));
#9663=CARTESIAN_POINT('Ctrl Pts',(16.9824020557475,73.2733772890733,73.2598782624376));
#9664=CARTESIAN_POINT('Ctrl Pts',(-1.01785530515283,73.2733772890733,73.2598782624376));
#9665=CARTESIAN_POINT('Ctrl Pts',(16.9824020557475,73.5089196367055,73.1657611138727));
#9666=CARTESIAN_POINT('Ctrl Pts',(-1.01785530515283,73.5089196367055,73.1657611138727));
#9667=CARTESIAN_POINT('Ctrl Pts',(16.9824020557475,73.820996205288,72.9777875275509));
#9668=CARTESIAN_POINT('Ctrl Pts',(-1.01785530515283,73.820996205288,72.9777875275509));
#9669=CARTESIAN_POINT('Ctrl Pts',(16.9824020557475,73.9371887982001,72.8896509617712));
#9670=CARTESIAN_POINT('Ctrl Pts',(-1.01785530515279,73.9371887982001,72.8896509617712));
#9671=CARTESIAN_POINT('Ctrl Pts',(16.9824020557475,74.084843952347,72.723939110699));
#9672=CARTESIAN_POINT('Ctrl Pts',(-1.01785530515279,74.084843952347,72.723939110699));
#9673=CARTESIAN_POINT('Ctrl Pts',(16.9824020557475,74.1335314739596,72.6537170734174));
#9674=CARTESIAN_POINT('Ctrl Pts',(-1.01785530515278,74.1335314739596,72.6537170734174));
#9675=CARTESIAN_POINT('Ctrl Pts',(16.9824020557475,74.1920950023152,72.5173462609151));
#9676=CARTESIAN_POINT('Ctrl Pts',(-1.01785530515278,74.1920950023152,72.5173462609151));
#9677=CARTESIAN_POINT('Ctrl Pts',(16.9824020557475,74.2077536921371,72.4550336026903));
#9678=CARTESIAN_POINT('Ctrl Pts',(-1.01785530515277,74.2077536921371,72.4550336026903));
#9679=CARTESIAN_POINT('Ctrl Pts',(16.9824020557475,74.2140030503776,72.3211030933009));
#9680=CARTESIAN_POINT('Ctrl Pts',(-1.01785530515277,74.2140030503776,72.3211030933009));
#9681=CARTESIAN_POINT('Ctrl Pts',(16.9824020557475,74.2025360569424,72.2537649735213));
#9682=CARTESIAN_POINT('Ctrl Pts',(-1.01785530515277,74.2025360569424,72.2537649735213));
#9683=CARTESIAN_POINT('Ctrl Pts',(16.9824020557475,74.1447974582418,72.0952258879645));
#9684=CARTESIAN_POINT('Ctrl Pts',(-1.01785530515277,74.1447974582418,72.0952258879645));
#9685=CARTESIAN_POINT('Ctrl Pts',(16.9824020557475,74.0872265886704,72.0107660291139));
#9686=CARTESIAN_POINT('Ctrl Pts',(-1.01785530515277,74.0872265886704,72.0107660291139));
#9687=CARTESIAN_POINT('Ctrl Pts',(16.9824020557475,73.9099823896518,71.8111005974228));
#9688=CARTESIAN_POINT('Ctrl Pts',(-1.01785530515277,73.9099823896518,71.8111005974228));
#9689=CARTESIAN_POINT('Ctrl Pts',(16.9824020557475,73.7601075682809,71.6980019234679));
#9690=CARTESIAN_POINT('Ctrl Pts',(-1.01785530515277,73.7601075682809,71.6980019234679));
#9691=CARTESIAN_POINT('Ctrl Pts',(16.9824020557475,73.5987588236347,71.5973299000513));
#9692=CARTESIAN_POINT('Ctrl Pts',(-1.01785530515277,73.5987588236347,71.5973299000513));
#9693=CARTESIAN_POINT('',(7.98214384396218,70.7980175024088,72.6724337647075));
#9694=CARTESIAN_POINT('Ctrl Pts',(16.9851574844489,51.2297930543236,53.8101974052038));
#9695=CARTESIAN_POINT('Ctrl Pts',(-1.01785530515277,51.2297930543236,53.8101974052038));
#9696=CARTESIAN_POINT('Ctrl Pts',(16.9851574844489,51.9530789020875,54.0730896630826));
#9697=CARTESIAN_POINT('Ctrl Pts',(-1.01785530515277,51.9530789020875,54.0730896630826));
#9698=CARTESIAN_POINT('Ctrl Pts',(16.9851574844489,52.650753218889,54.4053705538781));
#9699=CARTESIAN_POINT('Ctrl Pts',(-1.01785530515282,52.650753218889,54.4053705538781));
#9700=CARTESIAN_POINT('Ctrl Pts',(16.9851574844489,53.8816916044681,55.2227240133563));
#9701=CARTESIAN_POINT('Ctrl Pts',(-1.01785530515282,53.8816916044681,55.2227240133563));
#9702=CARTESIAN_POINT('Ctrl Pts',(16.9851574844489,54.3975320184451,55.6735686492287));
#9703=CARTESIAN_POINT('Ctrl Pts',(-1.01785530515282,54.3975320184451,55.6735686492287));
#9704=CARTESIAN_POINT('Ctrl Pts',(16.9851574844489,55.7775454344184,57.2413785429893));
#9705=CARTESIAN_POINT('Ctrl Pts',(-1.01785530515282,55.7775454344184,57.2413785429893));
#9706=CARTESIAN_POINT('Ctrl Pts',(16.9851574844489,56.3902639384172,58.4520020862957));
#9707=CARTESIAN_POINT('Ctrl Pts',(-1.01785530515277,56.3902639384172,58.4520020862957));
#9708=CARTESIAN_POINT('Ctrl Pts',(16.9851574844489,57.9249063952541,61.5285298781035));
#9709=CARTESIAN_POINT('Ctrl Pts',(-1.01785530515277,57.9249063952541,61.5285298781035));
#9710=CARTESIAN_POINT('Ctrl Pts',(16.9851574844489,58.9006370350588,63.516417214699));
#9711=CARTESIAN_POINT('Ctrl Pts',(-1.01785530515277,58.9006370350588,63.516417214699));
#9712=CARTESIAN_POINT('Ctrl Pts',(16.9851574844489,62.7252983216631,67.7232980967234));
#9713=CARTESIAN_POINT('Ctrl Pts',(-1.01785530515277,62.7252983216631,67.7232980967234));
#9714=CARTESIAN_POINT('Ctrl Pts',(16.9851574844489,65.6340269766938,70.1013086247045));
#9715=CARTESIAN_POINT('Ctrl Pts',(-1.01785530515277,65.6340269766938,70.1013086247045));
#9716=CARTESIAN_POINT('Ctrl Pts',(16.9851574844489,70.7980175024088,72.6724337647075));
#9717=CARTESIAN_POINT('Ctrl Pts',(-1.01785530515277,70.7980175024088,72.6724337647075));
#9718=CARTESIAN_POINT('Ctrl Pts',(16.9823152592911,33.1802202764319,54.8499787986109));
#9719=CARTESIAN_POINT('Ctrl Pts',(-1.01785530515278,33.1802202764319,54.8499787986109));
#9720=CARTESIAN_POINT('Ctrl Pts',(16.9823152592911,34.2601766775618,54.2608121404652));
#9721=CARTESIAN_POINT('Ctrl Pts',(-1.01785530515278,34.2601766775618,54.2608121404652));
#9722=CARTESIAN_POINT('Ctrl Pts',(16.9823152592911,35.5495298601668,53.8538218964571));
#9723=CARTESIAN_POINT('Ctrl Pts',(-1.01785530515278,35.5495298601668,53.8538218964571));
#9724=CARTESIAN_POINT('Ctrl Pts',(16.9823152592911,38.3154038515468,53.2000678106732));
#9725=CARTESIAN_POINT('Ctrl Pts',(-1.01785530515278,38.3154038515468,53.2000678106732));
#9726=CARTESIAN_POINT('Ctrl Pts',(16.9823152592911,40.0265886975031,52.9724124597791));
#9727=CARTESIAN_POINT('Ctrl Pts',(-1.01785530515278,40.0265886975031,52.9724124597791));
#9728=CARTESIAN_POINT('Ctrl Pts',(16.9823152592911,41.6421365827377,52.8609548331041));
#9729=CARTESIAN_POINT('Ctrl Pts',(-1.01785530515278,41.6421365827377,52.8609548331041));
#9730=CARTESIAN_POINT('',(7.98214384396217,33.1802202764319,54.8499787986108));
#9731=CARTESIAN_POINT('Ctrl Pts',(16.9821448124111,32.1742458547325,55.5065701656456));
#9732=CARTESIAN_POINT('Ctrl Pts',(-1.01785530515278,32.1742458547325,55.5065701656456));
#9733=CARTESIAN_POINT('Ctrl Pts',(16.9821448124111,32.3468173141227,55.4140159831423));
#9734=CARTESIAN_POINT('Ctrl Pts',(-1.01785530515278,32.3468173141227,55.4140159831423));
#9735=CARTESIAN_POINT('Ctrl Pts',(16.9821448124111,32.5151916499981,55.3133785953309));
#9736=CARTESIAN_POINT('Ctrl Pts',(-1.01785530515278,32.5151916499981,55.3133785953309));
#9737=CARTESIAN_POINT('Ctrl Pts',(16.9821448124111,32.8507582143313,55.0942034594627));
#9738=CARTESIAN_POINT('Ctrl Pts',(-1.01785530515278,32.8507582143313,55.0942034594627));
#9739=CARTESIAN_POINT('Ctrl Pts',(16.9821448124111,33.0177232329446,54.9749310527451));
#9740=CARTESIAN_POINT('Ctrl Pts',(-1.01785530515278,33.0177232329446,54.9749310527451));
#9741=CARTESIAN_POINT('Ctrl Pts',(16.9821448124111,33.1802202764319,54.8499787986108));
#9742=CARTESIAN_POINT('Ctrl Pts',(-1.01785530515278,33.1802202764319,54.8499787986108));
#9743=CARTESIAN_POINT('',(-1.01785571332146,32.1742458547331,55.5065701656453));
#9744=CARTESIAN_POINT('Ctrl Pts',(-1.01785598543391,33.1803157404731,54.849926719287));
#9745=CARTESIAN_POINT('Ctrl Pts',(-1.01785598543391,32.8683925302053,55.0897871775273));
#9746=CARTESIAN_POINT('Ctrl Pts',(-1.01785598543391,32.53287996569,55.3142261530562));
#9747=CARTESIAN_POINT('Ctrl Pts',(-1.01785598543391,32.1742458547355,55.506570165644));
#9748=CARTESIAN_POINT('',(7.98214384396217,32.1742458547325,55.5065701656456));
#9749=CARTESIAN_POINT('Ctrl Pts',(16.9834673676437,26.2234657736301,54.3188543034801));
#9750=CARTESIAN_POINT('Ctrl Pts',(-1.01785530515278,26.2234657736301,54.3188543034801));
#9751=CARTESIAN_POINT('Ctrl Pts',(16.9834673676437,26.3122950889334,54.5237807754673));
#9752=CARTESIAN_POINT('Ctrl Pts',(-1.01785530515278,26.3122950889335,54.5237807754673));
#9753=CARTESIAN_POINT('Ctrl Pts',(16.9834673676439,26.4204601744524,54.7193143653655));
#9754=CARTESIAN_POINT('Ctrl Pts',(-1.01785530515252,26.4204601744524,54.7193143653655));
#9755=CARTESIAN_POINT('Ctrl Pts',(16.9834673676439,26.6767245753552,55.0796637290062));
#9756=CARTESIAN_POINT('Ctrl Pts',(-1.01785530515252,26.6767245753553,55.0796637290062));
#9757=CARTESIAN_POINT('Ctrl Pts',(16.9834673676439,26.8218788128447,55.2421126455602));
#9758=CARTESIAN_POINT('Ctrl Pts',(-1.01785530515252,26.8218788128448,55.2421126455602));
#9759=CARTESIAN_POINT('Ctrl Pts',(16.9834673676439,27.2860762232364,55.6524474635361));
#9760=CARTESIAN_POINT('Ctrl Pts',(-1.01785530515252,27.2860762232365,55.6524474635361));
#9761=CARTESIAN_POINT('Ctrl Pts',(16.9834673676437,27.6350150432526,55.8460048497568));
#9762=CARTESIAN_POINT('Ctrl Pts',(-1.01785530515278,27.6350150432526,55.8460048497568));
#9763=CARTESIAN_POINT('Ctrl Pts',(16.9834673676437,28.3570920073545,56.0921313623679));
#9764=CARTESIAN_POINT('Ctrl Pts',(-1.01785530515278,28.3570920073546,56.0921313623679));
#9765=CARTESIAN_POINT('Ctrl Pts',(16.9834673676437,28.872018956757,56.2097949285087));
#9766=CARTESIAN_POINT('Ctrl Pts',(-1.01785530515278,28.872018956757,56.2097949285087));
#9767=CARTESIAN_POINT('Ctrl Pts',(16.9834673676437,30.5498503374386,56.1105407153252));
#9768=CARTESIAN_POINT('Ctrl Pts',(-1.01785530515278,30.5498503374386,56.1105407153252));
#9769=CARTESIAN_POINT('Ctrl Pts',(16.9834673676437,31.4750490362267,55.7980910464636));
#9770=CARTESIAN_POINT('Ctrl Pts',(-1.01785530515278,31.4750490362267,55.7980910464636));
#9771=CARTESIAN_POINT('Ctrl Pts',(16.9834673676437,32.1742458547325,55.5065701656456));
#9772=CARTESIAN_POINT('Ctrl Pts',(-1.01785530515278,32.1742458547325,55.5065701656456));
#9773=CARTESIAN_POINT('',(-1.01785598543391,30.5912887491927,56.0222248074895));
#9774=CARTESIAN_POINT('Ctrl Pts',(-1.01785530515278,32.1742458547325,55.5065701656456));
#9775=CARTESIAN_POINT('Ctrl Pts',(-1.01785530515278,31.7230270480711,55.694699888891));
#9776=CARTESIAN_POINT('Ctrl Pts',(-1.01785530515278,31.1776870208136,55.8915456594269));
#9777=CARTESIAN_POINT('Ctrl Pts',(-1.01785530515278,30.5913875979406,56.0226668030534));
#9778=CARTESIAN_POINT('',(-1.01785598543391,29.1585646154224,56.1737319250179));
#9779=CARTESIAN_POINT('Ctrl Pts',(-1.01785598543238,30.5912887491928,56.0222248074895));
#9780=CARTESIAN_POINT('Ctrl Pts',(-1.01785598543238,30.1232014400017,56.1271460327612));
#9781=CARTESIAN_POINT('Ctrl Pts',(-1.01785598543238,29.6389145784611,56.1882091370851));
#9782=CARTESIAN_POINT('Ctrl Pts',(-1.01785598543238,29.1585646154224,56.1737319250179));
#9783=CARTESIAN_POINT('',(-1.01785598543391,27.8376992195074,55.9095426066022));
#9784=CARTESIAN_POINT('Ctrl Pts',(-1.01785530515276,27.8376998526508,55.909541044155));
#9785=CARTESIAN_POINT('Ctrl Pts',(-1.01785530515277,27.8954670058119,55.9329497647055));
#9786=CARTESIAN_POINT('Ctrl Pts',(-1.01785530515278,27.9540295470578,55.9547438501646));
#9787=CARTESIAN_POINT('Ctrl Pts',(-1.01785530515278,28.2833042856779,56.0669801450979));
#9788=CARTESIAN_POINT('Ctrl Pts',(-1.01785530515278,28.6588586947349,56.1593072546054));
#9789=CARTESIAN_POINT('Ctrl Pts',(-1.01785530515278,29.1585584636054,56.1739419776131));
#9790=CARTESIAN_POINT('',(-1.01785598543391,26.8944259533149,55.3025607555151));
#9791=CARTESIAN_POINT('Ctrl Pts',(-1.01785598543238,27.8376992195074,55.9095426066022));
#9792=CARTESIAN_POINT('Ctrl Pts',(-1.01785598543238,27.48651003608,55.7672421307497));
#9793=CARTESIAN_POINT('Ctrl Pts',(-1.01785598543286,27.1675814645443,55.5664812348713));
#9794=CARTESIAN_POINT('Ctrl Pts',(-1.01785598543286,26.8944259533149,55.3025607555151));
#9795=CARTESIAN_POINT('',(-1.01785598543391,26.2234657736301,54.3188543034801));
#9796=CARTESIAN_POINT('Ctrl Pts',(-1.01785598543286,26.8944259533149,55.3025607555151));
#9797=CARTESIAN_POINT('Ctrl Pts',(-1.01785598543286,26.6045579877792,55.022492848154));
#9798=CARTESIAN_POINT('Ctrl Pts',(-1.01785598543391,26.3836186364668,54.6883219848148));
#9799=CARTESIAN_POINT('Ctrl Pts',(-1.01785598543391,26.2234657736316,54.3188543034835));
#9800=CARTESIAN_POINT('',(7.98214384396216,26.2234657736301,54.3188543034801));
#9801=CARTESIAN_POINT('Ctrl Pts',(16.9890405139308,43.3703394072248,44.0753628619899));
#9802=CARTESIAN_POINT('Ctrl Pts',(-1.01785530515278,43.3703394072248,44.0753628619899));
#9803=CARTESIAN_POINT('Ctrl Pts',(16.9890405139308,43.1048815975305,44.0608616951128));
#9804=CARTESIAN_POINT('Ctrl Pts',(-1.01785530515278,43.1048815975305,44.0608616951128));
#9805=CARTESIAN_POINT('Ctrl Pts',(16.9890405139309,42.8503732254362,44.1083475628638));
#9806=CARTESIAN_POINT('Ctrl Pts',(-1.01785530515271,42.8503732254362,44.1083475628638));
#9807=CARTESIAN_POINT('Ctrl Pts',(16.9890405139309,42.340028728751,44.2893259911696));
#9808=CARTESIAN_POINT('Ctrl Pts',(-1.01785530515271,42.340028728751,44.2893259911696));
#9809=CARTESIAN_POINT('Ctrl Pts',(16.9890405139309,42.0854325099303,44.4255113095593));
#9810=CARTESIAN_POINT('Ctrl Pts',(-1.01785530515271,42.0854325099303,44.4255113095593));
#9811=CARTESIAN_POINT('Ctrl Pts',(16.9890405139309,41.3242111889911,44.8886409929079));
#9812=CARTESIAN_POINT('Ctrl Pts',(-1.01785530515271,41.3242111889911,44.8886409929079));
#9813=CARTESIAN_POINT('Ctrl Pts',(16.9890405139308,40.8002947205852,45.2793672860056));
#9814=CARTESIAN_POINT('Ctrl Pts',(-1.01785530515277,40.8002947205852,45.2793672860056));
#9815=CARTESIAN_POINT('Ctrl Pts',(16.9890405139308,38.9015513707112,46.2840840120731));
#9816=CARTESIAN_POINT('Ctrl Pts',(-1.01785530515277,38.9015513707112,46.2840840120731));
#9817=CARTESIAN_POINT('Ctrl Pts',(16.9890405139308,37.7499114133143,46.4867164787869));
#9818=CARTESIAN_POINT('Ctrl Pts',(-1.01785530515277,37.7499114133143,46.4867164787869));
#9819=CARTESIAN_POINT('Ctrl Pts',(16.9890405139308,34.1008420758618,46.824845695746));
#9820=CARTESIAN_POINT('Ctrl Pts',(-1.01785530515278,34.1008420758618,46.824845695746));
#9821=CARTESIAN_POINT('Ctrl Pts',(16.9890405139308,31.9897669076448,46.8666794465197));
#9822=CARTESIAN_POINT('Ctrl Pts',(-1.01785530515278,31.9897669076448,46.8666794465197));
#9823=CARTESIAN_POINT('Ctrl Pts',(16.9890405139308,29.0995281921069,47.8591125111042));
#9824=CARTESIAN_POINT('Ctrl Pts',(-1.01785530515278,29.0995281921069,47.8591125111042));
#9825=CARTESIAN_POINT('',(-1.0178559854339,29.0995281921069,47.8591125111042));
#9826=CARTESIAN_POINT('',(7.98214384396217,29.0995281921069,47.8591125111042));
#9827=CARTESIAN_POINT('',(-1.01785530542327,29.542019955059,47.7125687044847));
#9828=CARTESIAN_POINT('Ctrl Pts',(-1.01785530515278,29.5420117108641,47.7125428644022));
#9829=CARTESIAN_POINT('Ctrl Pts',(-1.01785530515278,29.3965380111014,47.7589557643123));
#9830=CARTESIAN_POINT('Ctrl Pts',(-1.01785530515278,29.2490761200819,47.8077616286789));
#9831=CARTESIAN_POINT('Ctrl Pts',(-1.01785530515278,29.0995281921069,47.8591125111042));
#9832=CARTESIAN_POINT('Ctrl Pts',(-1.01785530515278,29.5430063160982,47.712225566314));
#9833=CARTESIAN_POINT('Ctrl Pts',(-1.01785530515278,29.5426747913464,47.7123313199151));
#9834=CARTESIAN_POINT('Ctrl Pts',(-1.01785530515278,29.5423432562688,47.7124370859439));
#9835=CARTESIAN_POINT('Ctrl Pts',(-1.01785530515278,29.5420117108641,47.7125428644021));
#9836=CARTESIAN_POINT('',(7.9821438439622,43.370339407205,44.0753628619889));
#9837=CARTESIAN_POINT('',(7.9821438439622,43.370339407205,44.0753628619889));
#9838=CARTESIAN_POINT('',(7.9821438439622,43.370339407205,44.0753628619889));
#9839=CARTESIAN_POINT('Ctrl Pts',(16.982561300866,52.6410405243382,47.7728434266257));
#9840=CARTESIAN_POINT('Ctrl Pts',(-1.01785530515277,52.6410405243382,47.7728434266257));
#9841=CARTESIAN_POINT('Ctrl Pts',(16.982561300866,51.1062620722641,46.7375792600906));
#9842=CARTESIAN_POINT('Ctrl Pts',(-1.01785530515277,51.1062620722641,46.7375792600906));
#9843=CARTESIAN_POINT('Ctrl Pts',(16.9825613008621,49.7073145783222,45.9068881884632));
#9844=CARTESIAN_POINT('Ctrl Pts',(-1.01785530515666,49.7073145783222,45.9068881884632));
#9845=CARTESIAN_POINT('Ctrl Pts',(16.9825613008621,46.6631677808114,44.6055198663705));
#9846=CARTESIAN_POINT('Ctrl Pts',(-1.01785530515666,46.6631677808114,44.6055198663705));
#9847=CARTESIAN_POINT('Ctrl Pts',(16.982561300866,45.1052701646487,44.2241737892017));
#9848=CARTESIAN_POINT('Ctrl Pts',(-1.01785530515277,45.1052701646487,44.2241737892017));
#9849=CARTESIAN_POINT('Ctrl Pts',(16.982561300866,43.3704461797486,44.0753720204412));
#9850=CARTESIAN_POINT('Ctrl Pts',(-1.01785530515277,43.3704461797486,44.0753720204412));
#9851=CARTESIAN_POINT('Origin',(17.98214418517,30.8913679398334,52.5270146435902));
#9852=CARTESIAN_POINT('',(-1.81785598543391,26.2234657736301,54.3188543034801));
#9853=CARTESIAN_POINT('',(-1.01785598543391,26.2234657736301,54.3188543034801));
#9854=CARTESIAN_POINT('',(-1.8178559854339,29.0995281921069,47.8591125111042));
#9855=CARTESIAN_POINT('Origin',(-1.81785598543391,30.8913679398334,52.5270146435902));
#9856=CARTESIAN_POINT('',(-1.0178559854339,29.0995281921069,47.8591125111042));
#9857=CARTESIAN_POINT('Origin',(-1.01785598543391,30.8913679398334,52.5270146435902));
#9858=CARTESIAN_POINT('',(-1.8178559854339,29.5420086979569,47.7125334008847));
#9859=CARTESIAN_POINT('',(-1.0178559854339,29.5420086979569,47.7125334008848));
#9860=CARTESIAN_POINT('',(-1.81785598543391,35.8720412612124,52.0878184850184));
#9861=CARTESIAN_POINT('Origin',(-1.81785598543391,30.8913679398334,52.5270146435902));
#9862=CARTESIAN_POINT('',(-1.01785598543391,35.8720412612124,52.0878184850184));
#9863=CARTESIAN_POINT('Ctrl Pts',(-1.01785598543391,32.1742458547355,55.506570165644));
#9864=CARTESIAN_POINT('Ctrl Pts',(-1.81785598543391,32.1742458547355,55.506570165644));
#9865=CARTESIAN_POINT('Ctrl Pts',(-1.01785598543391,33.0369043161602,55.0439058933536));
#9866=CARTESIAN_POINT('Ctrl Pts',(-1.81785598543391,33.0369043161602,55.0439058933536));
#9867=CARTESIAN_POINT('Ctrl Pts',(-1.01785598543391,33.7657826944026,54.3955418097073));
#9868=CARTESIAN_POINT('Ctrl Pts',(-1.81785598543391,33.7657826944026,54.3955418097073));
#9869=CARTESIAN_POINT('Ctrl Pts',(-1.01785598543391,34.8442757240683,53.2924536017834));
#9870=CARTESIAN_POINT('Ctrl Pts',(-1.81785598543391,34.8442757240683,53.2924536017834));
#9871=CARTESIAN_POINT('Ctrl Pts',(-1.01785598543391,35.3479883964832,52.7091612274149));
#9872=CARTESIAN_POINT('Ctrl Pts',(-1.81785598543391,35.3479883964832,52.7091612274149));
#9873=CARTESIAN_POINT('Ctrl Pts',(-1.01785598543391,35.8720412611841,52.0878184850519));
#9874=CARTESIAN_POINT('Ctrl Pts',(-1.81785598543391,35.8720412611841,52.0878184850519));
#9875=CARTESIAN_POINT('',(-1.81785598543391,32.1742458547325,55.5065701656456));
#9876=CARTESIAN_POINT('Ctrl Pts',(-1.81785598543391,32.1742458547355,55.506570165644));
#9877=CARTESIAN_POINT('Ctrl Pts',(-1.81785598543391,33.0369043161602,55.0439058933536));
#9878=CARTESIAN_POINT('Ctrl Pts',(-1.81785598543391,33.7657826944026,54.3955418097073));
#9879=CARTESIAN_POINT('Ctrl Pts',(-1.81785598543391,34.8442757240683,53.2924536017835));
#9880=CARTESIAN_POINT('Ctrl Pts',(-1.81785598543391,35.3479883964832,52.7091612274149));
#9881=CARTESIAN_POINT('Ctrl Pts',(-1.81785598543391,35.8720412611841,52.0878184850519));
#9882=CARTESIAN_POINT('',(-1.01785598543391,32.1742458547325,55.5065701656456));
#9883=CARTESIAN_POINT('Ctrl Pts',(-1.01785598543391,26.2234657736316,54.3188543034835));
#9884=CARTESIAN_POINT('Ctrl Pts',(-1.81785598543391,26.2234657736316,54.3188543034835));
#9885=CARTESIAN_POINT('Ctrl Pts',(-1.01785598543391,26.3836186364668,54.6883219848148));
#9886=CARTESIAN_POINT('Ctrl Pts',(-1.81785598543391,26.3836186364668,54.6883219848148));
#9887=CARTESIAN_POINT('Ctrl Pts',(-1.01785598543286,26.6045579877792,55.022492848154));
#9888=CARTESIAN_POINT('Ctrl Pts',(-1.81785598543286,26.6045579877792,55.022492848154));
#9889=CARTESIAN_POINT('Ctrl Pts',(-1.01785598543286,27.1675814645443,55.5664812348713));
#9890=CARTESIAN_POINT('Ctrl Pts',(-1.81785598543286,27.1675814645443,55.5664812348713));
#9891=CARTESIAN_POINT('Ctrl Pts',(-1.01785598543238,27.48651003608,55.7672421307497));
#9892=CARTESIAN_POINT('Ctrl Pts',(-1.81785598543238,27.48651003608,55.7672421307497));
#9893=CARTESIAN_POINT('Ctrl Pts',(-1.01785598543238,28.1860459321617,56.0506913244773));
#9894=CARTESIAN_POINT('Ctrl Pts',(-1.81785598543238,28.1860459321617,56.0506913244773));
#9895=CARTESIAN_POINT('Ctrl Pts',(-1.01785598543238,28.6223700835311,56.1575716199389));
#9896=CARTESIAN_POINT('Ctrl Pts',(-1.81785598543239,28.6223700835311,56.1575716199389));
#9897=CARTESIAN_POINT('Ctrl Pts',(-1.01785598543238,29.6389145784611,56.1882091370851));
#9898=CARTESIAN_POINT('Ctrl Pts',(-1.81785598543239,29.6389145784611,56.1882091370851));
#9899=CARTESIAN_POINT('Ctrl Pts',(-1.01785598543238,30.1232014400017,56.1271460327612));
#9900=CARTESIAN_POINT('Ctrl Pts',(-1.81785598543238,30.1232014400017,56.1271460327612));
#9901=CARTESIAN_POINT('Ctrl Pts',(-1.01785598543238,31.1293175056825,55.9016262882519));
#9902=CARTESIAN_POINT('Ctrl Pts',(-1.81785598543238,31.1293175056825,55.9016262882519));
#9903=CARTESIAN_POINT('Ctrl Pts',(-1.01785598543391,31.6657764181026,55.7185697830812));
#9904=CARTESIAN_POINT('Ctrl Pts',(-1.81785598543391,31.6657764181026,55.7185697830812));
#9905=CARTESIAN_POINT('Ctrl Pts',(-1.01785598543391,32.1742458547325,55.5065701656456));
#9906=CARTESIAN_POINT('Ctrl Pts',(-1.81785598543391,32.1742458547325,55.5065701656456));
#9907=CARTESIAN_POINT('Ctrl Pts',(-1.81785598543391,26.2234657736316,54.3188543034835));
#9908=CARTESIAN_POINT('Ctrl Pts',(-1.81785598543391,26.3836186364668,54.6883219848148));
#9909=CARTESIAN_POINT('Ctrl Pts',(-1.81785598543286,26.6045579877792,55.022492848154));
#9910=CARTESIAN_POINT('Ctrl Pts',(-1.81785598543286,27.1675814645443,55.5664812348713));
#9911=CARTESIAN_POINT('Ctrl Pts',(-1.81785598543238,27.48651003608,55.7672421307497));
#9912=CARTESIAN_POINT('Ctrl Pts',(-1.81785598543239,28.1860459321617,56.0506913244773));
#9913=CARTESIAN_POINT('Ctrl Pts',(-1.81785598543238,28.6223700835311,56.1575716199389));
#9914=CARTESIAN_POINT('Ctrl Pts',(-1.81785598543238,29.6389145784611,56.1882091370851));
#9915=CARTESIAN_POINT('Ctrl Pts',(-1.81785598543238,30.1232014400017,56.1271460327612));
#9916=CARTESIAN_POINT('Ctrl Pts',(-1.81785598543238,31.1293175056825,55.9016262882519));
#9917=CARTESIAN_POINT('Ctrl Pts',(-1.81785598543391,31.6657764181026,55.7185697830812));
#9918=CARTESIAN_POINT('Ctrl Pts',(-1.81785598543391,32.1742458547325,55.5065701656456));
#9919=CARTESIAN_POINT('Ctrl Pts',(-1.0178559854339,29.5420086979569,47.7125334008848));
#9920=CARTESIAN_POINT('Ctrl Pts',(-1.8178559854339,29.5420086979569,47.7125334008848));
#9921=CARTESIAN_POINT('Ctrl Pts',(-1.0178559854339,29.3964179792651,47.7589943537604));
#9922=CARTESIAN_POINT('Ctrl Pts',(-1.8178559854339,29.3964179792651,47.7589943537604));
#9923=CARTESIAN_POINT('Ctrl Pts',(-1.0178559854339,29.2489467494718,47.8078060511934));
#9924=CARTESIAN_POINT('Ctrl Pts',(-1.8178559854339,29.2489467494718,47.8078060511934));
#9925=CARTESIAN_POINT('Ctrl Pts',(-1.0178559854339,29.0995281921069,47.8591125111042));
#9926=CARTESIAN_POINT('Ctrl Pts',(-1.8178559854339,29.0995281921069,47.8591125111042));
#9927=CARTESIAN_POINT('Ctrl Pts',(-1.8178559854339,29.5420086979569,47.7125334008848));
#9928=CARTESIAN_POINT('Ctrl Pts',(-1.8178559854339,29.3964179792651,47.7589943537604));
#9929=CARTESIAN_POINT('Ctrl Pts',(-1.8178559854339,29.2489467494718,47.8078060511933));
#9930=CARTESIAN_POINT('Ctrl Pts',(-1.8178559854339,29.0995281921069,47.8591125111042));
#9931=CARTESIAN_POINT('Origin',(-1.81785598543391,37.3114780223503,50.7939510168481));
#9932=CARTESIAN_POINT('',(-1.81785598543391,30.2104686484817,50.7532121219295));
#9933=CARTESIAN_POINT('Origin',(-1.81785598543391,30.8913677526178,52.5270149322742));
#9934=CARTESIAN_POINT('Origin',(22.98214418517,30.8913677526178,52.5270149322742));
#9935=CARTESIAN_POINT('',(-2.2486645873529,32.6651704324191,51.8461155530211));
#9936=CARTESIAN_POINT('',(-2.2486646681389,30.2104686484817,50.7532121219295));
#9937=CARTESIAN_POINT('Origin',(-2.2486646681389,30.8913677526178,52.5270149322742));
#9938=CARTESIAN_POINT('',(22.98214418517,30.2104686484817,50.7532121219295));
#9939=CARTESIAN_POINT('Origin',(-2.2486646681389,30.8913677526178,52.5270149322742));
#9940=CARTESIAN_POINT('Origin',(-7.01785581482999,31.0108666040573,52.4811435125694));
#9941=CARTESIAN_POINT('',(-7.01785581482999,30.2104686484817,50.7532121219295));
#9942=CARTESIAN_POINT('Origin',(-7.01785581482999,30.8913677526178,52.5270149322742));
#9943=CARTESIAN_POINT('Origin',(22.98214418517,30.8913677526178,52.5270149322742));
#9944=CARTESIAN_POINT('',(-6.78704696152109,30.2104686484817,50.7532121219295));
#9945=CARTESIAN_POINT('',(22.98214418517,30.2104686484817,50.7532121219295));
#9946=CARTESIAN_POINT('',(-6.78704704230708,32.6651704324191,51.8461155530211));
#9947=CARTESIAN_POINT('Origin',(-6.78704696152109,30.8913677526178,52.5270149322742));
#9948=CARTESIAN_POINT('Origin',(-6.78704696152109,30.8913677526178,52.5270149322742));
#9949=CARTESIAN_POINT('Origin',(-3.18562902745369,30.8913676438078,52.5270146488144));
#9950=CARTESIAN_POINT('',(-4.12259338676849,33.1693036247054,51.6525969516347));
#9951=CARTESIAN_POINT('Origin',(-4.12259338676849,30.8913676438078,52.5270146488144));
#9952=CARTESIAN_POINT('',(-3.18562902745369,32.917237039429,51.7493562481566));
#9953=CARTESIAN_POINT('Origin',(-5.85008260220629,30.8913676438078,52.5270146488145));
#9954=CARTESIAN_POINT('',(-4.91311824289149,33.1693036247054,51.6525969516348));
#9955=CARTESIAN_POINT('',(-5.85008260220629,32.9172370394289,51.7493562481566));
#9956=CARTESIAN_POINT('Origin',(-4.91311824289149,30.8913676438078,52.5270146488144));
#9957=CARTESIAN_POINT('Origin',(-4.51785581482999,30.8913676438078,52.5270146488144));
#9958=CARTESIAN_POINT('',(-4.51785581482999,33.1693036247054,51.6525969516347));
#9959=CARTESIAN_POINT('Origin',(7.98214418517,16.4995264871688,28.2727740570623));
#9960=CARTESIAN_POINT('',(14.9821441851701,14.8820809491666,24.0591843732772));
#9961=CARTESIAN_POINT('',(14.98214418517,14.9946888593571,24.352538008707));
#9962=CARTESIAN_POINT('',(14.9821441851701,14.8820809491666,24.0591843732772));
#9963=CARTESIAN_POINT('',(0.982144185169957,14.8820809491667,24.0591843732772));
#9964=CARTESIAN_POINT('',(-17.01785581483,14.8820809491664,24.0591843732773));
#9965=CARTESIAN_POINT('',(0.982144185169928,14.9946888593571,24.352538008707));
#9966=CARTESIAN_POINT('',(0.982144185169957,14.8820809491667,24.0591843732772));
#9967=CARTESIAN_POINT('',(-9.51785581482999,14.9946888593551,24.3525380087078));
#9968=CARTESIAN_POINT('Origin',(-2.01785581483,24.5391334243526,40.504951388101));
#9969=CARTESIAN_POINT('',(-2.01785581483004,15.1814049446565,24.2808644187979));
#9970=CARTESIAN_POINT('',(-2.01785550859674,12.2873056225171,25.3918050623876));
#9971=CARTESIAN_POINT('',(-2.01785581482998,14.9946888593592,24.3525380087062));
#9972=CARTESIAN_POINT('',(-2.01785581483003,24.8573395823795,49.487535934222));
#9973=CARTESIAN_POINT('',(-2.01785581483,18.4963084779505,32.916483363897));
#9974=CARTESIAN_POINT('',(-2.01785581482999,26.5377843500745,48.8424736250405));
#9975=CARTESIAN_POINT('',(-2.01785581482999,25.6042039235783,49.2008415745854));
#9976=CARTESIAN_POINT('',(-2.01785581482999,29.0995278541472,47.8591124268414));
#9977=CARTESIAN_POINT('',(-2.01785581482999,25.6042039235783,49.2008415745854));
#9978=CARTESIAN_POINT('',(-2.01785581482999,32.6845355190625,57.1944066385044));
#9979=CARTESIAN_POINT('Origin',(-2.01785581482999,30.8913676018737,52.5270145593274));
#9980=CARTESIAN_POINT('',(-2.01785581483,24.9867714997951,60.1493016125112));
#9981=CARTESIAN_POINT('',(-2.01785581482999,28.2543031797509,58.8950135004187));
#9982=CARTESIAN_POINT('',(-2.01785550859675,24.8434243199769,59.7758694419123));
#9983=CARTESIAN_POINT('',(-2.01785581482999,11.727157366619,25.6068258321147));
#9984=CARTESIAN_POINT('',(-2.01785550859675,25.1473208010704,58.893289975833));
#9985=CARTESIAN_POINT('',(-2.01785581483,25.1597689424999,58.8571379480866));
#9986=CARTESIAN_POINT('',(-2.01785550859675,25.0039736212523,58.5198578052342));
#9987=CARTESIAN_POINT('',(-2.01785581483,25.3471202783818,59.4137854093085));
#9988=CARTESIAN_POINT('',(-2.01785550859675,24.1875735905494,58.0673198786092));
#9989=CARTESIAN_POINT('',(-2.01785581483,26.3266965807798,59.2530551142647));
#9990=CARTESIAN_POINT('',(-2.01785550859675,24.0442264107312,57.6938877080103));
#9991=CARTESIAN_POINT('',(-2.01785581482999,11.727157366619,25.6068258321147));
#9992=CARTESIAN_POINT('',(-2.01785550859675,24.3481228918247,56.811308241931));
#9993=CARTESIAN_POINT('',(-2.01785581483,24.0824773874055,57.5827988054712));
#9994=CARTESIAN_POINT('',(-2.01785550859675,24.2047757120066,56.4378760713321));
#9995=CARTESIAN_POINT('',(-2.01785581483,24.9475213237589,58.3727945423575));
#9996=CARTESIAN_POINT('',(-2.01785550859675,23.3883756813036,55.9853381447071));
#9997=CARTESIAN_POINT('',(-2.01785581483,26.2745809022736,57.5851878230412));
#9998=CARTESIAN_POINT('',(-2.01785550859675,23.2450658832452,55.6120033569215));
#9999=CARTESIAN_POINT('',(-2.01785581482999,11.727157366619,25.6068258321147));
#10000=CARTESIAN_POINT('',(-2.01785550859675,23.5489623643387,54.7294238908423));
#10001=CARTESIAN_POINT('',(-2.01785581483,23.0052362216495,56.308519268917));
#10002=CARTESIAN_POINT('',(-2.01785550859675,23.4056151845205,54.3559917202434));
#10003=CARTESIAN_POINT('',(-2.01785581483,24.5479410600159,57.3318523668132));
#10004=CARTESIAN_POINT('',(-2.01785550859675,22.5892151538176,53.9034537936184));
#10005=CARTESIAN_POINT('',(-2.01785581482999,26.2224676614311,55.9173985448023));
#10006=CARTESIAN_POINT('',(-2.01785550859675,22.4459053557591,53.5301190058328));
#10007=CARTESIAN_POINT('',(-2.01785581482999,11.727157366619,25.6068258321147));
#10008=CARTESIAN_POINT('',(-2.01785550859675,22.7498018368526,52.6475395397535));
#10009=CARTESIAN_POINT('',(-2.01785581483,21.9279950558936,55.0342397323628));
#10010=CARTESIAN_POINT('',(-2.01785550859675,22.6064546570345,52.2741073691546));
#10011=CARTESIAN_POINT('',(-2.01785581483,24.1483607962729,56.2909101912688));
#10012=CARTESIAN_POINT('',(-2.01785550859675,21.7900546263316,51.8215694425296));
#10013=CARTESIAN_POINT('',(-2.01785581482999,26.1703544205887,54.2496092665633));
#10014=CARTESIAN_POINT('',(-2.01785550859675,21.6467448282731,51.448234654744));
#10015=CARTESIAN_POINT('',(-2.01785581482999,11.727157366619,25.6068258321147));
#10016=CARTESIAN_POINT('',(-2.01785550859674,21.9506413093666,50.5656551886647));
#10017=CARTESIAN_POINT('',(-2.01785581483,20.8507538901377,53.7599601958087));
#10018=CARTESIAN_POINT('',(-2.01785550859674,21.8072941295485,50.1922230180659));
#10019=CARTESIAN_POINT('',(-2.01785581483,23.7487805325298,55.2499680157244));
#10020=CARTESIAN_POINT('',(-2.01785550859675,20.9908940988456,49.7396850914409));
#10021=CARTESIAN_POINT('',(-2.01785581482999,26.1182411797463,52.5818199883244));
#10022=CARTESIAN_POINT('',(-2.01785550859675,20.8475843007871,49.3663503036553));
#10023=CARTESIAN_POINT('',(-2.01785581482999,11.727157366619,25.6068258321147));
#10024=CARTESIAN_POINT('',(-2.01785550859674,21.1514807818806,48.483770837576));
#10025=CARTESIAN_POINT('',(-2.01785581483,19.7735127243818,52.4856806592545));
#10026=CARTESIAN_POINT('',(-2.01785550859674,21.0081336020625,48.1103386669771));
#10027=CARTESIAN_POINT('',(-2.01785581483,23.3492002687868,54.20902584018));
#10028=CARTESIAN_POINT('',(-2.01785550859674,20.1917335713596,47.6578007403521));
#10029=CARTESIAN_POINT('',(-2.01785581482999,26.0661279389038,50.9140307100854));
#10030=CARTESIAN_POINT('',(-2.01785550859674,20.0484237733011,47.2844659525665));
#10031=CARTESIAN_POINT('',(-2.01785581482999,11.727157366619,25.6068258321147));
#10032=CARTESIAN_POINT('',(-2.01785550859674,20.3523202543946,46.4018864864872));
#10033=CARTESIAN_POINT('',(-2.01785581483,18.6962715586259,51.2114011227004));
#10034=CARTESIAN_POINT('',(-2.01785550859674,20.2089730745765,46.0284543158883));
#10035=CARTESIAN_POINT('',(-2.01785581483,22.9496200050438,53.1680836646357));
#10036=CARTESIAN_POINT('',(-2.01785550859674,19.3925730438735,45.5759163892633));
#10037=CARTESIAN_POINT('',(-2.01785581482999,26.0140146980614,49.2462414318465));
#10038=CARTESIAN_POINT('',(-2.01785550859674,19.2492632458151,45.2025816014777));
#10039=CARTESIAN_POINT('',(-2.01785581482999,11.727157366619,25.6068258321147));
#10040=CARTESIAN_POINT('',(-2.01785550859674,19.5531597269086,44.3200021353985));
#10041=CARTESIAN_POINT('',(-2.01785581483,17.61903039287,49.9371215861462));
#10042=CARTESIAN_POINT('',(-2.01785550859674,19.4098125470904,43.9465699647996));
#10043=CARTESIAN_POINT('',(-2.01785581482999,22.5500397413008,52.1271414890913));
#10044=CARTESIAN_POINT('',(-2.01785550859674,18.5934125163875,43.4940320381746));
#10045=CARTESIAN_POINT('',(-2.01785581482999,25.961901457219,47.5784521536076));
#10046=CARTESIAN_POINT('',(-2.01785550859674,18.450102718329,43.120697250389));
#10047=CARTESIAN_POINT('',(-2.01785581482999,11.727157366619,25.6068258321147));
#10048=CARTESIAN_POINT('',(-2.01785550859674,18.7539991994225,42.2381177843097));
#10049=CARTESIAN_POINT('',(-2.01785581482999,16.5417892271141,48.662842049592));
#10050=CARTESIAN_POINT('',(-2.01785550859674,18.6106520196044,41.8646856137108));
#10051=CARTESIAN_POINT('',(-2.01785581482999,22.1504594775578,51.0861993135469));
#10052=CARTESIAN_POINT('',(-2.01785550859674,17.7942519889015,41.4121476870858));
#10053=CARTESIAN_POINT('',(-2.01785581482999,25.9097882163765,45.9106628753686));
#10054=CARTESIAN_POINT('',(-2.01785550859674,17.650942190843,41.0388128993002));
#10055=CARTESIAN_POINT('',(-2.01785581482999,11.727157366619,25.6068258321147));
#10056=CARTESIAN_POINT('',(-2.01785550859674,17.9548386719365,40.1562334332209));
#10057=CARTESIAN_POINT('',(-2.01785581482999,15.4645480613581,47.3885625130378));
#10058=CARTESIAN_POINT('',(-2.01785550859674,17.8114914921184,39.7828012626221));
#10059=CARTESIAN_POINT('',(-2.01785581482999,21.7508792138147,50.0452571380025));
#10060=CARTESIAN_POINT('',(-2.01785550859674,16.9950914614155,39.3302633359971));
#10061=CARTESIAN_POINT('',(-2.01785581482999,25.8576749755341,44.2428735971297));
#10062=CARTESIAN_POINT('',(-2.01785550859674,16.851781663357,38.9569285482115));
#10063=CARTESIAN_POINT('',(-2.01785581482999,11.727157366619,25.6068258321147));
#10064=CARTESIAN_POINT('',(-2.01785550859674,17.1556781444505,38.0743490821322));
#10065=CARTESIAN_POINT('',(-2.01785581482999,14.3873068956022,46.1142829764837));
#10066=CARTESIAN_POINT('',(-2.01785550859674,17.0123309646324,37.7009169115333));
#10067=CARTESIAN_POINT('',(-2.01785581482999,21.3512989500717,49.0043149624582));
#10068=CARTESIAN_POINT('',(-2.01785550859674,16.1959309339295,37.2483789849083));
#10069=CARTESIAN_POINT('',(-2.01785581482999,25.8055617346917,42.5750843188908));
#10070=CARTESIAN_POINT('',(-2.01785550859674,16.052621135871,36.8750441971227));
#10071=CARTESIAN_POINT('',(-2.01785581482999,11.727157366619,25.6068258321147));
#10072=CARTESIAN_POINT('',(-2.01785550859674,16.3565176169645,35.9924647310434));
#10073=CARTESIAN_POINT('',(-2.01785581482999,13.3100657298463,44.8400034399295));
#10074=CARTESIAN_POINT('',(-2.01785550859674,16.2131704371464,35.6190325604445));
#10075=CARTESIAN_POINT('',(-2.01785581482999,20.9517186863287,47.9633727869138));
#10076=CARTESIAN_POINT('',(-2.01785550859674,15.3967704064434,35.1664946338195));
#10077=CARTESIAN_POINT('',(-2.01785581482999,25.7534484938493,40.9072950406518));
#10078=CARTESIAN_POINT('',(-2.01785550859674,15.253460608385,34.7931598460339));
#10079=CARTESIAN_POINT('',(-2.01785581482999,11.727157366619,25.6068258321147));
#10080=CARTESIAN_POINT('',(-2.01785550859674,15.5573570894785,33.9105803799547));
#10081=CARTESIAN_POINT('',(-2.01785581482999,12.2328245640904,43.5657239033753));
#10082=CARTESIAN_POINT('',(-2.01785550859674,15.4140099096603,33.5371482093558));
#10083=CARTESIAN_POINT('',(-2.01785581482999,20.5521384225857,46.9224306113694));
#10084=CARTESIAN_POINT('',(-2.01785550859674,14.5976098789574,33.0846102827308));
#10085=CARTESIAN_POINT('',(-2.01785581482999,25.7013352530068,39.2395057624129));
#10086=CARTESIAN_POINT('',(-2.01785550859674,14.4543000808989,32.7112754949452));
#10087=CARTESIAN_POINT('',(-2.01785581482999,11.727157366619,25.6068258321147));
#10088=CARTESIAN_POINT('',(-2.01785550859674,14.7581965619924,31.8286960288659));
#10089=CARTESIAN_POINT('',(-2.01785581482999,11.1555833983345,42.2914443668212));
#10090=CARTESIAN_POINT('',(-2.01785550859674,14.6148493821743,31.455263858267));
#10091=CARTESIAN_POINT('',(-2.01785581482999,20.1525581588427,45.881488435825));
#10092=CARTESIAN_POINT('',(-2.01785550859674,13.7984493514714,31.002725931642));
#10093=CARTESIAN_POINT('',(-2.01785581482999,25.6492220121644,37.5717164841739));
#10094=CARTESIAN_POINT('',(-2.01785550859674,13.6551395534129,30.6293911438564));
#10095=CARTESIAN_POINT('',(-2.01785581482999,11.727157366619,25.6068258321147));
#10096=CARTESIAN_POINT('',(-2.01785550859674,13.9590360345064,29.7468116777771));
#10097=CARTESIAN_POINT('',(-2.01785581482999,10.0783422325786,41.017164830267));
#10098=CARTESIAN_POINT('',(-2.01785550859674,13.8156888546883,29.3733795071783));
#10099=CARTESIAN_POINT('',(-2.01785581482999,19.7529778950996,44.8405462602807));
#10100=CARTESIAN_POINT('',(-2.01785550859674,12.9992888239854,28.9208415805533));
#10101=CARTESIAN_POINT('',(-2.01785581482998,25.597108771322,35.903927205935));
#10102=CARTESIAN_POINT('',(-2.01785550859674,12.8559790259269,28.5475067927677));
#10103=CARTESIAN_POINT('',(-2.01785581482999,11.727157366619,25.6068258321147));
#10104=CARTESIAN_POINT('',(-2.01785550859674,13.1598755070204,27.6649273266884));
#10105=CARTESIAN_POINT('',(-2.01785581482999,9.00110106682267,39.7428852937128));
#10106=CARTESIAN_POINT('',(-2.01785550859674,13.0165283272023,27.2914951560895));
#10107=CARTESIAN_POINT('',(-2.01785581482999,19.3533976313566,43.7996040847363));
#10108=CARTESIAN_POINT('',(-2.01785550859674,12.2001282964994,26.8389572294645));
#10109=CARTESIAN_POINT('',(-2.01785581482998,25.5449955304795,34.2361379276961));
#10110=CARTESIAN_POINT('',(-2.01785550859674,12.0568184984409,26.4656224416789));
#10111=CARTESIAN_POINT('',(-2.01785581482999,11.727157366619,25.6068258321147));
#10112=CARTESIAN_POINT('',(-2.01785550859674,12.3607149795344,25.5830429755996));
#10113=CARTESIAN_POINT('',(-2.01785581482999,7.92385990106675,38.4686057571587));
#10114=CARTESIAN_POINT('',(-2.01785581482999,18.9538173676136,42.7586619091919));
#10115=CARTESIAN_POINT('',(-2.01785581483,32.7585278990868,51.8102787651719));
#10116=CARTESIAN_POINT('Origin',(-2.01785581483,30.891367305848,52.5270145645516));
#10117=CARTESIAN_POINT('Origin',(-17.01785581483,16.7492418021612,23.342448474187));
#10118=CARTESIAN_POINT('',(14.98214418517,16.0325059030724,21.4752876211919));
#10119=CARTESIAN_POINT('Origin',(14.9821441851701,16.7492418021612,23.342448474187));
#10120=CARTESIAN_POINT('',(18.98214418517,16.0325059030724,21.4752876211919));
#10121=CARTESIAN_POINT('',(-17.01785581483,16.0325059030724,21.4752876211919));
#10122=CARTESIAN_POINT('',(20.98214418517,14.8820809491686,24.0591843732769));
#10123=CARTESIAN_POINT('Origin',(18.9821441851719,16.7492418021612,23.342448474187));
#10124=CARTESIAN_POINT('',(32.98214418517,14.8820809491664,24.0591843732773));
#10125=CARTESIAN_POINT('',(-17.01785581483,14.8820809491664,24.0591843732773));
#10126=CARTESIAN_POINT('',(32.98214418517,18.1855128786393,21.9506419521188));
#10127=CARTESIAN_POINT('Origin',(32.98214418517,16.7492418021612,23.3424484741869));
#10128=CARTESIAN_POINT('',(17.98214418517,18.1855134180816,21.9506414310602));
#10129=CARTESIAN_POINT('',(17.98214418517,18.1855128785392,21.9506419520151));
#10130=CARTESIAN_POINT('',(-2.01785581483,18.1855128786393,21.9506419521188));
#10131=CARTESIAN_POINT('',(17.98214418517,18.1855134180816,21.9506414310602));
#10132=CARTESIAN_POINT('',(-17.01785581483,18.1855134180816,21.9506414310602));
#10133=CARTESIAN_POINT('',(-17.01785581483,18.1855128785392,21.9506419520151));
#10134=CARTESIAN_POINT('',(-17.01785581483,14.8820809491664,24.0591843732773));
#10135=CARTESIAN_POINT('Origin',(-17.01785581483,16.7492418021612,23.342448474187));
#10136=CARTESIAN_POINT('',(-5.01785581483004,14.8820809491686,24.0591843732769));
#10137=CARTESIAN_POINT('',(-17.01785581483,14.8820809491664,24.0591843732773));
#10138=CARTESIAN_POINT('',(-3.01785581483003,16.0325059030724,21.4752876211919));
#10139=CARTESIAN_POINT('Origin',(-3.01785581483193,16.7492418021612,23.342448474187));
#10140=CARTESIAN_POINT('',(0.982144185169969,16.0325059030724,21.4752876211919));
#10141=CARTESIAN_POINT('',(-17.01785581483,16.0325059030724,21.4752876211919));
#10142=CARTESIAN_POINT('Origin',(0.982144185169958,16.7492418021612,23.342448474187));
#10143=CARTESIAN_POINT('Origin',(7.98214418517,16.4995264871688,28.2727740570623));
#10144=CARTESIAN_POINT('',(-5.01785581482999,24.67062349708,49.5592095241311));
#10145=CARTESIAN_POINT('',(-5.01785581482999,24.67062349708,49.5592095241311));
#10146=CARTESIAN_POINT('',(-17.01785581483,28.2543029925339,58.8950137891032));
#10147=CARTESIAN_POINT('',(-17.01785581483,13.951612905376,21.6352322473507));
#10148=CARTESIAN_POINT('',(-7.01785581483,28.2543031797509,58.8950135004187));
#10149=CARTESIAN_POINT('',(-4.51785581482999,28.2543029925346,58.8950137891029));
#10150=CARTESIAN_POINT('',(-7.01785581482999,24.6706234970801,49.5592095241311));
#10151=CARTESIAN_POINT('',(-7.01785581483,15.7447126168169,26.3064166975316));
#10152=CARTESIAN_POINT('',(7.98214418517001,24.6706234970807,49.5592095241308));
#10153=CARTESIAN_POINT('Origin',(7.98214418517,16.4995264871688,28.2727740570623));
#10154=CARTESIAN_POINT('',(20.98214418517,24.67062349708,49.5592095241311));
#10155=CARTESIAN_POINT('',(20.98214418517,24.67062349708,49.5592095241311));
#10156=CARTESIAN_POINT('',(22.98214418517,24.67062349708,49.5592095241311));
#10157=CARTESIAN_POINT('',(7.98214418517001,24.6706234970807,49.5592095241308));
#10158=CARTESIAN_POINT('',(22.98214418517,28.2543031797509,58.8950135004187));
#10159=CARTESIAN_POINT('',(22.98214418517,15.7447126168168,26.3064166975316));
#10160=CARTESIAN_POINT('',(32.98214418517,28.2543029925339,58.8950137891032));
#10161=CARTESIAN_POINT('',(-4.51785581482999,28.2543029925346,58.8950137891029));
#10162=CARTESIAN_POINT('',(32.98214418517,13.951612905376,21.6352322473507));
#10163=CARTESIAN_POINT('Origin',(-2.01785581483002,26.5377843500745,48.8424736250405));
#10164=CARTESIAN_POINT('',(0.982144185169969,24.8573395823795,49.487535934222));
#10165=CARTESIAN_POINT('',(-2.01785581483003,24.8573395823795,49.487535934222));
#10166=CARTESIAN_POINT('',(0.982144185169977,26.5377843500745,48.8424736250405));
#10167=CARTESIAN_POINT('',(0.982144185169977,26.5377843500745,48.8424736250405));
#10168=CARTESIAN_POINT('',(-2.01785581483002,26.5377843500745,48.8424736250405));
#10169=CARTESIAN_POINT('Origin',(17.98214418517,26.5377843500744,48.8424736250405));
#10170=CARTESIAN_POINT('',(17.98214418517,24.8573395823795,49.487535934222));
#10171=CARTESIAN_POINT('',(17.98214418517,26.5377843500744,48.8424736250405));
#10172=CARTESIAN_POINT('',(17.98214418517,28.4021438686717,48.126813057475));
#10173=CARTESIAN_POINT('',(14.98214418517,26.5377843500744,48.8424736250405));
#10174=CARTESIAN_POINT('',(17.98214418517,26.5377843500744,48.8424736250405));
#10175=CARTESIAN_POINT('',(14.98214418517,24.8573395823795,49.487535934222));
#10176=CARTESIAN_POINT('',(14.98214418517,26.5377843500744,48.8424736250405));
#10177=CARTESIAN_POINT('',(17.98214418517,24.8573395823795,49.487535934222));
#10178=CARTESIAN_POINT('Origin',(-17.01785581483,-0.676725508291067,-0.460890762743169));
#10179=CARTESIAN_POINT('',(-17.01785581483,-0.0665658200065211,-0.200297929567199));
#10180=CARTESIAN_POINT('',(-17.01785581483,3.99067376094663,1.53250674038089));
#10181=CARTESIAN_POINT('',(-17.01785581483,-0.676725508291067,-0.460890762743169));
#10182=CARTESIAN_POINT('',(-2.01785581483,3.99067376094662,1.53250674038089));
#10183=CARTESIAN_POINT('',(-17.01785581483,3.99067376094663,1.53250674038089));
#10184=CARTESIAN_POINT('',(-2.01785581483,-0.0665658200065145,-0.200297929567181));
#10185=CARTESIAN_POINT('',(-2.01785581483,-0.676725508291072,-0.460890762743151));
#10186=CARTESIAN_POINT('',(-17.01785581483,-0.0665658200065211,-0.200297929567199));
#10187=CARTESIAN_POINT('Origin',(-17.01785581483,-0.459333493998662,0.719339800338634));
#10188=CARTESIAN_POINT('',(-2.01785581483,-1.15399186445767,0.));
#10189=CARTESIAN_POINT('Origin',(-2.01785581483,-0.45933349399867,0.719339800338634));
#10190=CARTESIAN_POINT('',(-17.01785581483,-1.15399186445766,-1.77635683940025E-14));
#10191=CARTESIAN_POINT('',(-17.01785581483,-1.15399186445766,-1.77635683940025E-14));
#10192=CARTESIAN_POINT('Origin',(-17.01785581483,-0.459333493998662,0.719339800338634));
#10193=CARTESIAN_POINT('Origin',(-17.01785581483,-2.11540510896836,0.928425978174836));
#10194=CARTESIAN_POINT('',(-17.01785581483,-2.1154036360063,0.928426100217914));
#10195=CARTESIAN_POINT('',(-17.01785581483,-2.11540510896836,0.928425978174836));
#10196=CARTESIAN_POINT('',(-2.01785581483,-2.11540417898883,0.928426617839513));
#10197=CARTESIAN_POINT('',(-2.01785581483,-2.11540510896837,0.928425978174836));
#10198=CARTESIAN_POINT('',(-17.01785581483,-2.11540390958788,0.92842722016969));
#10199=CARTESIAN_POINT('Origin',(17.98214418517,-2.11540510896838,0.928425978174818));
#10200=CARTESIAN_POINT('',(17.98214418517,-2.11540363600632,0.928426100217887));
#10201=CARTESIAN_POINT('',(17.98214418517,-1.15399186445769,0.));
#10202=CARTESIAN_POINT('',(17.98214418517,-2.11540510896838,0.928425978174818));
#10203=CARTESIAN_POINT('',(32.98214418517,-1.15399186445768,0.));
#10204=CARTESIAN_POINT('',(17.98214418517,-1.15399186445769,0.));
#10205=CARTESIAN_POINT('',(32.98214418517,-2.11540417898885,0.928426617839531));
#10206=CARTESIAN_POINT('',(32.98214418517,-2.1154051089684,0.928425978174827));
#10207=CARTESIAN_POINT('',(17.98214418517,-2.1154039095879,0.928427220169654));
#10208=CARTESIAN_POINT('Origin',(17.98214418517,-0.45933349399867,0.719339800338643));
#10209=CARTESIAN_POINT('',(32.98214418517,-0.0665658200065233,-0.200297929567181));
#10210=CARTESIAN_POINT('Origin',(32.98214418517,-0.459333493998675,0.719339800338652));
#10211=CARTESIAN_POINT('',(17.98214418517,-0.0665658200065167,-0.200297929567181));
#10212=CARTESIAN_POINT('Origin',(17.98214418517,-0.45933349399867,0.719339800338643));
#10213=CARTESIAN_POINT('',(17.98214418517,-0.0665658200065167,-0.200297929567181));
#10214=CARTESIAN_POINT('Origin',(17.98214418517,-0.676725508291081,-0.460890762743169));
#10215=CARTESIAN_POINT('',(17.98214418517,3.99067376094661,1.53250674038089));
#10216=CARTESIAN_POINT('',(17.98214418517,-0.676725508291081,-0.460890762743169));
#10217=CARTESIAN_POINT('',(32.98214418517,3.9906737609466,1.5325067403809));
#10218=CARTESIAN_POINT('',(17.98214418517,3.99067376094661,1.53250674038089));
#10219=CARTESIAN_POINT('',(32.98214418517,-0.676725508291085,-0.460890762743169));
#10220=CARTESIAN_POINT('Origin',(-17.01785581483,1.15074338829044,5.03039570757107));
#10221=CARTESIAN_POINT('',(32.98214418517,1.15074338829043,5.03039570757108));
#10222=CARTESIAN_POINT('',(-17.01785581483,1.15074338829044,5.03039570757107));
#10223=CARTESIAN_POINT('',(17.98214418517,1.15074338829043,5.03039570757108));
#10224=CARTESIAN_POINT('',(-17.01785581483,-11.9193825826641,10.0475470011985));
#10225=CARTESIAN_POINT('',(-17.01785581483,1.15074338829044,5.03039570757107));
#10226=CARTESIAN_POINT('',(32.98214418517,-11.9193825826642,10.0475470011985));
#10227=CARTESIAN_POINT('',(7.98214418516999,-11.9193825826642,10.0475470011985));
#10228=CARTESIAN_POINT('',(32.98214418517,-10.0522217296698,9.33081110210773));
#10229=CARTESIAN_POINT('Origin',(-17.01785581483,-18.3791244628796,7.17148461644147));
#10230=CARTESIAN_POINT('',(32.98214418517,-14.8049798349441,5.79949903776106));
#10231=CARTESIAN_POINT('',(32.98214418517,-16.5119636098849,6.45474871735155));
#10232=CARTESIAN_POINT('',(-17.01785581483,-14.804979834944,5.79949903776105));
#10233=CARTESIAN_POINT('',(-17.01785581483,-14.804979834944,5.79949903776105));
#10234=CARTESIAN_POINT('',(-17.01785581483,-18.3791244628796,7.17148461644147));
#10235=CARTESIAN_POINT('',(17.98214418517,-2.11540363600632,0.928426100217887));
#10236=CARTESIAN_POINT('Origin',(-17.01785581483,-14.0882439358544,7.66665989075655));
#10237=CARTESIAN_POINT('',(-17.01785581483,-15.9153348511386,6.85318660460336));
#10238=CARTESIAN_POINT('Origin',(-17.01785581483,-14.0882439358544,7.66665989075655));
#10239=CARTESIAN_POINT('',(32.98214418517,-15.9153348511386,6.85318660460338));
#10240=CARTESIAN_POINT('Origin',(32.98214418517,-14.0882439358544,7.66665989075657));
#10241=CARTESIAN_POINT('',(17.98214418517,-15.9153348511386,6.85318660460336));
#10242=CARTESIAN_POINT('Origin',(-17.01785581483,-16.4412018988196,8.03430333187221));
#10243=CARTESIAN_POINT('',(-17.01785581483,-16.9670689464928,9.21542005913481));
#10244=CARTESIAN_POINT('',(-17.01785581483,-16.8635979919983,8.9830204903131));
#10245=CARTESIAN_POINT('',(32.98214418517,-16.9670689464928,9.21542005913483));
#10246=CARTESIAN_POINT('',(32.98214418517,-16.8635979919983,8.98302049031311));
#10247=CARTESIAN_POINT('',(17.98214418517,-16.9670689464928,9.21542005913482));
#10248=CARTESIAN_POINT('Origin',(-17.01785581483,-15.1399780312093,10.0288933452873));
#10249=CARTESIAN_POINT('',(-17.01785581483,-17.0071388841998,10.7456292443749));
#10250=CARTESIAN_POINT('Origin',(-17.01785581483,-15.1399780312093,10.0288933452873));
#10251=CARTESIAN_POINT('',(32.98214418517,-17.0071388841998,10.7456292443749));
#10252=CARTESIAN_POINT('Origin',(32.98214418517,-15.1399780312093,10.0288933452873));
#10253=CARTESIAN_POINT('',(17.98214418517,-17.0071388841998,10.7456292443749));
#10254=CARTESIAN_POINT('Origin',(-17.01785581483,15.4854613701027,42.373612767458));
#10255=CARTESIAN_POINT('',(32.98214418517,22.6528204335506,61.0452214863755));
#10256=CARTESIAN_POINT('',(32.98214418517,15.4854613701023,42.3736127674568));
#10257=CARTESIAN_POINT('',(-17.01785581483,22.6528204335506,61.0452214863755));
#10258=CARTESIAN_POINT('',(-17.01785581483,22.6528204335506,61.0452214863755));
#10259=CARTESIAN_POINT('',(-17.01785581483,8.29391094536905,23.6389833977947));
#10260=CARTESIAN_POINT('Origin',(7.98214418517,18.3006604781072,42.7313869045998));
#10261=CARTESIAN_POINT('',(17.98214418517,13.6551395534129,30.6293911438564));
#10262=CARTESIAN_POINT('',(12.98214418517,13.65513955341,30.629391143865));
#10263=CARTESIAN_POINT('',(17.98214418517,13.7984493514714,31.002725931642));
#10264=CARTESIAN_POINT('',(12.98214418517,13.7984493514635,31.0027259316376));
#10265=CARTESIAN_POINT('',(17.98214418517,24.9867714997951,60.1493016125112));
#10266=CARTESIAN_POINT('Origin',(17.98214418517,12.0568184984409,26.4656224416789));
#10267=CARTESIAN_POINT('',(17.98214418517,12.3607149795344,25.5830429755996));
#10268=CARTESIAN_POINT('',(17.98214418517,12.0568184984409,26.4656224416789));
#10269=CARTESIAN_POINT('',(17.98214418517,12.5377538992661,25.0688846191426));
#10270=CARTESIAN_POINT('',(17.98214418517,12.3607149795344,25.5830429755996));
#10271=CARTESIAN_POINT('',(12.98214418517,12.0568184984379,26.4656224416874));
#10272=CARTESIAN_POINT('Origin',(17.98214418517,12.3607149795344,25.5830429755996));
#10273=CARTESIAN_POINT('',(17.98214418517,12.2873056225171,25.3918050623876));
#10274=CARTESIAN_POINT('',(17.98214418517,12.3240103010257,25.4874240189936));
#10275=CARTESIAN_POINT('',(7.98214418517001,12.2873056225171,25.3918050623876));
#10276=CARTESIAN_POINT('Origin',(17.98214418517,15.253460608385,34.7931598460339));
#10277=CARTESIAN_POINT('',(17.98214418517,15.5573570894785,33.9105803799547));
#10278=CARTESIAN_POINT('',(17.98214418517,15.253460608385,34.7931598460339));
#10279=CARTESIAN_POINT('',(17.98214418517,16.8467185622898,30.1660027653592));
#10280=CARTESIAN_POINT('',(17.98214418517,15.5573570894785,33.9105803799547));
#10281=CARTESIAN_POINT('',(12.98214418517,15.253460608382,34.7931598460425));
#10282=CARTESIAN_POINT('Origin',(17.98214418517,15.5573570894785,33.9105803799547));
#10283=CARTESIAN_POINT('',(17.98214418517,15.4140099096603,33.5371482093558));
#10284=CARTESIAN_POINT('',(17.98214418517,13.9223313559978,29.6511927211711));
#10285=CARTESIAN_POINT('',(17.98214418517,15.4140099096603,33.5371482093558));
#10286=CARTESIAN_POINT('Origin',(17.98214418517,15.4140099096603,33.5371482093558));
#10287=CARTESIAN_POINT('',(17.98214418517,14.5976098789574,33.0846102827308));
#10288=CARTESIAN_POINT('',(17.98214418517,13.30638027282,32.368870024545));
#10289=CARTESIAN_POINT('',(12.98214418517,14.5976098789495,33.0846102827264));
#10290=CARTESIAN_POINT('Origin',(17.98214418517,18.450102718329,43.120697250389));
#10291=CARTESIAN_POINT('',(17.98214418517,18.7539991994225,42.2381177843097));
#10292=CARTESIAN_POINT('',(17.98214418517,18.450102718329,43.120697250389));
#10293=CARTESIAN_POINT('',(17.98214418517,21.1556832253135,35.2631209115759));
#10294=CARTESIAN_POINT('',(17.98214418517,18.7539991994225,42.2381177843097));
#10295=CARTESIAN_POINT('',(12.98214418517,18.4501027183261,43.1206972503975));
#10296=CARTESIAN_POINT('Origin',(17.98214418517,18.7539991994225,42.2381177843097));
#10297=CARTESIAN_POINT('',(17.98214418517,18.6106520196044,41.8646856137108));
#10298=CARTESIAN_POINT('',(17.98214418517,15.5206524109699,33.8149614233486));
#10299=CARTESIAN_POINT('',(17.98214418517,18.6106520196044,41.8646856137108));
#10300=CARTESIAN_POINT('Origin',(17.98214418517,18.6106520196044,41.8646856137108));
#10301=CARTESIAN_POINT('',(17.98214418517,17.7942519889015,41.4121476870858));
#10302=CARTESIAN_POINT('',(17.98214418517,13.5148332361898,39.0400271375007));
#10303=CARTESIAN_POINT('',(12.98214418517,17.7942519888936,41.4121476870815));
#10304=CARTESIAN_POINT('Origin',(17.98214418517,21.6467448282731,51.448234654744));
#10305=CARTESIAN_POINT('',(17.98214418517,21.9506413093666,50.5656551886647));
#10306=CARTESIAN_POINT('',(17.98214418517,21.6467448282731,51.448234654744));
#10307=CARTESIAN_POINT('',(17.98214418517,25.4646478883371,40.3602390577925));
#10308=CARTESIAN_POINT('',(17.98214418517,21.9506413093666,50.5656551886647));
#10309=CARTESIAN_POINT('',(12.98214418517,21.6467448282702,51.4482346547526));
#10310=CARTESIAN_POINT('Origin',(17.98214418517,21.9506413093666,50.5656551886647));
#10311=CARTESIAN_POINT('',(17.98214418517,21.8072941295485,50.1922230180659));
#10312=CARTESIAN_POINT('',(17.98214418517,17.118973465942,37.9787301255261));
#10313=CARTESIAN_POINT('',(17.98214418517,21.8072941295485,50.1922230180659));
#10314=CARTESIAN_POINT('Origin',(17.98214418517,21.8072941295485,50.1922230180659));
#10315=CARTESIAN_POINT('',(17.98214418517,20.9908940988456,49.7396850914409));
#10316=CARTESIAN_POINT('',(17.98214418517,13.7232861995595,45.7111842504565));
#10317=CARTESIAN_POINT('',(12.98214418517,20.9908940988377,49.7396850914365));
#10318=CARTESIAN_POINT('Origin',(17.98214418517,23.2450658832452,55.6120033569215));
#10319=CARTESIAN_POINT('',(17.98214418517,23.5489623643387,54.7294238908423));
#10320=CARTESIAN_POINT('',(17.98214418517,23.2450658832452,55.6120033569215));
#10321=CARTESIAN_POINT('',(17.98214418517,27.6191302198489,42.9087981309009));
#10322=CARTESIAN_POINT('',(17.98214418517,23.5489623643387,54.7294238908423));
#10323=CARTESIAN_POINT('',(12.98214418517,23.2450658832422,55.6120033569301));
#10324=CARTESIAN_POINT('Origin',(17.98214418517,23.5489623643387,54.7294238908423));
#10325=CARTESIAN_POINT('',(17.98214418517,23.4056151845205,54.3559917202434));
#10326=CARTESIAN_POINT('',(17.98214418517,17.918133993428,40.0606144766149));
#10327=CARTESIAN_POINT('',(17.98214418517,23.4056151845205,54.3559917202434));
#10328=CARTESIAN_POINT('Origin',(17.98214418517,23.4056151845205,54.3559917202434));
#10329=CARTESIAN_POINT('',(17.98214418517,22.5892151538176,53.9034537936184));
#10330=CARTESIAN_POINT('',(17.98214418517,13.8275126812444,49.0467628069343));
#10331=CARTESIAN_POINT('',(12.98214418517,22.5892151538097,53.903453793614));
#10332=CARTESIAN_POINT('Origin',(17.98214418517,22.4459053557591,53.5301190058328));
#10333=CARTESIAN_POINT('',(17.98214418517,22.7498018368526,52.6475395397535));
#10334=CARTESIAN_POINT('',(17.98214418517,22.4459053557591,53.5301190058328));
#10335=CARTESIAN_POINT('',(17.98214418517,26.541889054093,41.6345185943467));
#10336=CARTESIAN_POINT('',(17.98214418517,22.7498018368526,52.6475395397535));
#10337=CARTESIAN_POINT('',(12.98214418517,22.4459053557562,53.5301190058413));
#10338=CARTESIAN_POINT('Origin',(17.98214418517,22.7498018368526,52.6475395397535));
#10339=CARTESIAN_POINT('',(17.98214418517,22.6064546570345,52.2741073691546));
#10340=CARTESIAN_POINT('',(17.98214418517,17.518553729685,39.0196723010705));
#10341=CARTESIAN_POINT('',(17.98214418517,22.6064546570345,52.2741073691546));
#10342=CARTESIAN_POINT('Origin',(17.98214418517,22.6064546570345,52.2741073691546));
#10343=CARTESIAN_POINT('',(17.98214418517,21.7900546263316,51.8215694425296));
#10344=CARTESIAN_POINT('',(17.98214418517,13.7753994404019,47.3789735286954));
#10345=CARTESIAN_POINT('',(12.98214418517,21.7900546263237,51.8215694425252));
#10346=CARTESIAN_POINT('Origin',(17.98214418517,19.2492632458151,45.2025816014777));
#10347=CARTESIAN_POINT('',(17.98214418517,19.5531597269086,44.3200021353985));
#10348=CARTESIAN_POINT('',(17.98214418517,19.2492632458151,45.2025816014777));
#10349=CARTESIAN_POINT('',(17.98214418517,22.2329243910694,36.5374004481301));
#10350=CARTESIAN_POINT('',(17.98214418517,19.5531597269086,44.3200021353985));
#10351=CARTESIAN_POINT('',(12.98214418517,19.2492632458121,45.2025816014863));
#10352=CARTESIAN_POINT('Origin',(17.98214418517,19.5531597269086,44.3200021353985));
#10353=CARTESIAN_POINT('',(17.98214418517,19.4098125470904,43.9465699647996));
#10354=CARTESIAN_POINT('',(17.98214418517,15.9202326747129,34.855903598893));
#10355=CARTESIAN_POINT('',(17.98214418517,19.4098125470904,43.9465699647996));
#10356=CARTESIAN_POINT('Origin',(17.98214418517,19.4098125470904,43.9465699647996));
#10357=CARTESIAN_POINT('',(17.98214418517,18.5934125163875,43.4940320381746));
#10358=CARTESIAN_POINT('',(17.98214418517,13.5669464770322,40.7078164157396));
#10359=CARTESIAN_POINT('',(12.98214418517,18.5934125163796,43.4940320381702));
#10360=CARTESIAN_POINT('Origin',(17.98214418517,16.052621135871,36.8750441971227));
#10361=CARTESIAN_POINT('',(17.98214418517,16.3565176169645,35.9924647310434));
#10362=CARTESIAN_POINT('',(17.98214418517,16.052621135871,36.8750441971227));
#10363=CARTESIAN_POINT('',(17.98214418517,17.9239597280457,31.4402823019134));
#10364=CARTESIAN_POINT('',(17.98214418517,16.3565176169645,35.9924647310434));
#10365=CARTESIAN_POINT('',(12.98214418517,16.052621135868,36.8750441971312));
#10366=CARTESIAN_POINT('Origin',(17.98214418517,16.3565176169645,35.9924647310434));
#10367=CARTESIAN_POINT('',(17.98214418517,16.2131704371464,35.6190325604445));
#10368=CARTESIAN_POINT('',(17.98214418517,14.3219116197408,30.6921348967155));
#10369=CARTESIAN_POINT('',(17.98214418517,16.2131704371464,35.6190325604445));
#10370=CARTESIAN_POINT('Origin',(17.98214418517,16.2131704371464,35.6190325604445));
#10371=CARTESIAN_POINT('',(17.98214418517,15.3967704064434,35.1664946338195));
#10372=CARTESIAN_POINT('',(17.98214418517,13.3584935136625,34.0366593027839));
#10373=CARTESIAN_POINT('',(12.98214418517,15.3967704064355,35.1664946338152));
#10374=CARTESIAN_POINT('Origin',(17.98214418517,12.8559790259269,28.5475067927677));
#10375=CARTESIAN_POINT('',(17.98214418517,13.1598755070204,27.6649273266884));
#10376=CARTESIAN_POINT('',(17.98214418517,12.8559790259269,28.5475067927677));
#10377=CARTESIAN_POINT('',(17.98214418517,13.6149950650221,26.3431641556967));
#10378=CARTESIAN_POINT('',(17.98214418517,13.1598755070204,27.6649273266884));
#10379=CARTESIAN_POINT('',(12.98214418517,12.855979025924,28.5475067927762));
#10380=CARTESIAN_POINT('Origin',(17.98214418517,13.1598755070204,27.6649273266884));
#10381=CARTESIAN_POINT('',(17.98214418517,13.0165283272023,27.2914951560895));
#10382=CARTESIAN_POINT('',(17.98214418517,12.7235905647687,26.528366194538));
#10383=CARTESIAN_POINT('',(17.98214418517,13.0165283272023,27.2914951560895));
#10384=CARTESIAN_POINT('Origin',(17.98214418517,13.0165283272023,27.2914951560895));
#10385=CARTESIAN_POINT('',(17.98214418517,12.2001282964994,26.8389572294645));
#10386=CARTESIAN_POINT('',(17.98214418517,13.1500405502928,27.3655021898281));
#10387=CARTESIAN_POINT('',(12.98214418517,12.2001282964915,26.8389572294601));
#10388=CARTESIAN_POINT('Origin',(17.98214418517,14.4543000808989,32.7112754949452));
#10389=CARTESIAN_POINT('',(17.98214418517,14.7581965619924,31.8286960288659));
#10390=CARTESIAN_POINT('',(17.98214418517,14.4543000808989,32.7112754949452));
#10391=CARTESIAN_POINT('',(17.98214418517,15.7694773965339,28.8917232288051));
#10392=CARTESIAN_POINT('',(17.98214418517,14.7581965619924,31.8286960288659));
#10393=CARTESIAN_POINT('',(12.98214418517,14.454300080896,32.7112754949537));
#10394=CARTESIAN_POINT('Origin',(17.98214418517,14.7581965619924,31.8286960288659));
#10395=CARTESIAN_POINT('',(17.98214418517,14.6148493821743,31.455263858267));
#10396=CARTESIAN_POINT('',(17.98214418517,13.5227510922548,28.6102505456267));
#10397=CARTESIAN_POINT('',(17.98214418517,14.6148493821743,31.455263858267));
#10398=CARTESIAN_POINT('Origin',(17.98214418517,14.6148493821743,31.455263858267));
#10399=CARTESIAN_POINT('',(17.98214418517,13.2542670319776,30.701080746306));
#10400=CARTESIAN_POINT('Origin',(17.98214418517,17.9548386719365,40.1562334332209));
#10401=CARTESIAN_POINT('',(17.98214418517,17.8114914921184,39.7828012626221));
#10402=CARTESIAN_POINT('',(17.98214418517,17.9548386719365,40.1562334332209));
#10403=CARTESIAN_POINT('',(17.98214418517,15.1210721472269,32.7740192478042));
#10404=CARTESIAN_POINT('',(17.98214418517,17.8114914921184,39.7828012626221));
#10405=CARTESIAN_POINT('',(17.98214418517,17.9548386719365,40.1562334332209));
#10406=CARTESIAN_POINT('Origin',(17.98214418517,17.8114914921184,39.7828012626221));
#10407=CARTESIAN_POINT('',(17.98214418517,16.9950914614155,39.3302633359971));
#10408=CARTESIAN_POINT('',(17.98214418517,13.4627199953473,37.3722378592618));
#10409=CARTESIAN_POINT('',(12.98214418517,16.9950914614076,39.3302633359927));
#10410=CARTESIAN_POINT('Origin',(17.98214418517,17.650942190843,41.0388128993002));
#10411=CARTESIAN_POINT('',(17.98214418517,17.650942190843,41.0388128993002));
#10412=CARTESIAN_POINT('',(17.98214418517,20.0784420595575,33.9888413750217));
#10413=CARTESIAN_POINT('',(12.98214418517,17.6509421908401,41.0388128993088));
#10414=CARTESIAN_POINT('Origin',(17.98214418517,20.8475843007871,49.3663503036553));
#10415=CARTESIAN_POINT('',(17.98214418517,21.1514807818806,48.483770837576));
#10416=CARTESIAN_POINT('',(17.98214418517,20.8475843007871,49.3663503036553));
#10417=CARTESIAN_POINT('',(17.98214418517,24.3874067225812,39.0859595212384));
#10418=CARTESIAN_POINT('',(17.98214418517,21.1514807818806,48.483770837576));
#10419=CARTESIAN_POINT('',(12.98214418517,20.8475843007842,49.3663503036638));
#10420=CARTESIAN_POINT('Origin',(17.98214418517,21.1514807818806,48.483770837576));
#10421=CARTESIAN_POINT('',(17.98214418517,21.0081336020625,48.1103386669771));
#10422=CARTESIAN_POINT('',(17.98214418517,16.719393202199,36.9377879499817));
#10423=CARTESIAN_POINT('',(17.98214418517,21.0081336020625,48.1103386669771));
#10424=CARTESIAN_POINT('Origin',(17.98214418517,21.0081336020625,48.1103386669771));
#10425=CARTESIAN_POINT('',(17.98214418517,20.1917335713595,47.6578007403521));
#10426=CARTESIAN_POINT('',(17.98214418517,13.6711729587171,44.0433949722175));
#10427=CARTESIAN_POINT('',(12.98214418517,20.1917335713517,47.6578007403477));
#10428=CARTESIAN_POINT('Origin',(17.98214418517,24.8434243199769,59.7758694419123));
#10429=CARTESIAN_POINT('',(17.98214418517,25.1473208010704,58.8932899758331));
#10430=CARTESIAN_POINT('',(17.98214418517,24.8434243199769,59.7758694419123));
#10431=CARTESIAN_POINT('',(17.98214418517,29.7736629406993,45.4574168100705));
#10432=CARTESIAN_POINT('',(17.98214418517,25.1473208010704,58.8932899758331));
#10433=CARTESIAN_POINT('',(12.98214418517,24.8434243199739,59.7758694419209));
#10434=CARTESIAN_POINT('Origin',(17.98214418517,25.1473208010704,58.8932899758331));
#10435=CARTESIAN_POINT('',(17.98214418517,25.0039736212523,58.5198578052342));
#10436=CARTESIAN_POINT('',(17.98214418517,18.7173132117939,42.1425475191102));
#10437=CARTESIAN_POINT('',(17.98214418517,25.0039736212523,58.5198578052342));
#10438=CARTESIAN_POINT('Origin',(17.98214418517,25.0039736212523,58.5198578052342));
#10439=CARTESIAN_POINT('',(17.98214418517,24.1875735905494,58.0673198786092));
#10440=CARTESIAN_POINT('',(17.98214418517,13.931741600593,52.3824193763968));
#10441=CARTESIAN_POINT('',(12.98214418517,24.1875735905414,58.0673198786047));
#10442=CARTESIAN_POINT('Origin',(17.98214418517,24.0442264107312,57.6938877080103));
#10443=CARTESIAN_POINT('',(17.98214418517,24.3481228918247,56.811308241931));
#10444=CARTESIAN_POINT('',(17.98214418517,24.0442264107312,57.6938877080103));
#10445=CARTESIAN_POINT('',(17.98214418517,28.6963713856048,44.183077667455));
#10446=CARTESIAN_POINT('',(17.98214418517,24.3481228918247,56.811308241931));
#10447=CARTESIAN_POINT('',(12.98214418517,24.0442264107282,57.6938877080188));
#10448=CARTESIAN_POINT('Origin',(17.98214418517,24.3481228918247,56.811308241931));
#10449=CARTESIAN_POINT('',(17.98214418517,24.2047757120066,56.4378760713321));
#10450=CARTESIAN_POINT('',(17.98214418517,18.317714257171,41.1015566521592));
#10451=CARTESIAN_POINT('',(17.98214418517,24.2047757120066,56.4378760713321));
#10452=CARTESIAN_POINT('Origin',(17.98214418517,24.2047757120066,56.4378760713321));
#10453=CARTESIAN_POINT('',(17.98214418517,23.3883756813036,55.9853381447071));
#10454=CARTESIAN_POINT('',(17.98214418517,13.8796259220868,50.7145520851733));
#10455=CARTESIAN_POINT('',(12.98214418517,23.3883756812957,55.9853381447028));
#10456=CARTESIAN_POINT('Origin',(17.98214418517,20.0484237733011,47.2844659525665));
#10457=CARTESIAN_POINT('',(17.98214418517,20.3523202543946,46.4018864864872));
#10458=CARTESIAN_POINT('',(17.98214418517,20.0484237733011,47.2844659525665));
#10459=CARTESIAN_POINT('',(17.98214418517,23.3101655568253,37.8116799846842));
#10460=CARTESIAN_POINT('',(17.98214418517,20.3523202543946,46.4018864864872));
#10461=CARTESIAN_POINT('',(12.98214418517,20.0484237732981,47.284465952575));
#10462=CARTESIAN_POINT('Origin',(17.98214418517,20.3523202543946,46.4018864864872));
#10463=CARTESIAN_POINT('',(17.98214418517,20.2089730745765,46.0284543158883));
#10464=CARTESIAN_POINT('',(17.98214418517,16.3198129384559,35.8968457744374));
#10465=CARTESIAN_POINT('',(17.98214418517,20.2089730745765,46.0284543158883));
#10466=CARTESIAN_POINT('Origin',(17.98214418517,20.2089730745765,46.0284543158883));
#10467=CARTESIAN_POINT('',(17.98214418517,19.3925730438735,45.5759163892633));
#10468=CARTESIAN_POINT('',(17.98214418517,13.6190597178746,42.3756056939786));
#10469=CARTESIAN_POINT('',(12.98214418517,19.3925730438656,45.575916389259));
#10470=CARTESIAN_POINT('Origin',(17.98214418517,16.851781663357,38.9569285482115));
#10471=CARTESIAN_POINT('',(17.98214418517,17.1556781444505,38.0743490821322));
#10472=CARTESIAN_POINT('',(17.98214418517,16.851781663357,38.9569285482115));
#10473=CARTESIAN_POINT('',(17.98214418517,19.0012008938016,32.7145618384676));
#10474=CARTESIAN_POINT('',(17.98214418517,17.1556781444505,38.0743490821322));
#10475=CARTESIAN_POINT('',(12.98214418517,16.8517816633541,38.95692854822));
#10476=CARTESIAN_POINT('Origin',(17.98214418517,17.1556781444505,38.0743490821322));
#10477=CARTESIAN_POINT('',(17.98214418517,17.0123309646324,37.7009169115333));
#10478=CARTESIAN_POINT('',(17.98214418517,14.7214918834838,31.7330770722599));
#10479=CARTESIAN_POINT('',(17.98214418517,17.0123309646324,37.7009169115333));
#10480=CARTESIAN_POINT('Origin',(17.98214418517,17.0123309646324,37.7009169115333));
#10481=CARTESIAN_POINT('',(17.98214418517,16.1959309339294,37.2483789849083));
#10482=CARTESIAN_POINT('',(17.98214418517,13.4106067545049,35.7044485810228));
#10483=CARTESIAN_POINT('',(12.98214418517,16.1959309339216,37.2483789849039));
#10484=CARTESIAN_POINT('Origin',(17.98214418517,13.6551395534129,30.6293911438564));
#10485=CARTESIAN_POINT('',(17.98214418517,13.9590360345064,29.7468116777771));
#10486=CARTESIAN_POINT('',(17.98214418517,14.692236230778,27.6174436922509));
#10487=CARTESIAN_POINT('',(17.98214418517,13.9590360345064,29.7468116777771));
#10488=CARTESIAN_POINT('Origin',(17.98214418517,13.9590360345064,29.7468116777771));
#10489=CARTESIAN_POINT('',(17.98214418517,13.8156888546883,29.3733795071783));
#10490=CARTESIAN_POINT('',(17.98214418517,13.1231708285118,27.5693083700824));
#10491=CARTESIAN_POINT('',(17.98214418517,13.8156888546883,29.3733795071783));
#10492=CARTESIAN_POINT('Origin',(17.98214418517,13.8156888546883,29.3733795071783));
#10493=CARTESIAN_POINT('',(17.98214418517,12.9992888239854,28.9208415805533));
#10494=CARTESIAN_POINT('',(17.98214418517,13.2021537911352,29.0332914680671));
#10495=CARTESIAN_POINT('',(12.98214418517,12.9992888239775,28.9208415805489));
#10496=CARTESIAN_POINT('Origin',(7.98214418517,18.3006604781072,42.7313869045998));
#10497=CARTESIAN_POINT('',(17.98214418517,24.9867714997951,60.1493016125112));
#10498=CARTESIAN_POINT('Origin',(7.98214418517,18.3006604781072,42.7313869045998));
#10499=CARTESIAN_POINT('',(17.98214418517,24.9867714997951,60.1493016125112));
#10500=CARTESIAN_POINT('Origin',(7.98214418517,18.3006604781072,42.7313869045998));
#10501=CARTESIAN_POINT('',(17.98214418517,24.9867714997951,60.1493016125112));
#10502=CARTESIAN_POINT('Origin',(7.98214418517,18.3006604781072,42.7313869045998));
#10503=CARTESIAN_POINT('',(17.98214418517,24.9867714997951,60.1493016125112));
#10504=CARTESIAN_POINT('Origin',(7.98214418517,18.3006604781072,42.7313869045998));
#10505=CARTESIAN_POINT('',(17.98214418517,24.9867714997951,60.1493016125112));
#10506=CARTESIAN_POINT('Origin',(7.98214418517,18.3006604781072,42.7313869045998));
#10507=CARTESIAN_POINT('',(17.98214418517,24.9867714997951,60.1493016125112));
#10508=CARTESIAN_POINT('Origin',(7.98214418517,18.3006604781072,42.7313869045998));
#10509=CARTESIAN_POINT('',(17.98214418517,24.9867714997951,60.1493016125112));
#10510=CARTESIAN_POINT('Origin',(7.98214418517,18.3006604781072,42.7313869045998));
#10511=CARTESIAN_POINT('',(17.98214418517,24.9867714997951,60.1493016125112));
#10512=CARTESIAN_POINT('Origin',(7.98214418517,18.3006604781072,42.7313869045998));
#10513=CARTESIAN_POINT('',(17.98214418517,24.9867714997951,60.1493016125112));
#10514=CARTESIAN_POINT('Origin',(7.98214418517,18.3006604781072,42.7313869045998));
#10515=CARTESIAN_POINT('',(17.98214418517,24.9867714997951,60.1493016125112));
#10516=CARTESIAN_POINT('Origin',(7.98214418517,18.3006604781072,42.7313869045998));
#10517=CARTESIAN_POINT('',(17.98214418517,24.9867714997951,60.1493016125112));
#10518=CARTESIAN_POINT('Origin',(7.98214418517,18.3006604781072,42.7313869045998));
#10519=CARTESIAN_POINT('',(17.98214418517,24.9867714997951,60.1493016125112));
#10520=CARTESIAN_POINT('',(-4.51785581482999,24.9867714997897,60.1493016125136));
#10521=CARTESIAN_POINT('',(17.98214418517,24.9867714997951,60.1493016125112));
#10522=CARTESIAN_POINT('Origin',(7.98214418517,18.3006604781072,42.7313869045998));
#10523=CARTESIAN_POINT('',(17.98214418517,24.9867714997951,60.1493016125112));
#10524=CARTESIAN_POINT('Origin',(7.98214418517,18.3006604781072,42.7313869045998));
#10525=CARTESIAN_POINT('',(17.98214418517,24.9867714997951,60.1493016125112));
#10526=CARTESIAN_POINT('Origin',(7.98214418517,18.3006604781072,42.7313869045998));
#10527=CARTESIAN_POINT('',(17.98214418517,24.9867714997951,60.1493016125112));
#10528=CARTESIAN_POINT('Origin',(7.98214418517,18.3006604781072,42.7313869045998));
#10529=CARTESIAN_POINT('',(17.98214418517,24.9867714997951,60.1493016125112));
#10530=CARTESIAN_POINT('Origin',(-17.01785581483,-14.0787090683352,18.3744497344068));
#10531=CARTESIAN_POINT('',(-17.01785581483,-15.5121808665164,14.6401280284189));
#10532=CARTESIAN_POINT('',(32.98214418517,-15.5121808665164,14.640128028419));
#10533=CARTESIAN_POINT('',(-17.01785581483,-15.5121808665164,14.6401280284189));
#10534=CARTESIAN_POINT('',(-17.01785581483,-14.0787090683352,18.3744497344068));
#10535=CARTESIAN_POINT('',(32.98214418517,-14.0787090683352,18.3744497344068));
#10536=CARTESIAN_POINT('Origin',(-17.01785581483,-11.9193825826645,10.0475470011977));
#10537=CARTESIAN_POINT('',(32.98214418517,-10.4859107844823,13.7818687071882));
#10538=CARTESIAN_POINT('',(-17.01785581483,-10.4859107844823,13.7818687071881));
#10539=CARTESIAN_POINT('',(-17.01785581483,-10.4859107844823,13.7818687071881));
#10540=CARTESIAN_POINT('',(32.98214418517,-5.81120520537779,25.9598930919735));
#10541=CARTESIAN_POINT('',(-17.01785581483,-5.81120520537778,25.9598930919735));
#10542=CARTESIAN_POINT('Origin',(-17.01785581483,-13.6450200135221,13.9233921293282));
#10543=CARTESIAN_POINT('',(-17.01785581483,-12.9282841144313,15.7905529823225));
#10544=CARTESIAN_POINT('Origin',(-17.01785581483,-13.6450200135221,13.9233921293282));
#10545=CARTESIAN_POINT('',(32.98214418517,-12.9282841144313,15.7905529823226));
#10546=CARTESIAN_POINT('Origin',(32.98214418517,-13.6450200135221,13.9233921293282));
#10547=CARTESIAN_POINT('',(-17.01785581483,-12.9282841144313,15.7905529823225));
#10548=CARTESIAN_POINT('Origin',(-17.01785581483,-10.1275428349418,14.7154491336872));
#10549=CARTESIAN_POINT('',(-17.01785581483,-11.0611232614341,15.0738170832307));
#10550=CARTESIAN_POINT('',(32.98214418517,-11.0611232614341,15.0738170832307));
#10551=CARTESIAN_POINT('',(-17.01785581483,-11.0611232614341,15.0738170832307));
#10552=CARTESIAN_POINT('',(-17.01785581483,-5.43990487290392,12.9160335107937));
#10553=CARTESIAN_POINT('',(32.98214418517,-5.43990487290394,12.9160335107937));
#10554=CARTESIAN_POINT('Origin',(-17.01785581483,-11.4194912109795,14.1402366567335));
#10555=CARTESIAN_POINT('Origin',(32.98214418517,-11.4194912109795,14.1402366567335));
#10556=CARTESIAN_POINT('Origin',(-17.01785581483,-11.4194912109795,14.1402366567335));
#10557=CARTESIAN_POINT('Origin',(-2.01785581483004,15.1814049446565,24.2808644187979));
#10558=CARTESIAN_POINT('',(0.982144185169928,15.1814049446565,24.2808644187979));
#10559=CARTESIAN_POINT('',(0.982144185169928,15.1814049446565,24.2808644187979));
#10560=CARTESIAN_POINT('',(0.982144185169961,15.1814049446565,24.2808644187979));
#10561=CARTESIAN_POINT('Origin',(-4.01785581483003,19.2431728191483,32.6297890042608));
#10562=CARTESIAN_POINT('',(-3.01785581483002,26.5377843500745,48.8424736250405));
#10563=CARTESIAN_POINT('',(-7.51785581483004,22.3366724308371,50.4551293979943));
#10564=CARTESIAN_POINT('',(-3.01785581483003,16.8618497123515,23.6358021096164));
#10565=CARTESIAN_POINT('Origin',(-2.01785581483003,16.8618497123515,23.6358021096164));
#10566=CARTESIAN_POINT('',(-9.51785581483001,26.5377843500745,48.8424736250405));
#10567=CARTESIAN_POINT('',(0.982144185169969,16.8618497123515,23.6358021096164));
#10568=CARTESIAN_POINT('Origin',(17.98214418517,16.8618497123515,23.6358021096164));
#10569=CARTESIAN_POINT('',(18.98214418517,26.5377843500744,48.8424736250405));
#10570=CARTESIAN_POINT('',(18.98214418517,20.1767532456455,32.2714210547155));
#10571=CARTESIAN_POINT('',(14.98214418517,16.8618497123515,23.6358021096164));
#10572=CARTESIAN_POINT('',(12.98214418517,26.5377843500744,48.8424736250405));
#10573=CARTESIAN_POINT('Origin',(19.98214418517,19.2431728191483,32.6297890042608));
#10574=CARTESIAN_POINT('',(16.014144343999,29.3086509076385,47.7788376077092));
#10575=CARTESIAN_POINT('Origin',(17.98214418517,15.1814049446565,24.2808644187979));
#10576=CARTESIAN_POINT('',(17.98214418517,15.1814049446565,24.2808644187979));
#10577=CARTESIAN_POINT('',(14.98214418517,15.1814049446565,24.2808644187979));
#10578=CARTESIAN_POINT('',(17.98214418517,15.1814049446565,24.2808644187979));
#10579=CARTESIAN_POINT('',(17.98214418517,18.4963084779505,32.916483363897));
#10580=CARTESIAN_POINT('',(14.98214418517,15.1814049446565,24.2808644187979));
#10581=CARTESIAN_POINT('Origin',(7.98214418517001,29.2190267418559,47.8132411016232));
#10582=CARTESIAN_POINT('',(17.98214418517,29.0995278541472,47.8591124268414));
#10583=CARTESIAN_POINT('',(17.98214418517,28.4021438686717,48.126813057475));
#10584=CARTESIAN_POINT('',(22.98214418517,29.0995278541472,47.8591124268414));
#10585=CARTESIAN_POINT('',(32.98214418517,29.0995278541472,47.8591124268414));
#10586=CARTESIAN_POINT('',(22.98214418517,21.1099474538606,50.9260249975352));
#10587=CARTESIAN_POINT('Origin',(17.98214418517,24.5391334243526,40.504951388101));
#10588=CARTESIAN_POINT('',(17.98214418517,14.9946888593571,24.352538008707));
#10589=CARTESIAN_POINT('',(17.98214418517,32.6845355190625,57.1944066385044));
#10590=CARTESIAN_POINT('',(17.98214418517,28.2543029925354,58.8950137891026));
#10591=CARTESIAN_POINT('Origin',(17.98214418517,30.8913676018737,52.5270145593274));
#10592=CARTESIAN_POINT('',(17.98214418517,32.7585278990868,51.8102787651719));
#10593=CARTESIAN_POINT('Origin',(17.98214418517,30.891367305848,52.5270145645516));
#10594=CARTESIAN_POINT('Origin',(19.0232162319339,30.891367305848,52.5270145645516));
#10595=CARTESIAN_POINT('',(20.0642882786979,33.3186761549852,51.5952579954447));
#10596=CARTESIAN_POINT('',(19.0232162319339,33.038602027036,51.7027683803083));
#10597=CARTESIAN_POINT('Origin',(20.0642882786979,30.891367305848,52.5270145645516));
#10598=CARTESIAN_POINT('Origin',(20.48214418517,30.891367305848,52.5270145645516));
#10599=CARTESIAN_POINT('',(20.9000000916422,33.3186761549852,51.5952579954447));
#10600=CARTESIAN_POINT('',(20.48214418517,33.3186761549852,51.5952579954447));
#10601=CARTESIAN_POINT('Origin',(20.9000000916421,30.891367305848,52.5270145645516));
#10602=CARTESIAN_POINT('Origin',(21.9410721384061,30.891367305848,52.5270145645516));
#10603=CARTESIAN_POINT('',(22.98214418517,32.7585278990868,51.8102787651719));
#10604=CARTESIAN_POINT('',(21.9410721384061,33.038602027036,51.7027683803083));
#10605=CARTESIAN_POINT('Origin',(22.98214418517,30.891367305848,52.5270145645516));
#10606=CARTESIAN_POINT('Origin',(22.98214418517,9.48599219803037,31.2872799685941));
#10607=CARTESIAN_POINT('',(22.98214418517,32.6845355190625,57.1944066385044));
#10608=CARTESIAN_POINT('Origin',(22.98214418517,30.8913676018737,52.5270145593274));
#10609=CARTESIAN_POINT('',(22.98214418517,26.908743176314,59.4115255927207));
#10610=CARTESIAN_POINT('Origin',(32.98214418517,30.8913676018737,52.5270145593274));
#10611=CARTESIAN_POINT('',(32.98214418517,32.6845355190625,57.1944066385044));
#10612=CARTESIAN_POINT('Origin',(-17.01785581483,24.6706234970801,49.5592095241311));
#10613=CARTESIAN_POINT('',(-7.01785581483,29.0995278541472,47.8591124268414));
#10614=CARTESIAN_POINT('',(-7.01785581483,21.1099474538606,50.9260249975352));
#10615=CARTESIAN_POINT('',(-17.01785581483,29.0995278541472,47.8591124268414));
#10616=CARTESIAN_POINT('Origin',(-17.01785581483,30.8913676018737,52.5270145593274));
#10617=CARTESIAN_POINT('',(-7.01785581483,32.6845355190625,57.1944066385044));
#10618=CARTESIAN_POINT('Origin',(-7.01785581483,30.8913676018737,52.5270145593274));
#10619=CARTESIAN_POINT('',(-17.01785581483,32.6845355190625,57.1944066385044));
#10620=CARTESIAN_POINT('Origin',(-7.01785581483,9.48599219803038,31.2872799685941));
#10621=CARTESIAN_POINT('',(-7.01785581483,26.908743176314,59.4115255927207));
#10622=CARTESIAN_POINT('',(-7.01785581483,32.7585278990868,51.8102787651719));
#10623=CARTESIAN_POINT('Origin',(-7.01785581483,30.8913673058481,52.5270145645516));
#10624=CARTESIAN_POINT('Origin',(-5.97678376806606,30.8913673058481,52.5270145645516));
#10625=CARTESIAN_POINT('',(-4.93571172130213,33.3186761549852,51.5952579954447));
#10626=CARTESIAN_POINT('Origin',(-4.93571172130213,30.8913673058481,52.5270145645516));
#10627=CARTESIAN_POINT('',(-5.97678376806606,33.038602027036,51.7027683803083));
#10628=CARTESIAN_POINT('Origin',(-4.51785581482999,30.8913673058481,52.5270145645516));
#10629=CARTESIAN_POINT('',(-4.09999990835786,33.3186761549852,51.5952579954447));
#10630=CARTESIAN_POINT('Origin',(-4.09999990835786,30.8913673058481,52.5270145645516));
#10631=CARTESIAN_POINT('',(-4.51785581482999,33.3186761549852,51.5952579954447));
#10632=CARTESIAN_POINT('Origin',(-3.05892786159392,30.8913673058481,52.5270145645516));
#10633=CARTESIAN_POINT('',(-3.05892786159392,33.038602027036,51.7027683803083));
#10634=CARTESIAN_POINT('Origin',(-17.01785581483,28.2543029925383,58.8950137891015));
#10635=CARTESIAN_POINT('',(-17.01785581483,28.2543029925383,58.8950137891015));
#10636=CARTESIAN_POINT('',(32.98214418517,28.2543029925383,58.8950137891015));
#10637=CARTESIAN_POINT('Origin',(32.98214418517,2.10736671771975,18.566218182758));
#10638=CARTESIAN_POINT('',(32.98214418517,34.9636988446198,39.3249621303071));
#10639=CARTESIAN_POINT('Origin',(32.98214418517,37.3145822193907,20.5447653527389));
#10640=CARTESIAN_POINT('',(32.98214418517,9.78475952767823,2.86221291315244));
#10641=CARTESIAN_POINT('Origin',(32.98214418517,10.582218293922,-13.9011285923297));
#10642=CARTESIAN_POINT('',(32.98214418517,46.3478968129417,4.60157939566349));
#10643=CARTESIAN_POINT('',(32.98214418517,9.78475952767823,2.86221291315244));
#10644=CARTESIAN_POINT('',(32.98214418517,48.5909489053213,2.8884800191784));
#10645=CARTESIAN_POINT('Origin',(32.98214418517,46.4520164599104,2.41288541742842));
#10646=CARTESIAN_POINT('',(32.98214418517,49.0926989066943,0.631916648879223));
#10647=CARTESIAN_POINT('',(32.98214418517,48.5909489053213,2.8884800191784));
#10648=CARTESIAN_POINT('',(32.98214418517,52.2963440099495,1.34425149443004));
#10649=CARTESIAN_POINT('Origin',(32.98214418517,50.694521448224,0.988084117070027));
#10650=CARTESIAN_POINT('',(32.98214418517,51.089746325322,6.77078688131562));
#10651=CARTESIAN_POINT('',(32.98214418517,52.2963440099495,1.34425149443004));
#10652=CARTESIAN_POINT('',(32.98214418517,54.6237028009829,7.3972147748511));
#10653=CARTESIAN_POINT('Origin',(32.98214418517,52.8431367509573,7.1606556791741));
#10654=CARTESIAN_POINT('',(32.98214418517,55.4433025286777,1.22813596742253));
#10655=CARTESIAN_POINT('',(32.98214418517,54.6237028009829,7.3972147748511));
#10656=CARTESIAN_POINT('',(32.98214418517,57.3978056670995,1.48780362446441));
#10657=CARTESIAN_POINT('Origin',(32.98214418517,56.4205540978886,1.35796979594347));
#10658=CARTESIAN_POINT('',(32.98214418517,56.6403671434048,7.18899871588007));
#10659=CARTESIAN_POINT('',(32.98214418517,57.3978056670995,1.48780362446441));
#10660=CARTESIAN_POINT('',(32.98214418517,53.6849222453413,20.807696640797));
#10661=CARTESIAN_POINT('',(32.98214418517,56.6403671434048,7.18899871588007));
#10662=CARTESIAN_POINT('',(32.98214418517,56.6649259177116,26.4411379606901));
#10663=CARTESIAN_POINT('Origin',(32.98214418517,58.5172501395024,21.8563783062024));
#10664=CARTESIAN_POINT('',(32.98214418517,57.9184111207596,26.9475682161976));
#10665=CARTESIAN_POINT('',(32.98214418517,56.6649259177116,26.4411379606901));
#10666=CARTESIAN_POINT('',(32.98214418517,57.9003497625835,27.0589490444753));
#10667=CARTESIAN_POINT('',(32.98214418517,57.9184111207596,26.9475682161976));
#10668=CARTESIAN_POINT('',(32.98214418517,56.7531760041043,27.8859873554716));
#10669=CARTESIAN_POINT('Origin',(32.98214418517,56.9132437278458,26.8988813207339));
#10670=CARTESIAN_POINT('',(32.98214418517,41.5566477260669,25.4217397421059));
#10671=CARTESIAN_POINT('',(32.98214418517,57.7402820388421,28.0460550792131));
#10672=CARTESIAN_POINT('',(32.98214418517,41.0353219924698,28.8826961820928));
#10673=CARTESIAN_POINT('Origin',(32.98214418517,41.2765114738033,27.1492846755531));
#10674=CARTESIAN_POINT('',(32.98214418517,55.9925141503495,30.9638614353047));
#10675=CARTESIAN_POINT('',(32.98214418517,41.0353219924698,28.8826961820928));
#10676=CARTESIAN_POINT('',(32.98214418517,56.8433597459477,32.1044949922875));
#10677=CARTESIAN_POINT('Origin',(32.98214418517,55.8547003760572,31.9543195937415));
#10678=CARTESIAN_POINT('',(32.98214418517,56.7229154000449,32.8974240091573));
#10679=CARTESIAN_POINT('',(32.98214418517,56.995422935291,31.1034076076967));
#10680=CARTESIAN_POINT('',(32.98214418517,55.7205459063574,33.7471546224474));
#10681=CARTESIAN_POINT('Origin',(32.98214418517,55.7342560301544,32.7472486106113));
#10682=CARTESIAN_POINT('',(32.98214418517,41.8822290150995,33.5574117511447));
#10683=CARTESIAN_POINT('',(32.98214418517,56.5920279369087,33.7591038720606));
#10684=CARTESIAN_POINT('',(32.98214418517,39.3378144374976,40.2323317922999));
#10685=CARTESIAN_POINT('Origin',(32.98214418517,41.8300908411953,37.3599502479417));
#10686=CARTESIAN_POINT('',(32.98214418517,50.9557480391245,47.3750509682375));
#10687=CARTESIAN_POINT('Origin',(32.98214418517,66.8042604390674,8.57688921499587));
#10688=CARTESIAN_POINT('',(32.98214418517,51.511899069795,48.6572705936789));
#10689=CARTESIAN_POINT('Origin',(32.98214418517,50.5775948199849,48.3007939902806));
#10690=CARTESIAN_POINT('',(32.98214418517,51.3859233949584,48.9874454417656));
#10691=CARTESIAN_POINT('',(32.98214418517,51.8642213667701,47.7338545371499));
#10692=CARTESIAN_POINT('',(32.98214418517,50.0736421556384,49.5567838281959));
#10693=CARTESIAN_POINT('Origin',(32.98214418517,50.4516191451416,48.6309688383597));
#10694=CARTESIAN_POINT('',(32.98214418517,34.9636988446198,39.3249621303071));
#10695=CARTESIAN_POINT('Origin',(32.98214418517,66.8042604390674,8.57688921499587));
#10696=CARTESIAN_POINT('',(32.98214418517,34.9636988446198,39.3249621303071));
#10697=CARTESIAN_POINT('',(32.98214418517,48.7677425768492,14.5212811123885));
#10698=CARTESIAN_POINT('',(32.98214418517,47.8406739711842,18.7932156985232));
#10699=CARTESIAN_POINT('',(32.98214418517,49.0281534146391,13.3213072833113));
#10700=CARTESIAN_POINT('',(32.98214418517,48.3724792130585,12.2831154242157));
#10701=CARTESIAN_POINT('Origin',(32.98214418517,45.8359839130554,13.8850491285437));
#10702=CARTESIAN_POINT('',(32.98214418517,47.8968073705568,11.5299385670288));
#10703=CARTESIAN_POINT('',(32.98214418517,47.0628618327442,10.209472600549));
#10704=CARTESIAN_POINT('',(32.98214418517,45.5028656204024,10.1352611044837));
#10705=CARTESIAN_POINT('Origin',(32.98214418517,45.3603120705537,13.1318722713568));
#10706=CARTESIAN_POINT('',(32.98214418517,20.8370642166519,8.96186977869993));
#10707=CARTESIAN_POINT('',(32.98214418517,13.2832068457414,8.60252079302734));
#10708=CARTESIAN_POINT('',(32.98214418517,18.536491265788,14.0424560569493));
#10709=CARTESIAN_POINT('Origin',(32.98214418517,20.6945106668039,11.9584809455723));
#10710=CARTESIAN_POINT('',(32.98214418517,30.7464046999014,26.6861915467325));
#10711=CARTESIAN_POINT('',(32.98214418517,34.9070248925451,30.9946398803841));
#10712=CARTESIAN_POINT('',(32.98214418517,35.8657422048603,25.0824196082491));
#10713=CARTESIAN_POINT('Origin',(32.98214418517,32.9044241009174,24.6022164353555));
#10714=CARTESIAN_POINT('',(32.98214418517,36.2312824164405,22.8282053352599));
#10715=CARTESIAN_POINT('',(32.98214418517,36.7114855893342,19.866887231317));
#10716=CARTESIAN_POINT('',(32.98214418517,39.6728036932778,20.3470904042099));
#10717=CARTESIAN_POINT('Origin',(32.98214418517,39.1926005203849,23.3084085081535));
#10718=CARTESIAN_POINT('',(32.98214418517,44.4287121344961,21.118301818622));
#10719=CARTESIAN_POINT('',(32.98214418517,47.2372635404218,21.5737325589273));
#10720=CARTESIAN_POINT('Origin',(32.98214418517,44.9089153073891,18.1569837146784));
#10721=CARTESIAN_POINT('Origin',(17.98214418517,10.582218293922,-13.9011285923297));
#10722=CARTESIAN_POINT('',(17.98214418517,9.78475952767822,2.86221291315243));
#10723=CARTESIAN_POINT('Origin',(17.98214418517,10.582218293922,-13.9011285923297));
#10724=CARTESIAN_POINT('',(17.98214418517,9.78475952767822,2.86221291315243));
#10725=CARTESIAN_POINT('Origin',(17.98214418517,37.3145822193907,20.5447653527389));
#10726=CARTESIAN_POINT('',(17.98214418517,-2.11540086697388,0.928426052219109));
#10727=CARTESIAN_POINT('',(17.98214418517,34.9636988446198,39.3249621303071));
#10728=CARTESIAN_POINT('',(17.98214418517,-2.11540086697388,0.928426052219109));
#10729=CARTESIAN_POINT('',(17.98214418517,50.0736421556384,49.5567838281959));
#10730=CARTESIAN_POINT('Origin',(17.98214418517,66.8042604390674,8.57688921499587));
#10731=CARTESIAN_POINT('',(17.98214418517,51.3859233949584,48.9874454417656));
#10732=CARTESIAN_POINT('Origin',(17.98214418517,50.4516191451416,48.6309688383597));
#10733=CARTESIAN_POINT('',(17.98214418517,51.5118990697951,48.657270593679));
#10734=CARTESIAN_POINT('',(17.98214418517,51.8642213667701,47.7338545371499));
#10735=CARTESIAN_POINT('',(17.98214418517,50.9557480391245,47.3750509682375));
#10736=CARTESIAN_POINT('Origin',(17.98214418517,50.5775948199849,48.3007939902806));
#10737=CARTESIAN_POINT('',(17.98214418517,39.3378144374976,40.2323317923));
#10738=CARTESIAN_POINT('Origin',(17.98214418517,66.8042604390674,8.57688921499587));
#10739=CARTESIAN_POINT('',(17.98214418517,41.8822290150996,33.5574117511447));
#10740=CARTESIAN_POINT('Origin',(17.98214418517,41.8300908411953,37.3599502479417));
#10741=CARTESIAN_POINT('',(17.98214418517,55.7205459063574,33.7471546224474));
#10742=CARTESIAN_POINT('',(17.98214418517,56.5920279369087,33.7591038720606));
#10743=CARTESIAN_POINT('',(17.98214418517,56.7229154000449,32.8974240091573));
#10744=CARTESIAN_POINT('Origin',(17.98214418517,55.7342560301544,32.7472486106113));
#10745=CARTESIAN_POINT('',(17.98214418517,56.8433597459477,32.1044949922875));
#10746=CARTESIAN_POINT('',(17.98214418517,56.995422935291,31.1034076076967));
#10747=CARTESIAN_POINT('',(17.98214418517,55.9925141503496,30.9638614353047));
#10748=CARTESIAN_POINT('Origin',(17.98214418517,55.8547003760572,31.9543195937415));
#10749=CARTESIAN_POINT('',(17.98214418517,41.0353219924698,28.8826961820928));
#10750=CARTESIAN_POINT('',(17.98214418517,41.0353219924698,28.8826961820928));
#10751=CARTESIAN_POINT('',(17.98214418517,41.5566477260669,25.4217397421059));
#10752=CARTESIAN_POINT('Origin',(17.98214418517,41.2765114738034,27.1492846755531));
#10753=CARTESIAN_POINT('',(17.98214418517,56.7531760041043,27.8859873554716));
#10754=CARTESIAN_POINT('',(17.98214418517,57.7402820388421,28.0460550792131));
#10755=CARTESIAN_POINT('',(17.98214418517,57.9003497625835,27.0589490444753));
#10756=CARTESIAN_POINT('Origin',(17.98214418517,56.9132437278458,26.8988813207339));
#10757=CARTESIAN_POINT('',(17.98214418517,57.9184111207596,26.9475682161976));
#10758=CARTESIAN_POINT('',(17.98214418517,57.9184111207596,26.9475682161976));
#10759=CARTESIAN_POINT('',(17.98214418517,56.6649259177116,26.4411379606901));
#10760=CARTESIAN_POINT('',(17.98214418517,56.6649259177116,26.4411379606901));
#10761=CARTESIAN_POINT('',(17.98214418517,53.6849222453413,20.807696640797));
#10762=CARTESIAN_POINT('Origin',(17.98214418517,58.5172501395024,21.8563783062024));
#10763=CARTESIAN_POINT('',(17.98214418517,56.6403671434048,7.18899871588007));
#10764=CARTESIAN_POINT('',(17.98214418517,56.6403671434048,7.18899871588007));
#10765=CARTESIAN_POINT('',(17.98214418517,57.3978056670995,1.4878036244644));
#10766=CARTESIAN_POINT('',(17.98214418517,57.3978056670995,1.4878036244644));
#10767=CARTESIAN_POINT('',(17.98214418517,55.4433025286777,1.22813596742252));
#10768=CARTESIAN_POINT('Origin',(17.98214418517,56.4205540978886,1.35796979594346));
#10769=CARTESIAN_POINT('',(17.98214418517,54.6237028009829,7.39721477485109));
#10770=CARTESIAN_POINT('',(17.98214418517,54.6237028009829,7.39721477485109));
#10771=CARTESIAN_POINT('',(17.98214418517,51.089746325322,6.77078688131561));
#10772=CARTESIAN_POINT('Origin',(17.98214418517,52.8431367509573,7.1606556791741));
#10773=CARTESIAN_POINT('',(17.98214418517,52.2963440099495,1.34425149443003));
#10774=CARTESIAN_POINT('',(17.98214418517,52.2963440099495,1.34425149443003));
#10775=CARTESIAN_POINT('',(17.98214418517,49.0926989066943,0.631916648879223));
#10776=CARTESIAN_POINT('Origin',(17.98214418517,50.694521448224,0.988084117070009));
#10777=CARTESIAN_POINT('',(17.98214418517,48.5909489053213,2.8884800191784));
#10778=CARTESIAN_POINT('',(17.98214418517,48.5909489053213,2.8884800191784));
#10779=CARTESIAN_POINT('',(17.98214418517,46.3478968129417,4.60157939566349));
#10780=CARTESIAN_POINT('Origin',(17.98214418517,46.4520164599104,2.41288541742841));
#10781=CARTESIAN_POINT('',(17.98214418517,9.78475952767822,2.86221291315243));
#10782=CARTESIAN_POINT('',(17.98214418517,48.7677425768492,14.5212811123885));
#10783=CARTESIAN_POINT('',(17.98214418517,47.8406739711843,18.7932156985232));
#10784=CARTESIAN_POINT('',(17.98214418517,48.016191648911,17.9844297754789));
#10785=CARTESIAN_POINT('',(17.98214418517,44.4287121344961,21.118301818622));
#10786=CARTESIAN_POINT('Origin',(17.98214418517,44.9089153073891,18.1569837146784));
#10787=CARTESIAN_POINT('',(17.98214418517,39.6728036932778,20.3470904042099));
#10788=CARTESIAN_POINT('',(17.98214418517,42.3217503717608,20.7766398667084));
#10789=CARTESIAN_POINT('',(17.98214418517,36.2312824164405,22.8282053352599));
#10790=CARTESIAN_POINT('Origin',(17.98214418517,39.1926005203849,23.3084085081535));
#10791=CARTESIAN_POINT('',(17.98214418517,35.8657422048603,25.0824196082491));
#10792=CARTESIAN_POINT('',(17.98214418517,36.6656580974803,20.1494963204425));
#10793=CARTESIAN_POINT('',(17.98214418517,30.7464046999014,26.6861915467324));
#10794=CARTESIAN_POINT('Origin',(17.98214418517,32.9044241009174,24.6022164353555));
#10795=CARTESIAN_POINT('',(17.98214418517,18.536491265788,14.0424560569493));
#10796=CARTESIAN_POINT('',(17.98214418517,32.8770314029022,28.8925200850614));
#10797=CARTESIAN_POINT('',(17.98214418517,20.8370642166519,8.96186977869993));
#10798=CARTESIAN_POINT('Origin',(17.98214418517,20.6945106668039,11.9584809455723));
#10799=CARTESIAN_POINT('',(17.98214418517,45.5028656204024,10.1352611044837));
#10800=CARTESIAN_POINT('',(17.98214418517,25.5551781403055,9.18631794729822));
#10801=CARTESIAN_POINT('',(17.98214418517,47.8968073705568,11.5299385670288));
#10802=CARTESIAN_POINT('Origin',(17.98214418517,45.3603120705537,13.1318722713568));
#10803=CARTESIAN_POINT('',(17.98214418517,48.3724792130585,12.2831154242157));
#10804=CARTESIAN_POINT('',(17.98214418517,48.0061626142738,11.7030912143378));
#10805=CARTESIAN_POINT('Origin',(17.98214418517,45.8359839130554,13.8850491285437));
#10806=CARTESIAN_POINT('Origin',(17.98214418517,18.1855150365961,21.9506398680789));
#10807=CARTESIAN_POINT('',(-2.01785581483,11.3592142068481,14.8818027464907));
#10808=CARTESIAN_POINT('',(-2.01785581482999,34.9636988446198,39.3249621303071));
#10809=CARTESIAN_POINT('',(-2.01785581483,0.692159757230786,3.83574450505741));
#10810=CARTESIAN_POINT('',(-2.01785581482999,34.9636988446198,39.3249621303071));
#10811=CARTESIAN_POINT('',(-2.01785581482999,34.9636988446198,39.3249621303071));
#10812=CARTESIAN_POINT('Origin',(-17.01785581483,2.10736671771978,18.566218182758));
#10813=CARTESIAN_POINT('',(-17.01785581483,-2.11540086697385,0.928426052219118));
#10814=CARTESIAN_POINT('Origin',(32.98214418517,34.9070248925451,30.9946398803841));
#10815=CARTESIAN_POINT('',(32.98214418517,18.536491265788,14.0424560569493));
#10816=CARTESIAN_POINT('',(32.98214418517,30.7464046999014,26.6861915467325));
#10817=CARTESIAN_POINT('Origin',(32.98214418517,32.9044241009174,24.6022164353555));
#10818=CARTESIAN_POINT('',(32.98214418517,35.8657422048603,25.0824196082491));
#10819=CARTESIAN_POINT('Origin',(32.98214418517,20.6945106668039,11.9584809455723));
#10820=CARTESIAN_POINT('',(32.98214418517,20.8370642166519,8.96186977869993));
#10821=CARTESIAN_POINT('Origin',(32.98214418517,36.7114855893342,19.866887231317));
#10822=CARTESIAN_POINT('',(32.98214418517,36.2312824164405,22.8282053352599));
#10823=CARTESIAN_POINT('Origin',(32.98214418517,13.2832068457414,8.60252079302734));
#10824=CARTESIAN_POINT('',(32.98214418517,45.5028656204024,10.1352611044837));
#10825=CARTESIAN_POINT('Origin',(32.98214418517,39.1926005203849,23.3084085081535));
#10826=CARTESIAN_POINT('',(32.98214418517,39.6728036932778,20.3470904042099));
#10827=CARTESIAN_POINT('Origin',(32.98214418517,45.3603120705537,13.1318722713568));
#10828=CARTESIAN_POINT('',(32.98214418517,47.8968073705568,11.5299385670288));
#10829=CARTESIAN_POINT('Origin',(32.98214418517,47.2372635404218,21.5737325589273));
#10830=CARTESIAN_POINT('',(32.98214418517,44.4287121344961,21.118301818622));
#10831=CARTESIAN_POINT('Origin',(32.98214418517,47.0628618327442,10.209472600549));
#10832=CARTESIAN_POINT('',(32.98214418517,48.3724792130585,12.2831154242157));
#10833=CARTESIAN_POINT('Origin',(32.98214418517,44.9089153073891,18.1569837146784));
#10834=CARTESIAN_POINT('',(32.98214418517,47.8406739711842,18.7932156985232));
#10835=CARTESIAN_POINT('Origin',(32.98214418517,45.8359839130554,13.8850491285437));
#10836=CARTESIAN_POINT('',(32.98214418517,48.7677425768492,14.5212811123885));
#10837=CARTESIAN_POINT('Origin',(32.98214418517,49.0281534146391,13.3213072833113));
#10838=CARTESIAN_POINT('Origin',(17.98214418517,51.8642213667701,47.7338545371499));
#10839=CARTESIAN_POINT('',(17.98214418517,51.3859233949584,48.9874454417656));
#10840=CARTESIAN_POINT('',(17.98214418517,51.5118990697951,48.657270593679));
#10841=CARTESIAN_POINT('Origin',(17.98214418517,50.4516191451416,48.6309688383597));
#10842=CARTESIAN_POINT('',(17.98214418517,50.0736421556384,49.5567838281959));
#10843=CARTESIAN_POINT('Origin',(17.98214418517,66.8042604390674,8.57688921499587));
#10844=CARTESIAN_POINT('',(17.98214418517,34.9636988446198,39.3249621303071));
#10845=CARTESIAN_POINT('Origin',(17.98214418517,34.9636988446198,39.3249621303071));
#10846=CARTESIAN_POINT('Origin',(17.98214418517,9.78475952767822,2.86221291315243));
#10847=CARTESIAN_POINT('',(17.98214418517,46.3478968129417,4.60157939566349));
#10848=CARTESIAN_POINT('Origin',(17.98214418517,46.4520164599104,2.41288541742841));
#10849=CARTESIAN_POINT('',(17.98214418517,48.5909489053213,2.8884800191784));
#10850=CARTESIAN_POINT('Origin',(17.98214418517,48.5909489053213,2.8884800191784));
#10851=CARTESIAN_POINT('',(17.98214418517,49.0926989066943,0.631916648879223));
#10852=CARTESIAN_POINT('Origin',(17.98214418517,50.694521448224,0.988084117070009));
#10853=CARTESIAN_POINT('',(17.98214418517,52.2963440099495,1.34425149443003));
#10854=CARTESIAN_POINT('Origin',(17.98214418517,52.2963440099495,1.34425149443003));
#10855=CARTESIAN_POINT('',(17.98214418517,51.089746325322,6.77078688131561));
#10856=CARTESIAN_POINT('Origin',(17.98214418517,52.8431367509573,7.1606556791741));
#10857=CARTESIAN_POINT('',(17.98214418517,54.6237028009829,7.39721477485109));
#10858=CARTESIAN_POINT('Origin',(17.98214418517,54.6237028009829,7.39721477485109));
#10859=CARTESIAN_POINT('',(17.98214418517,55.4433025286777,1.22813596742252));
#10860=CARTESIAN_POINT('Origin',(17.98214418517,56.4205540978886,1.35796979594346));
#10861=CARTESIAN_POINT('',(17.98214418517,57.3978056670995,1.4878036244644));
#10862=CARTESIAN_POINT('Origin',(17.98214418517,57.3978056670995,1.4878036244644));
#10863=CARTESIAN_POINT('',(17.98214418517,56.6403671434048,7.18899871588007));
#10864=CARTESIAN_POINT('Origin',(17.98214418517,56.6403671434048,7.18899871588007));
#10865=CARTESIAN_POINT('',(17.98214418517,53.6849222453413,20.807696640797));
#10866=CARTESIAN_POINT('Origin',(17.98214418517,58.5172501395024,21.8563783062024));
#10867=CARTESIAN_POINT('',(17.98214418517,56.6649259177116,26.4411379606901));
#10868=CARTESIAN_POINT('Origin',(17.98214418517,56.6649259177116,26.4411379606901));
#10869=CARTESIAN_POINT('',(17.98214418517,57.9184111207596,26.9475682161976));
#10870=CARTESIAN_POINT('Origin',(17.98214418517,57.9184111207596,26.9475682161976));
#10871=CARTESIAN_POINT('',(17.98214418517,57.9003497625835,27.0589490444753));
#10872=CARTESIAN_POINT('Origin',(17.98214418517,56.9132437278458,26.8988813207339));
#10873=CARTESIAN_POINT('',(17.98214418517,56.7531760041043,27.8859873554716));
#10874=CARTESIAN_POINT('Origin',(17.98214418517,57.7402820388421,28.0460550792131));
#10875=CARTESIAN_POINT('',(17.98214418517,41.5566477260669,25.4217397421059));
#10876=CARTESIAN_POINT('Origin',(17.98214418517,41.2765114738034,27.1492846755531));
#10877=CARTESIAN_POINT('',(17.98214418517,41.0353219924698,28.8826961820928));
#10878=CARTESIAN_POINT('Origin',(17.98214418517,41.0353219924698,28.8826961820928));
#10879=CARTESIAN_POINT('',(17.98214418517,55.9925141503496,30.9638614353047));
#10880=CARTESIAN_POINT('Origin',(17.98214418517,55.8547003760572,31.9543195937415));
#10881=CARTESIAN_POINT('',(17.98214418517,56.8433597459477,32.1044949922875));
#10882=CARTESIAN_POINT('Origin',(17.98214418517,56.995422935291,31.1034076076967));
#10883=CARTESIAN_POINT('',(17.98214418517,56.7229154000449,32.8974240091573));
#10884=CARTESIAN_POINT('Origin',(17.98214418517,55.7342560301544,32.7472486106113));
#10885=CARTESIAN_POINT('',(17.98214418517,55.7205459063574,33.7471546224474));
#10886=CARTESIAN_POINT('Origin',(17.98214418517,56.5920279369087,33.7591038720606));
#10887=CARTESIAN_POINT('',(17.98214418517,41.8822290150996,33.5574117511447));
#10888=CARTESIAN_POINT('Origin',(17.98214418517,41.8300908411953,37.3599502479417));
#10889=CARTESIAN_POINT('',(17.98214418517,39.3378144374976,40.2323317923));
#10890=CARTESIAN_POINT('Origin',(17.98214418517,66.8042604390674,8.57688921499587));
#10891=CARTESIAN_POINT('',(17.98214418517,50.9557480391245,47.3750509682375));
#10892=CARTESIAN_POINT('Origin',(17.98214418517,50.5775948199849,48.3007939902806));
#10893=CARTESIAN_POINT('Origin',(-17.01785581483,34.9636988446198,39.3249621303071));
#10894=CARTESIAN_POINT('',(-2.01785581482999,34.9636988446198,39.3249621303071));
#10895=CARTESIAN_POINT('',(-2.01785581482999,34.9636988446198,39.3249621303071));
#10896=CARTESIAN_POINT('',(-17.01785581483,34.9636988446198,39.3249621303071));
#10897=CARTESIAN_POINT('',(-17.01785581483,34.9636988446198,39.3249621303071));
#10898=CARTESIAN_POINT('',(-17.01785581483,34.9636988446198,39.3249621303071));
#10899=CARTESIAN_POINT('Origin',(-2.01785581482999,37.3145822193907,20.5447653527389));
#10900=CARTESIAN_POINT('',(-2.01785581483,9.78475952767824,2.86221291315244));
#10901=CARTESIAN_POINT('Origin',(-2.01785581483,10.582218293922,-13.9011285923297));
#10902=CARTESIAN_POINT('',(-2.01785581482998,46.3478968129417,4.60157939566347));
#10903=CARTESIAN_POINT('',(-2.01785581483,9.78475952767824,2.86221291315244));
#10904=CARTESIAN_POINT('',(-2.01785581482998,48.5909489053213,2.88848001917838));
#10905=CARTESIAN_POINT('Origin',(-2.01785581482998,46.4520164599104,2.41288541742841));
#10906=CARTESIAN_POINT('',(-2.01785581482998,49.0926989066943,0.631916648879232));
#10907=CARTESIAN_POINT('',(-2.01785581482998,48.5909489053213,2.88848001917838));
#10908=CARTESIAN_POINT('',(-2.01785581482998,52.2963440099495,1.34425149443002));
#10909=CARTESIAN_POINT('Origin',(-2.01785581482998,50.694521448224,0.988084117070027));
#10910=CARTESIAN_POINT('',(-2.01785581482998,51.089746325322,6.77078688131561));
#10911=CARTESIAN_POINT('',(-2.01785581482998,52.2963440099495,1.34425149443002));
#10912=CARTESIAN_POINT('',(-2.01785581482998,54.623702800983,7.3972147748511));
#10913=CARTESIAN_POINT('Origin',(-2.01785581482998,52.8431367509573,7.16065567917411));
#10914=CARTESIAN_POINT('',(-2.01785581482998,55.4433025286777,1.22813596742253));
#10915=CARTESIAN_POINT('',(-2.01785581482998,54.623702800983,7.3972147748511));
#10916=CARTESIAN_POINT('',(-2.01785581482998,57.3978056670995,1.48780362446439));
#10917=CARTESIAN_POINT('Origin',(-2.01785581482998,56.4205540978886,1.35796979594346));
#10918=CARTESIAN_POINT('',(-2.01785581482998,56.6403671434048,7.18899871588007));
#10919=CARTESIAN_POINT('',(-2.01785581482998,57.3978056670995,1.48780362446439));
#10920=CARTESIAN_POINT('',(-2.01785581482998,53.6849222453413,20.807696640797));
#10921=CARTESIAN_POINT('',(-2.01785581482998,56.6403671434048,7.18899871588007));
#10922=CARTESIAN_POINT('',(-2.01785581482998,56.6649259177116,26.4411379606901));
#10923=CARTESIAN_POINT('Origin',(-2.01785581482998,58.5172501395024,21.8563783062024));
#10924=CARTESIAN_POINT('',(-2.01785581482998,57.9184111207596,26.9475682161976));
#10925=CARTESIAN_POINT('',(-2.01785581482998,56.6649259177116,26.4411379606901));
#10926=CARTESIAN_POINT('',(-2.01785581482998,57.9003497625835,27.0589490444753));
#10927=CARTESIAN_POINT('',(-2.01785581482998,57.9184111207596,26.9475682161976));
#10928=CARTESIAN_POINT('',(-2.01785581482998,56.7531760041043,27.8859873554716));
#10929=CARTESIAN_POINT('Origin',(-2.01785581482998,56.9132437278458,26.8988813207339));
#10930=CARTESIAN_POINT('',(-2.01785581482999,41.5566477260669,25.4217397421059));
#10931=CARTESIAN_POINT('',(-2.01785581482998,57.7402820388421,28.0460550792131));
#10932=CARTESIAN_POINT('',(-2.01785581482999,41.0353219924698,28.8826961820928));
#10933=CARTESIAN_POINT('Origin',(-2.01785581482999,41.2765114738034,27.1492846755531));
#10934=CARTESIAN_POINT('',(-2.01785581482998,55.9925141503496,30.9638614353047));
#10935=CARTESIAN_POINT('',(-2.01785581482999,41.0353219924698,28.8826961820928));
#10936=CARTESIAN_POINT('',(-2.01785581482998,56.8433597459477,32.1044949922875));
#10937=CARTESIAN_POINT('Origin',(-2.01785581482998,55.8547003760572,31.9543195937415));
#10938=CARTESIAN_POINT('',(-2.01785581482998,56.7229154000449,32.8974240091573));
#10939=CARTESIAN_POINT('',(-2.01785581482998,56.995422935291,31.1034076076968));
#10940=CARTESIAN_POINT('',(-2.01785581482998,55.7205459063574,33.7471546224474));
#10941=CARTESIAN_POINT('Origin',(-2.01785581482998,55.7342560301544,32.7472486106113));
#10942=CARTESIAN_POINT('',(-2.01785581482999,41.8822290150996,33.5574117511447));
#10943=CARTESIAN_POINT('',(-2.01785581482998,56.5920279369087,33.7591038720606));
#10944=CARTESIAN_POINT('',(-2.01785581482999,39.3378144374976,40.2323317923));
#10945=CARTESIAN_POINT('Origin',(-2.01785581482999,41.8300908411953,37.3599502479417));
#10946=CARTESIAN_POINT('',(-2.01785581482998,50.9557480391245,47.3750509682375));
#10947=CARTESIAN_POINT('Origin',(-2.01785581482998,66.8042604390674,8.57688921499587));
#10948=CARTESIAN_POINT('',(-2.01785581482998,51.5118990697951,48.6572705936789));
#10949=CARTESIAN_POINT('Origin',(-2.01785581482998,50.5775948199849,48.3007939902806));
#10950=CARTESIAN_POINT('',(-2.01785581482998,51.3859233949584,48.9874454417656));
#10951=CARTESIAN_POINT('',(-2.01785581482998,51.8642213667701,47.7338545371499));
#10952=CARTESIAN_POINT('',(-2.01785581482998,50.0736421556384,49.5567838281959));
#10953=CARTESIAN_POINT('Origin',(-2.01785581482998,50.4516191451416,48.6309688383597));
#10954=CARTESIAN_POINT('Origin',(-2.01785581482998,66.8042604390674,8.57688921499587));
#10955=CARTESIAN_POINT('',(-2.01785581482998,48.7677425768492,14.5212811123885));
#10956=CARTESIAN_POINT('',(-2.01785581482998,47.8406739711843,18.7932156985232));
#10957=CARTESIAN_POINT('',(-2.01785581482998,49.0281534146391,13.3213072833113));
#10958=CARTESIAN_POINT('',(-2.01785581482998,48.3724792130585,12.2831154242157));
#10959=CARTESIAN_POINT('Origin',(-2.01785581482998,45.8359839130554,13.8850491285437));
#10960=CARTESIAN_POINT('',(-2.01785581482998,47.8968073705568,11.5299385670288));
#10961=CARTESIAN_POINT('',(-2.01785581482998,47.0628618327442,10.209472600549));
#10962=CARTESIAN_POINT('',(-2.01785581482999,45.5028656204024,10.1352611044837));
#10963=CARTESIAN_POINT('Origin',(-2.01785581482998,45.3603120705537,13.1318722713568));
#10964=CARTESIAN_POINT('',(-2.01785581482999,20.8370642166519,8.96186977869991));
#10965=CARTESIAN_POINT('',(-2.01785581483,13.2832068457414,8.60252079302735));
#10966=CARTESIAN_POINT('',(-2.01785581482999,18.536491265788,14.0424560569493));
#10967=CARTESIAN_POINT('Origin',(-2.01785581482999,20.6945106668039,11.9584809455723));
#10968=CARTESIAN_POINT('',(-2.01785581482999,30.7464046999014,26.6861915467325));
#10969=CARTESIAN_POINT('',(-2.01785581482999,34.9070248925451,30.9946398803841));
#10970=CARTESIAN_POINT('',(-2.01785581482999,35.8657422048603,25.0824196082491));
#10971=CARTESIAN_POINT('Origin',(-2.01785581482999,32.9044241009174,24.6022164353555));
#10972=CARTESIAN_POINT('',(-2.01785581482999,36.2312824164406,22.8282053352599));
#10973=CARTESIAN_POINT('',(-2.01785581482999,36.7114855893342,19.866887231317));
#10974=CARTESIAN_POINT('',(-2.01785581482999,39.6728036932778,20.3470904042099));
#10975=CARTESIAN_POINT('Origin',(-2.01785581482999,39.1926005203849,23.3084085081535));
#10976=CARTESIAN_POINT('',(-2.01785581482999,44.4287121344961,21.118301818622));
#10977=CARTESIAN_POINT('',(-2.01785581482999,47.2372635404219,21.5737325589273));
#10978=CARTESIAN_POINT('Origin',(-2.01785581482999,44.9089153073891,18.1569837146784));
#10979=CARTESIAN_POINT('Origin',(-17.01785581483,37.3145822193907,20.5447653527389));
#10980=CARTESIAN_POINT('',(-17.01785581483,50.0736421556384,49.5567838281959));
#10981=CARTESIAN_POINT('Origin',(-17.01785581483,66.8042604390674,8.57688921499587));
#10982=CARTESIAN_POINT('',(-17.01785581483,51.3859233949584,48.9874454417656));
#10983=CARTESIAN_POINT('Origin',(-17.01785581483,50.4516191451417,48.6309688383597));
#10984=CARTESIAN_POINT('',(-17.01785581483,51.5118990697951,48.6572705936789));
#10985=CARTESIAN_POINT('',(-17.01785581483,51.8642213667701,47.7338545371499));
#10986=CARTESIAN_POINT('',(-17.01785581483,50.9557480391245,47.3750509682375));
#10987=CARTESIAN_POINT('Origin',(-17.01785581483,50.5775948199849,48.3007939902806));
#10988=CARTESIAN_POINT('',(-17.01785581483,39.3378144374976,40.2323317922999));
#10989=CARTESIAN_POINT('Origin',(-17.01785581483,66.8042604390674,8.57688921499587));
#10990=CARTESIAN_POINT('',(-17.01785581483,41.8822290150996,33.5574117511447));
#10991=CARTESIAN_POINT('Origin',(-17.01785581483,41.8300908411953,37.3599502479417));
#10992=CARTESIAN_POINT('',(-17.01785581483,55.7205459063574,33.7471546224474));
#10993=CARTESIAN_POINT('',(-17.01785581483,56.5920279369087,33.7591038720606));
#10994=CARTESIAN_POINT('',(-17.01785581483,56.7229154000449,32.8974240091573));
#10995=CARTESIAN_POINT('Origin',(-17.01785581483,55.7342560301544,32.7472486106113));
#10996=CARTESIAN_POINT('',(-17.01785581483,56.8433597459477,32.1044949922875));
#10997=CARTESIAN_POINT('',(-17.01785581483,56.995422935291,31.1034076076967));
#10998=CARTESIAN_POINT('',(-17.01785581483,55.9925141503496,30.9638614353047));
#10999=CARTESIAN_POINT('Origin',(-17.01785581483,55.8547003760572,31.9543195937415));
#11000=CARTESIAN_POINT('',(-17.01785581483,41.0353219924698,28.8826961820928));
#11001=CARTESIAN_POINT('',(-17.01785581483,41.0353219924698,28.8826961820928));
#11002=CARTESIAN_POINT('',(-17.01785581483,41.556647726067,25.4217397421059));
#11003=CARTESIAN_POINT('Origin',(-17.01785581483,41.2765114738034,27.1492846755531));
#11004=CARTESIAN_POINT('',(-17.01785581483,56.7531760041043,27.8859873554716));
#11005=CARTESIAN_POINT('',(-17.01785581483,57.7402820388421,28.0460550792131));
#11006=CARTESIAN_POINT('',(-17.01785581483,57.9003497625835,27.0589490444753));
#11007=CARTESIAN_POINT('Origin',(-17.01785581483,56.9132437278458,26.8988813207339));
#11008=CARTESIAN_POINT('',(-17.01785581483,57.9184111207596,26.9475682161976));
#11009=CARTESIAN_POINT('',(-17.01785581483,57.9184111207596,26.9475682161976));
#11010=CARTESIAN_POINT('',(-17.01785581483,56.6649259177116,26.4411379606901));
#11011=CARTESIAN_POINT('',(-17.01785581483,56.6649259177116,26.4411379606901));
#11012=CARTESIAN_POINT('',(-17.01785581483,53.6849222453413,20.807696640797));
#11013=CARTESIAN_POINT('Origin',(-17.01785581483,58.5172501395024,21.8563783062024));
#11014=CARTESIAN_POINT('',(-17.01785581483,56.6403671434048,7.18899871588007));
#11015=CARTESIAN_POINT('',(-17.01785581483,56.6403671434048,7.18899871588007));
#11016=CARTESIAN_POINT('',(-17.01785581483,57.3978056670995,1.48780362446439));
#11017=CARTESIAN_POINT('',(-17.01785581483,57.3978056670995,1.48780362446439));
#11018=CARTESIAN_POINT('',(-17.01785581483,55.4433025286777,1.22813596742252));
#11019=CARTESIAN_POINT('Origin',(-17.01785581483,56.4205540978886,1.35796979594346));
#11020=CARTESIAN_POINT('',(-17.01785581483,54.623702800983,7.3972147748511));
#11021=CARTESIAN_POINT('',(-17.01785581483,54.623702800983,7.3972147748511));
#11022=CARTESIAN_POINT('',(-17.01785581483,51.089746325322,6.77078688131563));
#11023=CARTESIAN_POINT('Origin',(-17.01785581483,52.8431367509573,7.1606556791741));
#11024=CARTESIAN_POINT('',(-17.01785581483,52.2963440099495,1.34425149443006));
#11025=CARTESIAN_POINT('',(-17.01785581483,52.2963440099495,1.34425149443006));
#11026=CARTESIAN_POINT('',(-17.01785581483,49.0926989066943,0.631916648879223));
#11027=CARTESIAN_POINT('Origin',(-17.01785581483,50.694521448224,0.988084117070027));
#11028=CARTESIAN_POINT('',(-17.01785581483,48.5909489053214,2.88848001917838));
#11029=CARTESIAN_POINT('',(-17.01785581483,48.5909489053214,2.88848001917838));
#11030=CARTESIAN_POINT('',(-17.01785581483,46.3478968129417,4.60157939566347));
#11031=CARTESIAN_POINT('Origin',(-17.01785581483,46.4520164599104,2.41288541742841));
#11032=CARTESIAN_POINT('',(-17.01785581483,9.78475952767825,2.86221291315243));
#11033=CARTESIAN_POINT('',(-17.01785581483,9.78475952767825,2.86221291315243));
#11034=CARTESIAN_POINT('Origin',(-17.01785581483,10.582218293922,-13.9011285923297));
#11035=CARTESIAN_POINT('',(-17.01785581483,48.7677425768492,14.5212811123885));
#11036=CARTESIAN_POINT('',(-17.01785581483,47.8406739711843,18.7932156985232));
#11037=CARTESIAN_POINT('',(-17.01785581483,48.016191648911,17.9844297754789));
#11038=CARTESIAN_POINT('',(-17.01785581483,44.4287121344961,21.118301818622));
#11039=CARTESIAN_POINT('Origin',(-17.01785581483,44.9089153073891,18.1569837146784));
#11040=CARTESIAN_POINT('',(-17.01785581483,39.6728036932778,20.3470904042099));
#11041=CARTESIAN_POINT('',(-17.01785581483,42.3217503717609,20.7766398667083));
#11042=CARTESIAN_POINT('',(-17.01785581483,36.2312824164406,22.8282053352599));
#11043=CARTESIAN_POINT('Origin',(-17.01785581483,39.1926005203849,23.3084085081536));
#11044=CARTESIAN_POINT('',(-17.01785581483,35.8657422048603,25.0824196082491));
#11045=CARTESIAN_POINT('',(-17.01785581483,36.6656580974803,20.1494963204425));
#11046=CARTESIAN_POINT('',(-17.01785581483,30.7464046999014,26.6861915467324));
#11047=CARTESIAN_POINT('Origin',(-17.01785581483,32.9044241009174,24.6022164353555));
#11048=CARTESIAN_POINT('',(-17.01785581483,18.536491265788,14.0424560569493));
#11049=CARTESIAN_POINT('',(-17.01785581483,32.8770314029022,28.8925200850614));
#11050=CARTESIAN_POINT('',(-17.01785581483,20.8370642166519,8.9618697786999));
#11051=CARTESIAN_POINT('Origin',(-17.01785581483,20.6945106668039,11.9584809455723));
#11052=CARTESIAN_POINT('',(-17.01785581483,45.5028656204024,10.1352611044837));
#11053=CARTESIAN_POINT('',(-17.01785581483,25.5551781403055,9.18631794729821));
#11054=CARTESIAN_POINT('',(-17.01785581483,47.8968073705568,11.5299385670288));
#11055=CARTESIAN_POINT('Origin',(-17.01785581483,45.3603120705537,13.1318722713568));
#11056=CARTESIAN_POINT('',(-17.01785581483,48.3724792130585,12.2831154242157));
#11057=CARTESIAN_POINT('',(-17.01785581483,48.0061626142738,11.7030912143378));
#11058=CARTESIAN_POINT('Origin',(-17.01785581483,45.8359839130554,13.8850491285437));
#11059=CARTESIAN_POINT('Origin',(-17.01785581483,50.5775948199849,48.3007939902806));
#11060=CARTESIAN_POINT('',(-17.01785581483,51.5118990697951,48.6572705936789));
#11061=CARTESIAN_POINT('',(-17.01785581483,50.9557480391245,47.3750509682375));
#11062=CARTESIAN_POINT('Origin',(-17.01785581483,66.8042604390674,8.57688921499587));
#11063=CARTESIAN_POINT('',(-17.01785581483,39.3378144374976,40.2323317922999));
#11064=CARTESIAN_POINT('Origin',(-17.01785581483,41.8300908411953,37.3599502479417));
#11065=CARTESIAN_POINT('',(-17.01785581483,41.8822290150996,33.5574117511447));
#11066=CARTESIAN_POINT('Origin',(-17.01785581483,56.5920279369087,33.7591038720606));
#11067=CARTESIAN_POINT('',(-17.01785581483,55.7205459063574,33.7471546224474));
#11068=CARTESIAN_POINT('Origin',(-17.01785581483,55.7342560301544,32.7472486106113));
#11069=CARTESIAN_POINT('',(-17.01785581483,56.7229154000449,32.8974240091573));
#11070=CARTESIAN_POINT('Origin',(-17.01785581483,56.995422935291,31.1034076076967));
#11071=CARTESIAN_POINT('',(-17.01785581483,56.8433597459477,32.1044949922875));
#11072=CARTESIAN_POINT('Origin',(-17.01785581483,55.8547003760572,31.9543195937415));
#11073=CARTESIAN_POINT('',(-17.01785581483,55.9925141503496,30.9638614353047));
#11074=CARTESIAN_POINT('Origin',(-17.01785581483,41.0353219924698,28.8826961820928));
#11075=CARTESIAN_POINT('',(-17.01785581483,41.0353219924698,28.8826961820928));
#11076=CARTESIAN_POINT('Origin',(-17.01785581483,41.2765114738034,27.1492846755531));
#11077=CARTESIAN_POINT('',(-17.01785581483,41.556647726067,25.4217397421059));
#11078=CARTESIAN_POINT('Origin',(-17.01785581483,57.7402820388421,28.0460550792131));
#11079=CARTESIAN_POINT('',(-17.01785581483,56.7531760041043,27.8859873554716));
#11080=CARTESIAN_POINT('Origin',(-17.01785581483,56.9132437278458,26.8988813207339));
#11081=CARTESIAN_POINT('',(-17.01785581483,57.9003497625835,27.0589490444753));
#11082=CARTESIAN_POINT('Origin',(-17.01785581483,57.9184111207596,26.9475682161976));
#11083=CARTESIAN_POINT('',(-17.01785581483,57.9184111207596,26.9475682161976));
#11084=CARTESIAN_POINT('Origin',(-17.01785581483,56.6649259177116,26.4411379606901));
#11085=CARTESIAN_POINT('',(-17.01785581483,56.6649259177116,26.4411379606901));
#11086=CARTESIAN_POINT('Origin',(-17.01785581483,58.5172501395024,21.8563783062024));
#11087=CARTESIAN_POINT('',(-17.01785581483,53.6849222453413,20.807696640797));
#11088=CARTESIAN_POINT('Origin',(-17.01785581483,56.6403671434048,7.18899871588007));
#11089=CARTESIAN_POINT('',(-17.01785581483,56.6403671434048,7.18899871588007));
#11090=CARTESIAN_POINT('Origin',(-17.01785581483,57.3978056670995,1.48780362446439));
#11091=CARTESIAN_POINT('',(-17.01785581483,57.3978056670995,1.48780362446439));
#11092=CARTESIAN_POINT('Origin',(-17.01785581483,56.4205540978886,1.35796979594346));
#11093=CARTESIAN_POINT('',(-17.01785581483,55.4433025286777,1.22813596742252));
#11094=CARTESIAN_POINT('Origin',(-17.01785581483,54.623702800983,7.3972147748511));
#11095=CARTESIAN_POINT('',(-17.01785581483,54.623702800983,7.3972147748511));
#11096=CARTESIAN_POINT('Origin',(-17.01785581483,52.8431367509573,7.1606556791741));
#11097=CARTESIAN_POINT('',(-17.01785581483,51.089746325322,6.77078688131563));
#11098=CARTESIAN_POINT('Origin',(-17.01785581483,52.2963440099495,1.34425149443006));
#11099=CARTESIAN_POINT('',(-17.01785581483,52.2963440099495,1.34425149443006));
#11100=CARTESIAN_POINT('Origin',(-17.01785581483,50.694521448224,0.988084117070027));
#11101=CARTESIAN_POINT('',(-17.01785581483,49.0926989066943,0.631916648879223));
#11102=CARTESIAN_POINT('Origin',(-17.01785581483,48.5909489053214,2.88848001917838));
#11103=CARTESIAN_POINT('',(-17.01785581483,48.5909489053214,2.88848001917838));
#11104=CARTESIAN_POINT('Origin',(-17.01785581483,46.4520164599104,2.41288541742841));
#11105=CARTESIAN_POINT('',(-17.01785581483,46.3478968129417,4.60157939566347));
#11106=CARTESIAN_POINT('Origin',(-17.01785581483,9.78475952767825,2.86221291315243));
#11107=CARTESIAN_POINT('',(-17.01785581483,9.78475952767825,2.86221291315243));
#11108=CARTESIAN_POINT('Origin',(-17.01785581483,10.582218293922,-13.9011285923297));
#11109=CARTESIAN_POINT('Origin',(-17.01785581483,66.8042604390674,8.57688921499587));
#11110=CARTESIAN_POINT('',(-17.01785581483,50.0736421556384,49.5567838281959));
#11111=CARTESIAN_POINT('Origin',(-17.01785581483,50.4516191451417,48.6309688383597));
#11112=CARTESIAN_POINT('',(-17.01785581483,51.3859233949584,48.9874454417656));
#11113=CARTESIAN_POINT('Origin',(-17.01785581483,51.8642213667701,47.7338545371499));
#11114=CARTESIAN_POINT('Origin',(-2.01785581482998,49.0281534146391,13.3213072833113));
#11115=CARTESIAN_POINT('',(-2.01785581482998,47.8406739711843,18.7932156985232));
#11116=CARTESIAN_POINT('',(-2.01785581482998,48.7677425768492,14.5212811123885));
#11117=CARTESIAN_POINT('Origin',(-2.01785581482998,45.8359839130554,13.8850491285437));
#11118=CARTESIAN_POINT('',(-2.01785581482998,48.3724792130585,12.2831154242157));
#11119=CARTESIAN_POINT('Origin',(-2.01785581482999,44.9089153073891,18.1569837146784));
#11120=CARTESIAN_POINT('',(-2.01785581482999,44.4287121344961,21.118301818622));
#11121=CARTESIAN_POINT('Origin',(-2.01785581482998,47.0628618327442,10.209472600549));
#11122=CARTESIAN_POINT('',(-2.01785581482998,47.8968073705568,11.5299385670288));
#11123=CARTESIAN_POINT('Origin',(-2.01785581482999,47.2372635404219,21.5737325589273));
#11124=CARTESIAN_POINT('',(-2.01785581482999,39.6728036932778,20.3470904042099));
#11125=CARTESIAN_POINT('Origin',(-2.01785581482998,45.3603120705537,13.1318722713568));
#11126=CARTESIAN_POINT('',(-2.01785581482999,45.5028656204024,10.1352611044837));
#11127=CARTESIAN_POINT('Origin',(-2.01785581482999,39.1926005203849,23.3084085081535));
#11128=CARTESIAN_POINT('',(-2.01785581482999,36.2312824164406,22.8282053352599));
#11129=CARTESIAN_POINT('Origin',(-2.01785581483,13.2832068457414,8.60252079302735));
#11130=CARTESIAN_POINT('',(-2.01785581482999,20.8370642166519,8.96186977869991));
#11131=CARTESIAN_POINT('Origin',(-2.01785581482999,36.7114855893342,19.866887231317));
#11132=CARTESIAN_POINT('',(-2.01785581482999,35.8657422048603,25.0824196082491));
#11133=CARTESIAN_POINT('Origin',(-2.01785581482999,20.6945106668039,11.9584809455723));
#11134=CARTESIAN_POINT('',(-2.01785581482999,18.536491265788,14.0424560569493));
#11135=CARTESIAN_POINT('Origin',(-2.01785581482999,32.9044241009174,24.6022164353555));
#11136=CARTESIAN_POINT('',(-2.01785581482999,30.7464046999014,26.6861915467325));
#11137=CARTESIAN_POINT('Origin',(-2.01785581482999,34.9070248925451,30.9946398803841));
#11138=CARTESIAN_POINT('Origin',(0.982144185169928,24.3266205015904,39.9513362969072));
#11139=CARTESIAN_POINT('',(0.982144185169928,14.9946888593571,24.352538008707));
#11140=CARTESIAN_POINT('Origin',(17.98214418517,14.9946888593571,24.352538008707));
#11141=CARTESIAN_POINT('',(14.98214418517,14.9946888593571,24.352538008707));
#11142=CARTESIAN_POINT('Origin',(14.98214418517,24.3266205015904,39.9513362969072));
#11143=UNCERTAINTY_MEASURE_WITH_UNIT(LENGTH_MEASURE(0.01),#11147,
'DISTANCE_ACCURACY_VALUE',
'Maximum model space distance between geometric entities at asserted c
onnectivities');
#11144=UNCERTAINTY_MEASURE_WITH_UNIT(LENGTH_MEASURE(0.01),#11147,
'DISTANCE_ACCURACY_VALUE',
'Maximum model space distance between geometric entities at asserted c
onnectivities');
#11145=(
GEOMETRIC_REPRESENTATION_CONTEXT(3)
GLOBAL_UNCERTAINTY_ASSIGNED_CONTEXT((#11143))
GLOBAL_UNIT_ASSIGNED_CONTEXT((#11147,#11149,#11150))
REPRESENTATION_CONTEXT('','3D')
);
#11146=(
GEOMETRIC_REPRESENTATION_CONTEXT(3)
GLOBAL_UNCERTAINTY_ASSIGNED_CONTEXT((#11144))
GLOBAL_UNIT_ASSIGNED_CONTEXT((#11147,#11149,#11150))
REPRESENTATION_CONTEXT('','3D')
);
#11147=(
LENGTH_UNIT()
NAMED_UNIT(*)
SI_UNIT(.MILLI.,.METRE.)
);
#11148=(
LENGTH_UNIT()
NAMED_UNIT(*)
SI_UNIT($,.METRE.)
);
#11149=(
NAMED_UNIT(*)
PLANE_ANGLE_UNIT()
SI_UNIT($,.RADIAN.)
);
#11150=(
NAMED_UNIT(*)
SI_UNIT($,.STERADIAN.)
SOLID_ANGLE_UNIT()
);
#11151=SHAPE_DEFINITION_REPRESENTATION(#11152,#11153);
#11152=PRODUCT_DEFINITION_SHAPE('',$,#11155);
#11153=SHAPE_REPRESENTATION('',(#6547),#11145);
#11154=PRODUCT_DEFINITION_CONTEXT('part definition',#11159,'design');
#11155=PRODUCT_DEFINITION('Fusion','(\X2\672A4FDD5B58\X0\)',#11156,#11154);
#11156=PRODUCT_DEFINITION_FORMATION('',$,#11161);
#11157=PRODUCT_RELATED_PRODUCT_CATEGORY('(\X2\672A4FDD5B58\X0\)',
'(\X2\672A4FDD5B58\X0\)',(#11161));
#11158=APPLICATION_PROTOCOL_DEFINITION('international standard',
'automotive_design',2009,#11159);
#11159=APPLICATION_CONTEXT(
'Core Data for Automotive Mechanical Design Process');
#11160=PRODUCT_CONTEXT('part definition',#11159,'mechanical');
#11161=PRODUCT('Fusion','(\X2\672A4FDD5B58\X0\)','FreeCAD Model',(#11160));
#11162=PRESENTATION_STYLE_ASSIGNMENT((#11166));
#11163=PRESENTATION_STYLE_ASSIGNMENT((#11167));
#11164=PRESENTATION_STYLE_ASSIGNMENT((#11168));
#11165=PRESENTATION_STYLE_ASSIGNMENT((#11169));
#11166=SURFACE_STYLE_USAGE(.BOTH.,#11170);
#11167=SURFACE_STYLE_USAGE(.BOTH.,#11171);
#11168=SURFACE_STYLE_USAGE(.BOTH.,#11172);
#11169=SURFACE_STYLE_USAGE(.BOTH.,#11173);
#11170=SURFACE_SIDE_STYLE('',(#11174));
#11171=SURFACE_SIDE_STYLE('',(#11175));
#11172=SURFACE_SIDE_STYLE('',(#11176));
#11173=SURFACE_SIDE_STYLE('',(#11177));
#11174=SURFACE_STYLE_FILL_AREA(#11178);
#11175=SURFACE_STYLE_FILL_AREA(#11179);
#11176=SURFACE_STYLE_FILL_AREA(#11180);
#11177=SURFACE_STYLE_FILL_AREA(#11181);
#11178=FILL_AREA_STYLE('\X2\94A2\X0\ - \X2\7F0E5149\X0\',(#11182));
#11179=FILL_AREA_STYLE('ABS(\X2\767D8272\X0\)',(#11183));
#11180=FILL_AREA_STYLE('ABS(\X2\767D8272\X0\)',(#11184));
#11181=FILL_AREA_STYLE('ABS(\X2\767D8272\X0\)',(#11185));
#11182=FILL_AREA_STYLE_COLOUR('\X2\94A2\X0\ - \X2\7F0E5149\X0\',#11186);
#11183=FILL_AREA_STYLE_COLOUR('ABS(\X2\767D8272\X0\)',#11187);
#11184=FILL_AREA_STYLE_COLOUR('ABS(\X2\767D8272\X0\)',#11188);
#11185=FILL_AREA_STYLE_COLOUR('ABS(\X2\767D8272\X0\)',#11189);
#11186=COLOUR_RGB('\X2\94A2\X0\ - \X2\7F0E5149\X0\',0.627450980392157,0.627450980392157,
0.627450980392157);
#11187=COLOUR_RGB('ABS(\X2\767D8272\X0\)',0.796078431372549,0.796078431372549,
0.0392156862745098);
#11188=COLOUR_RGB('ABS(\X2\767D8272\X0\)',0.850980392156863,0.498039215686275,
0.12156862745098);
#11189=COLOUR_RGB('ABS(\X2\767D8272\X0\)',1.,1.,1.);
ENDSEC;
END-ISO-10303-21;
